account_id,has_loan,n_transactions,mean_amount,std_amount,max_amount,mean_balance,std_balance,net_flow,withdrawal_ratio,tenure_days,days_since_last_transaction,transactions_per_month,n_standing_orders,total_order_amount,has_card
576,0,358,2445.863966480447,2541.4506306488984,12500.0,28105.38519553073,8235.318192093027,35550.899999999994,0.5949720670391061,2190,0,4.976036529680366,1.0,3662.0,0
3818,0,560,4916.421785714286,6383.578769700422,38080.0,46475.51946428571,11855.393623036456,62199.799999999996,0.725,2190,0,7.783744292237444,3.0,9135.0,0
704,0,479,5584.319832985387,7554.4337643451345,37800.0,35043.13256784969,11199.24235584916,81680.80000000002,0.6951983298538622,2190,0,6.657881278538813,2.0,3338.0,0
2378,0,435,12220.620459770116,14324.983737822055,63900.0,54666.0291954023,26473.5913298952,448821.89999999997,0.5402298850574713,2190,0,6.046301369863015,1.0,9612.0,0
2632,0,564,3893.8333333333335,5274.809397435863,21396.0,34629.72925531915,9834.525545996707,62959.59999999999,0.7411347517730497,2189,0,7.8429237094563735,3.0,4383.0,0
1972,0,369,2039.438753387534,1993.9744150487727,5950.0,22721.99024390244,4338.340481176078,23740.499999999996,0.6070460704607046,2189,0,5.131274554591138,1.0,2736.0,0
1539,0,452,8040.973230088495,10579.485855951998,61500.0,22393.436725663716,23219.128342618213,538625.5,0.5995575221238938,2188,0,6.2883363802559415,0.0,0.0,0
793,0,497,975.2603621730383,1153.239015763035,4900.0,23180.81670020121,5243.737875535093,19396.0,0.7082494969818913,2188,0,6.9143875685557585,3.0,2267.0,0
2484,0,608,3786.0184210526318,5613.835930953102,24300.0,30445.759703947366,8973.695618969681,43644.799999999996,0.7582236842105263,2188,0,8.458647166361974,4.0,4870.0,0
1695,0,459,13701.464052287582,14688.298587557445,64000.0,67113.99477124184,31337.680767698526,660605.2,0.4793028322440087,2188,0,6.385722120658135,1.0,14658.0,1
1726,0,602,3705.9908637873755,5325.869956599445,31840.0,26692.436212624583,7745.740481709994,34244.1,0.7441860465116279,2188,0,8.375173674588666,4.0,6709.0,0
2881,0,422,3300.175355450237,3709.827076404759,38560.0,37817.53578199052,12552.024919692576,52611.6,0.5687203791469194,2187,0,5.873653406492912,1.0,4639.0,0
2357,0,357,2532.15406162465,2734.288144417841,14550.0,23697.501680672267,5656.636008234934,38296.6,0.5938375350140056,2187,0,4.968943758573388,1.0,3869.0,0
2177,0,348,2066.733908045977,2066.310900582752,7700.0,22117.447988505748,5005.037957077117,32458.999999999996,0.5833333333333334,2187,0,4.843676268861454,1.0,3168.0,0
485,0,605,9169.314214876033,12186.585750300756,63800.0,49558.06033057851,26164.990047068488,836475.1,0.6264462809917355,2187,0,8.420759030635574,4.0,15213.6,0
652,0,400,5546.75625,5928.00350363922,37600.0,46711.33575,11599.084571099393,68450.09999999999,0.6025,2186,0,5.569990850869167,1.0,7591.0,0
9635,0,414,1555.5135265700483,1894.0162477373572,14450.0,7298.536231884058,3924.254830168158,6921.599999999996,0.48792270531400966,2186,0,5.7649405306495884,0.0,0.0,0
1844,0,321,1375.1950155763238,1374.6876506956326,6840.0,30232.126791277256,9331.824253430028,43525.2,0.5482866043613707,2185,0,4.47196338672769,1.0,2161.0,0
1926,0,447,1820.962192393736,1912.8074003964243,8500.0,19960.93087248322,4592.104086748151,22197.700000000004,0.6174496644295302,2185,0,6.227313501144166,2.0,3004.0,0
2393,0,416,4089.388701923077,4383.990188219196,22720.0,30810.284375000003,6451.636973785355,48061.299999999996,0.6346153846153846,2184,0,5.798095238095239,2.0,5545.0,0
3510,0,400,14048.308500000001,15929.349182228107,61400.0,65534.71075,28558.471289011126,1052029.8,0.4625,2184,0,5.575091575091576,0.0,0.0,0
1276,0,551,2174.7994555353903,2639.7596550408757,10880.0,28540.22377495463,6171.843542440217,22800.1,0.6805807622504537,2184,0,7.679688644688645,3.0,4516.0,0
1637,0,426,1884.7558685446008,2083.3424851258096,9000.0,21918.15539906103,4745.528881094308,34367.59999999999,0.6596244131455399,2183,0,5.940192395785616,2.0,3343.0,0
3871,0,422,1370.8035545023697,1580.5186456586798,5000.0,34513.25,8156.135487196047,59739.899999999994,0.6706161137440758,2183,0,5.884415941365094,2.0,1658.0,0
192,0,349,2339.701146131805,2384.902595639566,13450.0,26035.695128939828,5880.685128960904,29946.5,0.6017191977077364,2183,0,4.866495648190564,1.0,3583.0,0
764,0,359,2450.859888579387,2521.3687405045066,14200.0,24556.493036211697,5129.37492162811,21491.5,0.6128133704735376,2183,0,5.005936784241869,1.0,2360.0,0
2087,0,380,10399.886578947368,12860.85664977337,63700.0,52858.83342105263,28566.439135522243,704936.9,0.4921052631578947,2183,0,5.298763169949611,1.0,4619.9,0
2122,0,470,11810.152765957446,13844.979200007429,63500.0,60335.073404255316,28536.806716914645,621818.2,0.5382978723404256,2183,0,6.553733394411361,1.0,7663.0,0
3592,0,351,2443.5116809116807,2525.578180887982,14750.0,22863.32621082621,5310.96603908201,21076.199999999993,0.5868945868945868,2183,0,4.894383875400825,1.0,3360.0,0
3487,0,469,5282.455223880597,6399.783442660235,30880.0,47948.91620469083,15663.577049990088,80705.09999999999,0.67590618336887,2183,0,6.539789280806231,2.0,8275.0,0
435,0,339,2072.714749262537,2113.447024130362,12150.0,23390.226548672566,5611.6488112314055,27135.100000000002,0.5899705014749262,2183,0,4.727054512139258,1.0,3189.0,0
1730,0,372,2438.393548387097,2719.8969457965527,14850.0,40182.326344086025,13834.096978004178,67163.20000000001,0.6209677419354839,2182,0,5.189587534372135,1.0,1978.0,0
1493,0,411,1740.1535279805353,2096.1417624411088,12750.0,18807.97518248175,4240.070146971179,17536.7,0.6472019464720195,2182,0,5.7336571952337305,2.0,2315.0,0
374,0,371,9642.863072776281,10509.107225547998,63900.0,45743.13665768194,17358.964741232558,695975.0,0.5202156334231806,2182,0,5.175637030247479,0.0,0.0,0
2925,0,385,2769.9636363636364,2824.1229457452205,16700.0,26564.082077922078,6343.496913819811,32687.600000000002,0.5818181818181818,2181,0,5.373406694176983,1.0,4297.0,0
866,0,628,3149.5936305732484,4737.529442375598,28100.0,35352.200796178346,8043.677367231823,60554.4,0.7579617834394905,2181,0,8.764933516735443,4.0,4851.0,0
1628,0,332,1831.2487951807227,1792.5583028769363,9500.0,18052.445481927713,3448.1072461798167,19838.199999999997,0.5632530120481928,2181,0,4.6336909674461255,1.0,2850.0,0
2379,0,485,1722.0317525773196,2346.3959353959394,18600.0,21080.87443298969,6166.322715413616,30354.199999999997,0.6865979381443299,2181,0,6.769096744612563,3.0,3381.0,0
1979,0,358,1179.3265363128492,1203.9310015149113,3900.0,19843.02122905028,3270.458300368624,19783.7,0.611731843575419,2180,0,4.998862385321101,1.0,2014.0,0
346,0,419,7306.8486873508355,8196.89031103069,40320.0,47816.739140811456,14368.793057976794,51752.4,0.6515513126491647,2180,0,5.85062385321101,1.0,7875.0,0
1338,0,592,8094.232601351352,12420.53835307081,61500.0,53588.811148648645,28249.81584466717,780963.3,0.643581081081081,2180,0,8.266275229357799,3.0,5599.0,0
1909,0,486,925.3777777777777,1106.6438397616796,4950.0,18674.53559670782,3261.91725632672,14968.399999999998,0.7139917695473251,2179,0,6.789279486002754,3.0,2127.0,0
2099,0,393,12391.730279898218,14449.708946128665,58700.0,65657.49440203562,29338.89168471117,1007809.4,0.4631043256997455,2179,0,5.490096374483708,0.0,0.0,1
3760,0,391,13910.277493606138,15913.720820250577,62600.0,55244.09948849105,27967.66913298832,604362.1,0.47570332480818417,2178,0,5.464664830119376,1.0,2947.8,0
5270,1,462,15016.13225108225,18678.661145043126,67124.0,65773.39761904762,22914.674449798167,1082480.7,0.5995670995670995,2178,0,6.456969696969697,1.0,3317.0,0
1699,0,405,1796.5953086419752,2073.5139476601794,5550.0,19631.234814814812,4301.361816124702,26285.9,0.6567901234567901,2177,0,5.662930638493339,2.0,3482.0,0
3909,0,556,6715.799999999999,9192.518772014439,36600.0,45497.171942446046,11347.904319807236,55669.600000000006,0.7410071942446043,2177,0,7.774294901240239,3.0,9609.0,1
2926,0,620,2744.296935483871,3993.2016255587923,30880.0,39803.32596774194,8501.042519661065,44250.899999999994,0.7532258064516129,2177,0,8.669177767570051,4.0,4008.0,0
1731,0,342,1924.7175438596491,1901.8779404102588,8650.0,21682.745029239766,5021.367527220149,29392.2,0.5935672514619883,2177,0,4.782030316949931,1.0,2631.0,0
11265,1,484,2654.785950413223,2981.122795177418,17920.0,22010.178305785124,5275.709336766963,27391.2,0.6528925619834711,2177,0,6.767551676619201,3.0,7512.0,0
2519,0,374,2016.43743315508,2318.5116090102097,14300.0,29185.15080213904,9114.93653175056,50254.4,0.6256684491978609,2176,0,5.231875,1.0,1599.0,0
10364,1,487,4808.485831622177,6329.92512198873,57100.0,46258.301437371665,17066.306672417857,50991.4,0.6735112936344969,2174,0,6.818896044158234,2.0,6871.0,0
1481,0,348,1243.605459770115,1253.4710727648603,4290.0,18128.67988505747,3291.2921045307385,19367.5,0.6005747126436781,2174,0,4.8726402943882245,1.0,2065.0,0
401,0,441,4467.593650793651,6100.156389262461,60900.0,31682.38820861678,12877.352795957038,37755.600000000006,0.671201814058957,2173,0,6.177653014265992,2.0,5369.0,0
4034,0,358,2814.893854748603,4441.555642604139,43520.0,38972.20810055866,17483.534774979486,74888.79999999999,0.5083798882681564,2173,0,5.014965485503912,0.0,0.0,1
2330,0,399,1179.3275689223058,1377.5125719102189,7950.0,19424.72030075188,3349.3847015922474,22462.5,0.6516290726817042,2172,0,5.5918784530386745,2.0,2263.0,0
1806,0,349,2033.458452722063,2020.7412529140472,9650.0,22783.865902578797,4360.040326564081,17461.800000000003,0.6017191977077364,2172,0,4.891141804788214,1.0,2552.0,0
3834,1,665,3333.554135338346,4760.772601020889,24000.0,24129.707067669173,8158.822915151941,30658.29999999999,0.762406015037594,2172,0,9.319797421731124,5.0,8861.0,0
1222,0,367,2440.9531335149863,2692.99438449124,14300.0,32684.818528610354,6919.314928125023,20078.599999999995,0.6212534059945504,2171,0,5.145776140027637,1.0,1727.0,0
212,0,432,17636.81111111111,19427.996615741646,74385.0,58325.01388888889,22801.334504530863,1235930.4000000001,0.5694444444444444,2171,0,6.057153385536619,1.0,13841.0,1
456,0,387,18962.825322997418,21435.94950225176,71746.0,64888.39483204135,25656.933309903456,868486.2,0.5452196382428941,2170,0,5.428700460829493,1.0,4783.1,1
459,0,49,1704.0816326530612,2035.9231304735645,13400.0,17059.183673469386,6126.272601377982,8100.0,0.5510204081632653,2170,670,0.6873548387096774,0.0,0.0,0
772,0,558,6562.410035842294,9510.46885259988,36014.0,59372.82043010753,14641.77057964204,72717.60000000002,0.7437275985663082,2170,0,7.827428571428571,3.0,5165.0,0
1019,0,557,5475.695152603232,7293.1558531551855,29619.0,40002.86912028726,10979.424739357257,56756.99999999999,0.7342908438061041,2170,0,7.813400921658986,3.0,9364.0,1
11295,0,563,5116.963943161634,7117.702074018023,47200.0,55132.83037300178,24175.092550311783,103757.09999999999,0.6003552397868561,2170,0,7.897566820276498,0.0,0.0,0
2970,0,298,4968.545637583893,5310.868630893683,26400.0,32240.13087248322,7565.083602804897,44179.40000000001,0.5201342281879194,2169,18,4.182166897187645,0.0,0.0,0
2676,0,547,4282.076599634369,5712.7837826002815,22894.5,36429.63638025594,8816.657333653075,58126.700000000004,0.7276051188299817,2169,0,7.676662056247119,3.0,5197.0,0
1536,0,427,10114.15362997658,10689.0285453141,56400.0,39883.166744730675,15194.253457998077,1019855.6,0.5152224824355972,2169,0,5.992568003688336,1.0,13204.0,0
1179,0,332,1783.3786144578312,1711.1699051304213,4212.0,17679.450602409637,3546.760104901611,17578.5,0.5813253012048193,2168,0,4.661476014760148,1.0,2808.0,0
280,0,481,3935.738045738046,4368.02588522401,18064.5,32434.17089397089,9623.019201638812,65518.8,0.6694386694386695,2168,0,6.753523985239853,3.0,8985.0,0
2425,0,411,3558.2255474452554,3644.8165500430464,13357.5,27543.352554744528,6527.794041340311,23151.500000000004,0.5961070559610706,2168,0,5.770682656826569,1.0,5936.0,0
9307,1,649,7649.525423728814,11424.861038613166,63100.0,58766.802619414484,28882.75562796264,1030670.7999999999,0.5377503852080123,2167,0,9.116548223350254,3.0,10880.5,0
4055,0,349,8951.174785100287,9877.319707736771,30421.5,37752.896848137534,13850.039937926007,26992.80000000001,0.5873925501432665,2167,0,4.90242731887402,0.0,0.0,0
5065,0,373,10586.615549597855,13230.860239804568,59800.0,39954.78927613941,29196.037404689247,809469.8,0.48525469168900803,2167,0,5.239556991232118,1.0,1541.3,0
3704,0,369,2329.90054200542,2436.634136980706,12050.0,27503.214092140923,7337.352860321372,42722.1,0.6205962059620597,2167,0,5.183368712505769,1.0,3046.0,0
477,0,543,4616.341068139964,6646.516211386082,24588.0,39776.70497237569,10609.492995429497,43754.000000000015,0.7348066298342542,2166,0,7.631080332409972,3.0,3377.0,0
5891,1,464,11066.266379310344,13081.565804157393,57600.0,70233.5125,27064.006713234663,1178245.2,0.5862068965517241,2166,0,6.520849492151431,1.0,5432.3,1
1000,0,584,8184.491267123289,11288.897907740977,47022.0,57893.06232876712,18120.685108445432,1152611.7,0.6712328767123288,2166,0,8.207276084949216,3.0,7506.0,0
1750,0,490,7971.983265306122,10259.007236851548,64900.0,62245.446734693876,22376.023788453378,88148.59999999998,0.6938775510204082,2165,0,6.889422632794457,2.0,9545.0,1
2023,0,610,5849.113278688525,8582.615504133559,44640.0,53188.97163934426,17066.15490314365,95837.9,0.7622950819672131,2165,0,8.57662817551963,4.0,8631.0,0
6473,1,473,11575.646088794925,13482.09233460143,57100.0,46888.42093023256,24757.090905371493,1248733.8,0.5306553911205074,2165,0,6.650401847575058,1.0,6408.8,0
1649,0,188,4212.0244680851065,9976.731391514735,48442.0,27362.37340425532,15647.110054036788,19717.399999999994,0.5106382978723404,2165,0,2.6432886836027714,0.0,0.0,1
2670,0,432,8657.429166666667,10630.061709022018,52100.0,43045.52199074074,15796.164514997787,39634.2,0.6689814814814815,2164,0,6.076746765249538,2.0,8732.0,1
1127,0,412,8688.91432038835,10076.141224335966,61100.0,62633.944660194175,18095.082978386465,52465.49999999999,0.6504854368932039,2164,0,5.795415896487986,1.0,6260.0,1
163,0,434,2144.0523041474653,2394.565476954898,9050.0,27620.755990783407,5821.820711756502,37539.5,0.6751152073732719,2164,0,6.104879852125694,2.0,3728.0,0
2566,0,80,1792.5849999999998,1694.9759592858425,10700.0,14369.767499999998,6385.031346805579,6006.8,0.425,2164,34,1.1253234750462109,0.0,0.0,0
9,0,361,1929.1803324099722,4993.056446765282,45691.0,26625.33047091413,11555.437144376001,23877.7,0.4930747922437673,2164,0,5.078022181146027,0.0,0.0,0
1144,0,349,1333.3805157593122,1351.292910605046,5220.0,18602.885673352434,3988.5714068658376,24302.6,0.6017191977077364,2163,0,4.911493296347666,1.0,2250.0,0
2902,0,479,6472.29770354906,8143.223080400689,30320.0,37695.76847599165,12466.704970456542,41643.399999999994,0.6993736951983298,2163,0,6.740989366620435,2.0,6290.0,0
4296,0,355,8104.039718309859,9271.857306053273,42240.0,50390.55774647887,13391.271636889282,46966.89999999999,0.5943661971830986,2163,0,4.995931576514101,0.0,0.0,1
443,0,455,934.8432967032967,1138.1853922688204,7230.0,22156.903956043956,3288.873818650751,22230.500000000004,0.6945054945054945,2163,0,6.403236245954693,3.0,2038.0,0
3693,0,416,6204.050721153846,7380.832672971875,59900.0,54516.16923076923,28885.398194462217,99453.90000000001,0.6105769230769231,2162,0,5.857095282146162,1.0,8992.0,0
2070,0,410,4765.503658536585,5122.166009460325,20960.0,38609.42902439024,12186.016701607003,69585.3,0.6024390243902439,2162,0,5.772617946345976,1.0,8092.0,0
1843,1,462,5983.6296536796535,6667.426745850899,26448.0,35669.358225108226,11907.37146932569,307727.3,0.6428571428571429,2161,0,6.50776492364646,2.0,9932.7,1
2714,0,361,2812.963157894737,6592.662964711434,49285.0,28285.8811634349,11098.49767168861,17923.30000000001,0.5207756232686981,2161,0,5.085071726052753,0.0,0.0,0
4078,0,321,11153.5476635514,11855.820712378576,35604.0,65115.53582554517,20453.347403316253,117561.6,0.5545171339563862,2161,0,4.521628875520593,0.0,0.0,1
1675,0,347,1746.5755043227664,1818.527452229918,13500.0,22494.534582132565,4282.555064905191,23494.500000000004,0.5878962536023055,2159,0,4.892394627142196,1.0,2125.0,0
5868,0,372,11865.731989247312,14326.002586517987,64400.0,50447.65376344086,35256.74355549919,995983.5,0.4112903225806452,2158,0,5.247303058387396,1.0,1762.0,0
1805,0,386,9526.48756476684,12700.38608264979,58000.0,64706.4774611399,26742.38357002945,801315.0,0.5233160621761658,2158,0,5.444782205746062,2.0,5803.0,0
2434,0,360,2210.2638888888887,2318.1471560444033,19200.0,18534.290277777778,4545.156988158746,19549.800000000003,0.5305555555555556,2158,0,5.0780352177942545,1.0,2927.0,0
3007,0,600,5730.4275,8580.06027835629,40100.0,41469.7005,12961.322077144077,45869.29999999998,0.76,2158,0,8.46339202965709,4.0,8981.0,0
2574,0,419,5709.122673031026,6818.811133194587,59500.0,49900.7861575179,26226.089471122446,108723.2,0.5918854415274463,2158,0,5.910268767377202,1.0,9546.0,0
862,0,446,15189.118609865473,18770.026852529118,66500.0,70732.06031390134,25286.058378001548,598838.9,0.6322869955156951,2158,0,6.291121408711771,1.0,3122.0,1
1132,0,414,17841.643236714976,20334.852507379816,72147.0,67311.0922705314,25301.29408798626,1208680.3,0.538647342995169,2157,0,5.842447844228095,0.0,0.0,1
4484,0,387,12335.5669250646,15252.519835545923,62100.0,60494.26227390181,29967.069367927,551649.6,0.5090439276485789,2157,0,5.461418636995828,0.0,0.0,0
943,0,347,1275.6809798270892,1330.5436333810433,8670.0,20619.32190201729,4155.349946885294,27138.1,0.5878962536023055,2157,0,4.8969309225776545,1.0,2144.0,0
3514,0,351,1340.5230769230768,1408.9537809544834,8820.0,20431.43247863248,4765.613966654317,24672.399999999998,0.5925925925925926,2157,0,4.953379694019472,1.0,2266.0,0
3983,0,318,7006.98176100629,7399.329600669972,27300.0,38408.09213836478,10222.691479261168,47292.999999999985,0.550314465408805,2156,0,4.489758812615956,0.0,0.0,0
9265,1,643,8694.947433903577,12121.509497582134,64400.0,64095.10544323483,26746.272244231957,381297.4,0.5692068429237948,2156,0,9.07834879406308,3.0,16808.3,1
465,0,370,5695.951891891892,5806.383121166402,19178.0,25612.64675675676,9088.910880266889,80291.00000000001,0.5324324324324324,2156,0,5.2239332096474955,2.0,12404.5,0
982,0,599,1507.6938230383973,2059.7324496056362,16800.0,26431.161268781303,7279.810815403278,21159.4,0.7011686143572621,2155,0,8.461048723897912,4.0,3033.0,0
411,0,416,6833.171634615384,7520.0900577895845,32640.0,47322.031490384616,14226.244065427187,69204.20000000001,0.6466346153846154,2155,0,5.8761206496519724,1.0,8499.0,1
890,0,380,2967.5907894736843,3188.0905769443716,23100.0,25155.292894736845,6490.8844840884885,34653.299999999996,0.5947368421052631,2155,0,5.367610208816705,1.0,3136.0,0
627,0,426,7955.6507042253525,8886.94997139259,33524.0,54594.144366197186,15869.082093579962,100083.99999999997,0.6596244131455399,2155,0,6.017373549883991,2.0,8782.0,0
2429,0,476,4769.443277310925,5839.869131267724,29600.0,50318.71554621849,14113.167911656856,52136.99999999999,0.680672268907563,2154,0,6.726759517177344,2.0,7155.0,0
3960,0,336,1965.6360119047617,1896.6823353205937,4807.0,22607.37083333333,4535.520326059845,25427.7,0.5922619047619048,2154,0,4.748300835654596,1.0,3204.0,0
2256,0,339,1968.6321533923306,1977.4010111292985,12500.0,18930.952507374634,3828.3459380104323,16675.100000000002,0.5781710914454278,2154,0,4.790696378830083,1.0,3152.0,0
8051,1,416,9533.832451923077,10959.46132014432,39060.0,41532.318750000006,14185.248860382148,762134.3,0.5865384615384616,2153,0,5.88157919182536,1.0,4340.0,0
2647,0,427,4821.835128805621,5951.666501336348,58300.0,51734.38735362997,24671.00766589573,104800.40000000001,0.6065573770491803,2152,0,6.039907063197027,1.0,5303.0,0
2241,0,541,3369.257486136784,4494.545927879573,19680.0,41584.647689463956,14291.732418242642,63990.3,0.6987060998151571,2152,0,7.6524349442379185,3.0,7016.0,0
5622,1,565,9277.94831858407,12406.55368798794,64400.0,61408.269380530975,22792.481626610956,544245.2,0.6495575221238938,2152,0,7.991914498141265,3.0,13818.3,1
2884,0,405,2796.3501234567902,2940.4413432174106,23360.0,46009.01333333333,22559.354222261445,105066.59999999999,0.5432098765432098,2152,0,5.7287174721189595,1.0,3854.0,0
1830,0,360,4943.635,5197.166008369248,28300.0,25956.883333333335,8221.595047106568,39946.6,0.5916666666666667,2152,0,5.092193308550186,1.0,7692.0,0
7753,1,500,12693.2464,15913.326029132506,63900.0,58674.8068,29272.51701496229,656947.6,0.556,2152,0,7.072490706319703,1.0,2153.8,1
244,0,547,1264.184643510055,1584.7954697602272,10100.0,39882.67440585009,12489.028534540206,52095.0,0.680073126142596,2152,0,7.737304832713756,3.0,2648.0,1
1477,0,345,1267.3220289855071,1305.8480225515084,7300.0,17438.117101449276,3861.6168689984556,21718.9,0.5855072463768116,2152,0,4.8800185873605955,1.0,2100.0,0
4240,0,362,11832.463535911602,12965.525833765296,75600.0,38776.02044198895,21260.120516391537,881253.8,0.49171270718232046,2152,23,5.120483271375465,0.0,0.0,0
1006,0,613,1055.6569331158237,1435.5407880955538,11300.0,34700.51256117455,8407.67277450732,50207.700000000004,0.7096247960848288,2152,0,8.670873605947955,4.0,2491.0,0
830,0,318,7878.7245283018865,8516.352375607546,35040.0,56565.02924528302,12752.55089291541,57616.39999999999,0.5534591194968553,2152,0,4.498104089219331,0.0,0.0,1
9188,1,605,3242.9128925619834,4793.542470078827,19065.0,29452.268925619832,7145.988758257231,116432.29999999999,0.6247933884297521,2152,0,8.55771375464684,4.0,10591.3,0
1965,0,441,10712.820408163265,12419.890027089274,63700.0,50126.1560090703,27018.42315620814,625341.8,0.5532879818594104,2152,0,6.237936802973978,1.0,9541.0,0
1134,0,454,4071.996035242291,4584.609864368078,17955.0,23387.438766519823,7426.124409869246,39442.2,0.6696035242290749,2151,0,6.424807066480707,2.0,7980.0,0
1601,0,326,1718.5858895705521,1633.6424626583023,4150.0,20668.061349693253,3435.3450731400653,17973.0,0.5797546012269938,2151,0,4.613407717340772,1.0,2694.0,0
2861,0,369,2222.2517615176153,2267.8329756604235,10700.0,23717.717886178863,5625.277702647887,21096.900000000005,0.6287262872628726,2150,0,5.224353488372093,1.0,2613.0,0
813,1,392,4903.936479591837,5660.538612170038,24322.0,36158.39897959184,8330.04894853636,478799.1,0.5586734693877551,2150,0,5.549990697674419,1.0,2025.7,0
2585,0,338,6809.583431952663,7582.011503303276,40160.0,28320.666272189348,16662.104632669183,29111.000000000004,0.5828402366863905,2150,0,4.7854511627906975,0.0,0.0,0
2220,0,361,2378.313296398892,2468.7431089615084,16600.0,21992.537950138503,5402.534154956581,16337.1,0.6204986149584487,2150,0,5.111088372093024,1.0,2783.0,0
2763,0,462,13579.851515151517,14973.922698616814,64500.0,54337.90822510823,27396.18560549665,756153.4,0.5432900432900433,2149,0,6.544104234527687,2.0,13671.2,0
2342,0,343,1279.0160349854227,1314.1279514392133,5340.0,22259.567346938773,4155.006066157772,28616.5,0.6005830903790087,2149,0,4.858501628664495,1.0,2164.0,0
1944,0,411,6611.091484184915,7252.041473261367,26970.0,37740.52895377129,10086.049586103096,55690.59999999999,0.6472019464720195,2148,0,5.82441340782123,1.0,6741.0,1
1966,0,423,7418.962411347518,8575.448693392962,42400.0,41185.55082742317,12234.722852397177,62865.900000000016,0.6595744680851063,2148,0,5.994469273743017,1.0,5569.0,0
1801,1,633,7506.822274881517,10607.03812110416,54300.0,43499.76856240127,26996.625915935794,636000.9,0.6682464454976303,2147,0,8.974625058220774,4.0,13152.0,0
2543,0,378,2157.490740740741,2355.159907751732,11700.0,42138.17962962963,16013.113164629109,84304.3,0.6216931216931217,2147,0,5.359254774103401,1.0,2145.0,0
2293,0,354,2590.3505649717513,3462.384440159499,42300.0,25930.601694915254,8423.365672979759,43746.1,0.6101694915254238,2147,0,5.018984629715883,1.0,2332.0,0
11013,1,571,11166.87180385289,15188.375566712248,63366.0,56912.551663747814,19859.989652064665,1007755.8,0.691768826619965,2146,0,8.09936626281454,3.0,14834.0,1
2423,0,419,1867.7556085918854,2006.3969216750165,5671.0,18449.05369928401,4944.5660094514315,22641.600000000002,0.6730310262529833,2146,0,5.94331780055918,2.0,2811.0,0
142,0,349,1802.6429799426935,1793.7285692061937,6200.0,22251.56045845272,3409.384125593035,22244.4,0.6074498567335244,2145,0,4.952708624708625,1.0,1845.0,0
3424,0,562,8357.655338078292,11514.301771280921,64700.0,61512.616370106756,24213.42948595359,1243965.5,0.604982206405694,2144,0,7.979141791044776,4.0,10085.0,0
539,0,353,11613.286968838527,13996.382572539062,62300.0,52795.31388101983,28305.720384220298,540074.7,0.5070821529745042,2144,0,5.011809701492537,0.0,0.0,1
979,0,404,6689.489356435644,7451.678986125783,26871.0,35852.83415841584,9486.443837249653,44327.69999999999,0.6485148514851485,2144,0,5.735895522388059,1.0,5354.0,0
3554,0,425,2329.5995294117647,6597.623059999671,46550.0,29405.80023529412,12802.726144862809,31294.199999999997,0.44,2144,0,6.034048507462686,0.0,0.0,0
3545,0,379,8030.916622691293,8406.920068925656,30304.0,38404.30422163589,11147.76005015131,54599.40000000001,0.6253298153034301,2143,0,5.383462435837612,1.0,7358.0,0
3047,0,345,1380.6936231884058,1462.6669173540538,8640.0,20260.080579710146,3360.582393255691,21989.3,0.6028985507246377,2143,0,4.900513299113393,1.0,2316.0,0
3374,0,369,9872.053929539295,14065.329667170507,61500.0,35484.29972899729,35520.60053106698,202088.09999999998,0.6639566395663956,2143,0,5.241418572095195,0.0,0.0,0
96,0,661,10211.556732223904,16726.758781882305,67500.0,75665.4139183056,25166.0280547321,1110617.0,0.7246596066565809,2142,0,9.393482726423905,5.0,8160.1,1
461,0,394,2140.3571065989845,2341.923425858104,9500.0,39952.19467005076,11695.267390366063,74262.7,0.649746192893401,2142,0,5.599140989729226,1.0,1530.0,0
3593,0,471,5048.028874734608,6133.172630294559,23680.5,33842.115286624205,9723.864300118932,50411.59999999999,0.6985138004246284,2142,0,6.693389355742298,2.0,5510.0,0
3026,0,383,8132.114099216711,9649.077209168338,63900.0,39885.37832898172,15626.462622392555,68293.7,0.6266318537859008,2142,0,5.442819794584501,1.0,8024.0,0
1054,0,403,3729.1037220843673,4019.7691502008556,18560.0,28578.439205955336,6482.487675786029,24418.800000000003,0.6277915632754343,2141,0,5.729715086408221,1.0,4736.0,0
2433,0,352,1779.1286931818183,1910.225735053574,12800.0,30058.515909090907,7786.481364034245,51711.3,0.6079545454545454,2141,0,5.0046146660439055,1.0,1757.0,0
3691,0,349,2585.7934097421203,2577.4671966957508,10900.0,23190.041833810887,4580.313358259904,26219.899999999998,0.6045845272206304,2141,0,4.9619617001401215,1.0,3267.0,0
3787,0,413,7591.8050847457625,8881.616806167687,31425.0,49788.19079903148,12707.776271834986,81793.5,0.6561743341404358,2141,0,5.871891639420832,2.0,6360.0,0
128,0,399,2042.2804511278196,4611.854362011099,38879.0,43410.6290726817,15148.269959350599,74713.5,0.47869674185463656,2141,0,5.672844465203177,0.0,0.0,1
3168,0,364,2360.7398351648353,2418.138891298407,10250.0,26700.841208791207,5643.108952580468,39227.299999999996,0.6236263736263736,2140,0,5.177644859813085,1.0,3292.0,0
4937,1,560,9248.266785714286,12881.105356208765,64700.0,56720.97285714286,25913.02759595948,701994.2,0.6410714285714286,2140,0,7.9656074766355145,3.0,9483.2,0
2124,0,476,6745.301890756303,8695.481466003905,37600.0,51403.597268907564,14847.199539920086,80991.70000000001,0.7016806722689075,2140,0,6.770766355140187,2.0,5494.0,1
322,0,399,6337.480200501253,6810.6259006737855,24969.0,32810.61528822055,9849.826625481901,35336.6,0.6390977443609023,2140,0,5.675495327102804,1.0,6550.0,0
4355,0,408,2506.014215686275,5930.526888989367,43825.0,26663.269362745097,11311.734117639726,18168.199999999986,0.4264705882352941,2139,0,5.806227208976157,0.0,0.0,0
1678,0,479,7255.652400835073,9543.153179690404,34674.0,44794.42400835073,13680.806796362616,66459.5,0.7056367432150313,2138,0,6.819812909260992,2.0,4730.0,1
2396,0,318,1818.6720125786162,1807.7787244385975,10700.0,22915.984591194967,4140.191018077017,23163.7,0.5691823899371069,2138,0,4.52755846585594,1.0,2548.0,0
1005,0,420,12712.258333333333,14396.086472630273,58000.0,69621.10261904763,24391.132731397232,709576.5,0.5857142857142857,2137,0,5.9825924192793645,2.0,11198.0,0
697,0,399,8270.332330827068,9366.971969141669,42560.0,54673.20877192983,16345.654747944269,99804.60000000002,0.6416040100250626,2137,0,5.6834627983153965,1.0,6372.0,0
925,0,372,7498.034677419355,8019.117317562908,27750.0,44084.30510752688,12382.471407468141,57630.89999999999,0.6182795698924731,2137,0,5.298867571361723,2.0,6463.0,0
2110,0,320,1326.35375,1292.547117669817,4500.0,21996.4115625,4117.126253572946,19215.2,0.571875,2137,0,4.558165652784278,1.0,2050.0,0
1366,0,534,2379.6546816479404,2984.3548933122806,11439.0,26990.048876404493,5435.380041077734,23589.600000000002,0.6872659176029963,2136,0,7.61,3.0,5084.0,0
1050,0,421,9041.680997624704,10213.851954155198,37976.0,47693.30641330166,17962.04749915331,814857.7,0.5985748218527316,2136,0,5.999644194756555,1.0,5673.0,0
3117,0,333,2228.554054054054,2147.4594298922657,5355.0,20170.858258258257,3578.8674852131967,19910.5,0.5885885885885885,2136,0,4.745561797752809,1.0,3570.0,0
562,0,441,2900.374603174603,6012.9214729567575,49169.0,35228.22517006803,13121.45322566779,65208.799999999996,0.4557823129251701,2135,0,6.28760655737705,0.0,0.0,0
5369,0,358,2710.3832402234634,3317.1003874285348,28200.0,19862.77039106145,11492.424241449293,-3292.7999999999993,0.5614525139664804,2135,0,5.104224824355972,0.0,0.0,0
2242,0,426,15366.499530516432,18128.959595973054,65240.0,53503.52159624413,22463.806039423733,793888.8,0.6103286384976526,2135,0,6.073742388758783,1.0,5538.0,1
197,0,374,8771.602139037434,9210.14119147251,43040.0,42000.78048128342,13259.280170238837,52073.2,0.6149732620320856,2135,0,5.332346604215457,1.0,9454.0,0
496,0,401,2517.2563591022445,2474.0806780025814,15840.0,25268.297506234416,6531.323045807311,36817.8,0.5685785536159601,2134,0,5.719981255857545,1.0,3602.0,0
2,1,478,6593.052928870293,7694.57079665116,42000.0,36540.70439330544,11028.141343708608,477511.7,0.6380753138075314,2134,0,6.818331771321462,2.0,10638.7,0
7401,1,478,6605.885774058577,7688.22762981479,42000.0,35557.49790794979,10283.220554983121,470645.8,0.6380753138075314,2134,0,6.818331771321462,2.0,10638.7,0
2486,1,534,12940.828464419475,14558.924734446506,61000.0,55885.48389513108,28403.61723931326,1589614.0,0.5337078651685393,2133,0,7.62070323488045,1.0,2043.0,0
428,0,353,2521.272521246459,2646.9058785058646,13100.0,33741.117563739375,12330.784719104266,55801.200000000004,0.6062322946175638,2133,0,5.037655883731833,1.0,3987.0,0
3651,0,341,2018.4733137829912,2145.933885163202,14650.0,28643.09501466276,7888.308038405275,40105.4,0.5953079178885631,2133,0,4.866404125644632,1.0,2728.0,0
1775,0,377,2554.514058355438,2772.0730289359212,19900.0,22255.60371352785,5744.008702468051,22043.799999999996,0.6339522546419099,2133,0,5.380159399906235,1.0,2343.0,0
1688,0,355,2087.9290140845073,2104.123749187751,7000.0,21855.53126760563,4702.955321232718,34186.8,0.6140845070422535,2133,0,5.0661978434130335,1.0,2249.0,0
361,0,468,7672.858333333334,10613.011598019426,39700.0,52632.551068376066,15048.609180413216,34971.7,0.6965811965811965,2133,0,6.678818565400844,2.0,3329.0,1
1829,0,370,3161.834864864865,3388.300391619506,22300.0,23953.81864864865,7230.250449979895,26452.9,0.6,2133,0,5.280262541022035,1.0,3684.0,0
1575,0,349,2123.120916905444,2111.8669493404163,8600.0,21109.375358166188,5394.337031753734,34595.2,0.6074498567335244,2133,0,4.980571964369433,1.0,2998.0,0
9203,0,540,12067.004259259258,13688.68851712022,62000.0,63943.81,28949.948265737545,822455.1,0.4462962962962963,2133,0,7.70632911392405,0.0,0.0,1
3008,0,388,2389.2487113402062,2626.4780358474404,13100.0,35493.66056701031,11545.507971902665,63370.5,0.6469072164948454,2133,0,5.537140178152836,1.0,2120.0,0
239,0,569,8833.284358523726,12545.396282681788,63200.0,56790.61177504394,25368.013645018073,977232.8,0.6098418277680141,2131,0,8.127808540591273,3.0,7189.0,0
3302,0,545,1049.8943119266055,1311.1796604054568,10600.0,33543.124403669724,11737.37728198279,61500.4,0.671559633027523,2130,0,7.788638497652583,3.0,2005.0,1
415,0,391,5182.646803069053,5506.268655048812,19665.0,29433.349104859335,8834.153839241055,37876.9,0.6163682864450127,2129,0,5.590436824800376,1.0,8740.0,0
3513,0,449,6375.077505567929,7536.0307516805005,28617.0,49837.79621380846,12633.341023331606,79231.8,0.6815144766146993,2129,0,6.419708783466416,2.0,6692.0,0
4134,0,430,10894.367441860466,13508.25112464563,64200.0,46230.532093023256,23648.01633712291,586069.6,0.5441860465116279,2129,0,6.148050728041334,2.0,7103.0,0
1077,0,372,2741.231989247312,6208.641297241684,45544.0,40085.688709677415,15865.717253245326,98011.1,0.5,2129,0,5.318778769375293,0.0,0.0,1
1713,0,317,2863.5233438485807,7673.991804545107,47846.0,25648.809463722395,13873.215821549904,17338.899999999998,0.47318611987381703,2129,0,4.532400187881635,0.0,0.0,0
1378,0,600,6092.498500000001,9482.22728816505,36628.0,66859.55533333334,19666.231135649065,99419.1,0.7633333333333333,2128,0,8.582706766917292,4.0,5874.0,1
2503,0,370,3999.475945945946,4067.2114240474675,14361.0,34622.964864864865,8367.13457537248,64147.299999999996,0.5864864864864865,2127,0,5.295157498824636,1.0,6279.0,0
559,0,362,2154.1267955801104,2242.623347240962,12000.0,21083.680110497236,4887.726019172442,26785.899999999998,0.6104972375690608,2127,0,5.180667606958158,1.0,2175.0,0
6555,1,438,9688.57694063927,12162.303048240796,61000.0,62403.35136986301,28921.125566606017,468836.69999999995,0.5525114155251142,2127,0,6.2683215796897045,1.0,5900.0,0
744,0,364,2136.6722527472525,2288.6613400760166,11350.0,24064.13296703297,6986.7516558055695,40280.700000000004,0.6126373626373627,2126,0,5.211740357478834,1.0,2165.0,0
882,0,386,4466.565284974093,5574.6670175591535,41000.0,31443.240155440413,12810.058558304429,84776.2,0.6217616580310881,2126,0,5.526735653809973,1.0,3306.0,1
86,0,410,1085.1068292682926,1221.8505436445948,8880.0,20226.47268292683,3728.336947844208,21975.8,0.6560975609756098,2125,0,5.873129411764706,2.0,2162.0,0
1126,0,396,2204.041161616162,2428.4727806435767,29000.0,39184.85126262626,12390.87037460144,53701.49999999999,0.553030303030303,2124,0,5.675254237288136,1.0,2791.0,0
2666,0,402,993.1276119402985,1065.1370008043853,5550.0,17241.97213930348,3344.1380667290837,17879.300000000003,0.6492537313432836,2124,0,5.761242937853107,2.0,1934.0,0
944,0,410,6241.484146341463,6850.180031783177,25390.0,42866.82682926829,9680.873519338022,52820.50000000001,0.6487804878048781,2124,0,5.875894538606403,1.0,5361.0,0
1545,0,429,7642.692307692308,12299.579825425746,59100.0,48500.52983682984,27570.606670421475,321013.39999999997,0.6410256410256411,2124,0,6.14819209039548,2.0,3737.0,0
2453,0,315,1410.6374603174602,1469.6751323050355,7800.0,22333.74984126984,4258.785401116461,28992.8,0.5523809523809524,2124,0,4.514406779661017,1.0,2190.0,0
3734,0,340,2501.1200000000003,3069.8569502498085,29100.0,18243.43205882353,12398.779897650618,-5446.6,0.5676470588235294,2124,0,4.872693032015066,0.0,0.0,0
3935,0,602,5620.94219269103,7756.53255853592,32604.0,39846.66710963455,11334.413865892773,711094.4,0.6943521594684385,2124,0,8.6275329566855,5.0,11462.0,0
396,0,596,5818.968288590604,8977.039265176581,34902.0,51177.97701342282,12026.074185699921,54056.299999999996,0.7651006711409396,2124,0,8.541544256120527,4.0,5882.0,0
2694,1,473,5805.581606765328,6805.568246681023,36160.0,47917.97653276955,14301.366924760385,82254.09999999999,0.6659619450317125,2124,0,6.778775894538606,2.0,11168.0,0
4596,0,344,9003.926744186047,12050.644936613173,54600.0,45826.97122093023,29608.21812841366,478181.6,0.5203488372093024,2123,0,4.932341026848799,0.0,0.0,0
2489,0,349,2278.3501432664757,2318.7876775837103,8850.0,22258.87077363897,4441.076318000437,28666.199999999997,0.5959885386819485,2123,0,5.0040320301460195,1.0,3854.0,0
2895,0,406,6719.437931034482,7463.042963612802,27219.0,33615.308374384236,10277.615259602953,53613.799999999996,0.6477832512315271,2123,0,5.821309467734338,1.0,5598.0,0
317,0,361,2233.886980609418,2314.3779640355538,13350.0,25474.285595567864,6352.720991264098,38695.200000000004,0.6094182825484764,2122,0,5.178529688972667,1.0,3068.0,0
2555,0,472,6104.8983050847455,7610.009418749614,39040.0,53194.208898305085,14699.216210466582,83884.0,0.690677966101695,2122,0,6.770819981149859,2.0,7725.0,1
494,0,471,9146.917197452229,12093.225422773809,54700.0,47283.06921443737,23376.31640640658,738806.0,0.5902335456475584,2121,0,6.75966053748232,3.0,11564.6,1
2219,0,488,15026.68975409836,15557.640635938988,63900.0,70234.82950819671,30826.071749596034,1247326.6,0.45081967213114754,2121,0,7.003639792550684,1.0,4103.8,1
2581,0,415,7073.042168674699,8195.775493557767,41760.0,49255.22602409639,13573.264578414794,95404.50000000001,0.655421686746988,2121,0,5.955964167845357,1.0,4769.0,1
112,0,356,2485.1087078651685,3320.952923197342,38500.0,24899.338202247192,9082.249420192822,51810.700000000004,0.6039325842696629,2120,0,5.111622641509435,1.0,2051.0,0
3674,1,570,12178.439298245614,14075.079129425094,64500.0,67867.17543859649,27641.59795736273,900408.8,0.5614035087719298,2120,0,8.18433962264151,2.0,11471.7,0
2039,0,226,3969.0402654867257,8177.671577798112,49264.0,38131.010176991156,13409.534723343782,32751.899999999998,0.5309734513274337,2120,26,3.2450188679245286,0.0,0.0,1
2712,0,359,2530.164066852368,3008.7921907584264,32800.0,26453.49972144847,6780.401327406678,18432.10000000001,0.6239554317548747,2120,0,5.154698113207547,1.0,2976.0,0
395,0,445,7438.730112359551,8777.192490223886,33081.0,43937.5615730337,12798.604068922788,23296.100000000013,0.6853932584269663,2120,0,6.389528301886793,3.0,8735.0,0
2974,0,346,2152.200289017341,2406.164990638387,13850.0,38334.655780346824,7147.195220190729,48784.5,0.6098265895953757,2119,0,4.970382255781029,1.0,1546.0,0
123,0,334,1959.3790419161676,1905.896736497041,4843.0,17649.02155688623,3612.457934543073,23383.799999999996,0.5958083832335329,2119,0,4.797999056158566,1.0,3016.0,0
9640,1,530,6509.8316981132075,7031.503771345169,28659.0,40070.96056603774,21112.61782118489,393177.8,0.6132075471698113,2119,0,7.613591316658802,3.0,17868.3,0
3108,0,391,1066.3726342710997,1140.6528981214158,5400.0,15223.243734015345,2316.906203950204,15166.899999999998,0.6547314578005116,2118,0,5.61947119924457,2.0,2042.0,0
2508,0,334,1748.127245508982,1777.6707667003416,12500.0,19099.872155688623,3763.6477119269057,16875.699999999997,0.5958083832335329,2118,0,4.800264400377714,1.0,2193.0,0
2458,0,332,11708.165662650603,13786.47036434542,74800.0,45029.513253012046,18470.555262587073,726671.0,0.49096385542168675,2118,0,4.771520302171861,0.0,0.0,0
588,0,508,2358.930905511811,2812.046109027975,11451.0,24840.912401574802,6686.300449761518,21074.1,0.6968503937007874,2118,0,7.301000944287063,3.0,5089.0,0
7231,0,423,13355.466193853428,15288.233282996553,76500.0,51745.32860520094,30315.79280285054,958579.0,0.48226950354609927,2118,0,6.079376770538244,1.0,2283.2,0
6701,1,479,13227.722338204592,15644.798122168657,62800.0,68519.06534446764,34691.44593501911,692704.6,0.5386221294363257,2117,0,6.887463391591875,1.0,2650.2,0
3883,0,438,2182.6659817351597,5752.942470794627,45790.0,43358.332648401825,16955.724004133674,46451.3,0.4200913242009132,2117,0,6.297931034482758,0.0,0.0,1
222,0,357,14385.381792717086,15916.57898060092,51614.0,54980.78011204482,20668.6693797362,727312.5,0.5182072829131653,2117,0,5.133245158242796,1.0,3440.9,1
2497,0,354,2655.8754237288135,2587.8371892166783,9600.0,20999.824858757063,6744.864125516162,38051.1,0.5706214689265536,2116,0,5.092514177693762,2.0,5841.0,0
1372,0,389,2994.459383033419,6970.162139097248,44758.0,38317.97120822622,14289.731622540019,22946.699999999993,0.4730077120822622,2116,0,5.59601134215501,0.0,0.0,0
3835,0,445,4855.983146067416,5599.533222326308,21700.0,37428.56112359551,7212.091489497141,38091.69999999999,0.6741573033707865,2116,0,6.401606805293007,2.0,7584.0,0
7445,1,539,8882.794805194806,12918.106249554094,63600.0,42411.87439703154,31035.977856588623,1312600.0,0.46382189239332094,2114,0,7.761192052980133,1.0,2306.8,0
2527,0,480,11722.982708333333,13822.31535889877,61200.0,65935.77125,26999.10862554141,580936.5,0.55,2113,0,6.914907714150497,2.0,8096.6,0
425,0,528,1964.9626893939394,2306.469170998101,9600.0,28657.89981060606,8845.423139932826,32019.499999999996,0.678030303030303,2113,0,7.606398485565546,3.0,3260.0,0
860,0,397,5020.587153652393,5387.760240920868,19777.5,27802.128715365237,7646.460012073826,29496.299999999992,0.6372795969773299,2113,0,5.719204921911974,1.0,8071.0,0
6034,1,441,10133.123356009071,12195.835819526259,53300.0,37420.9306122449,27149.12059262345,957159.6,0.5260770975056689,2113,0,6.353071462375769,1.0,7741.8,0
11065,1,403,4401.689578163771,5344.0467309267515,18600.0,33499.83449131514,9192.220659222521,37002.09999999999,0.652605459057072,2113,0,5.805641268338855,1.0,1445.0,0
9883,0,489,9178.110020449898,12725.238526053678,64800.0,38741.92597137015,26284.797394914833,685678.6,0.6278118609406953,2113,0,7.044562233790819,4.0,17765.9,0
115,0,376,3286.101063829787,3255.8348831350263,11498.0,32952.37686170213,8321.015211595073,33605.200000000004,0.5797872340425532,2113,0,5.41667770941789,1.0,5110.0,1
1189,0,404,1129.356188118812,1284.941825482681,6420.0,23274.504455445545,5276.565245903148,31387.1,0.6658415841584159,2113,0,5.8200473260766685,2.0,2288.0,0
3675,0,435,15946.74735632184,19034.898189914882,78600.0,55730.20482758621,21949.019052682575,802094.3,0.6068965517241379,2112,0,6.269602272727273,1.0,7824.0,1
3069,0,412,8313.802669902912,9523.05221166,34734.0,63147.96140776699,18832.553172360138,83497.90000000001,0.662621359223301,2112,0,5.93810606060606,1.0,6704.0,0
2762,1,634,11670.911041009464,14325.387699402874,64600.0,60965.27949526814,30410.272693372845,795833.2,0.6198738170347003,2112,0,9.13776515151515,3.0,12266.0,0
892,0,416,1958.558173076923,2310.4259999059655,11050.0,25584.75480769231,8559.247218581557,53799.4,0.6730769230769231,2112,0,5.995757575757575,2.0,2915.0,0
1535,0,403,2327.125558312655,2340.355320806807,15500.0,41525.04317617866,16812.161212088864,58026.799999999996,0.5285359801488834,2112,0,5.808390151515152,1.0,2757.0,1
2618,0,351,2529.3039886039883,2749.9029758751303,15600.0,20233.51054131054,5327.439996248803,30152.9,0.6125356125356125,2111,0,5.061316911416391,1.0,3223.0,0
2651,0,416,12994.413221153847,14166.275860893466,53894.0,47345.14639423077,18770.71863717367,855871.1,0.5865384615384616,2111,0,5.998597820937945,2.0,14454.9,1
5442,1,530,8186.315849056605,12477.903119757826,67800.0,30541.959433962264,26639.914436839907,277891.4,0.6849056603773584,2110,0,7.6460663507109015,4.0,18478.3,1
1787,1,403,10195.761538461538,13298.241107912121,64700.0,44264.53672456576,29914.783305274574,384906.7,0.5831265508684863,2110,0,5.813895734597157,1.0,8033.2,0
1397,0,403,6469.432009925558,7070.489297457804,35680.0,35361.75186104218,10754.043903297268,43480.3,0.6327543424317618,2110,0,5.813895734597157,1.0,8319.0,1
3785,0,423,9237.284160756502,11511.292506781838,64100.0,74952.4829787234,25518.2594724719,64642.399999999994,0.6359338061465721,2108,0,6.108216318785579,1.0,6502.0,0
623,0,404,1047.6549504950494,1141.0029666812577,3900.0,20226.210643564355,3417.108285865494,16663.8,0.6658415841584159,2108,0,5.833851992409867,2.0,2072.0,0
8260,1,425,14296.16705882353,16518.115579289057,64900.0,68073.46588235295,23755.630552295574,841779.7999999999,0.5552941176470588,2108,0,6.137096774193549,1.0,6239.2,1
3678,1,414,3866.6541062801934,3656.0688239411893,13352.0,9629.3538647343,11152.204689983286,-5680.399999999998,0.6183574879227053,2108,0,5.978254269449716,1.0,5269.0,0
3001,0,433,2385.324480369515,5441.571186736902,48992.0,34332.365819861436,12101.061595023826,26618.3,0.44110854503464203,2108,0,6.252618595825427,0.0,0.0,0
655,0,606,5808.731848184819,9184.361964756272,35438.0,58873.851485148516,15004.875932108638,59520.70000000001,0.7706270627062707,2108,0,8.750777988614802,4.0,4469.0,1
4093,0,316,2565.6683544303796,6658.554882999463,49614.0,24469.77088607595,10622.333711358682,18853.2,0.4936708860759494,2107,0,4.565277645942098,0.0,0.0,0
3260,0,563,11138.466785079929,13501.228426195705,62500.0,65952.50674955595,25752.540621322627,911798.8,0.5754884547069272,2107,0,8.133706691979118,2.0,8502.0,1
2528,0,324,1765.832716049383,1685.1902588870225,4400.0,20410.85524691358,3956.65797656719,25041.0,0.5833333333333334,2107,0,4.680854295206455,1.0,2824.0,0
2011,0,446,904.7966367713004,1135.851967096594,4290.0,16824.092152466368,3553.9709131176883,23230.5,0.6973094170403588,2107,0,6.443398196487897,3.0,2010.0,0
1721,0,69,1798.5507246376812,1785.1917637661745,9400.0,19863.768115942028,5783.673039495921,38700.0,0.4057971014492754,2107,37,0.9968485999050783,0.0,0.0,0
1332,0,407,8125.60343980344,9622.05535697788,36000.0,67952.15257985258,20795.318233300106,95531.79999999999,0.6560196560196561,2107,0,5.879962031324157,1.0,4755.0,0
1402,0,589,2380.0376910016976,3145.0937207149127,13509.0,29080.00713073005,7738.646844375049,23611.4,0.7402376910016978,2106,0,8.513371320037987,4.0,5139.0,0
3283,0,364,7608.6815934065935,7897.973177319624,27700.0,29634.95521978022,9871.345363894348,20131.3,0.6153846153846154,2106,0,5.2612345679012344,1.0,8720.0,0
3781,0,375,9505.414933333333,10473.024406785464,51500.0,65914.25093333334,20796.129668545425,100773.8,0.6186666666666667,2106,0,5.42022792022792,1.0,7701.0,1
7203,0,271,7544.90295202952,10947.453404235943,49982.0,33781.343173431735,28553.43386517083,201179.5,0.4870848708487085,2106,36,3.91701804368471,0.0,0.0,0
1065,0,350,2402.0214285714287,5445.778638107703,38937.0,29958.599714285716,10358.122498077832,20238.700000000008,0.5142857142857142,2105,0,5.061282660332542,0.0,0.0,0
3076,0,317,1760.2848580441641,1690.9991503857823,5200.0,18695.1309148265,3831.432556266452,28361.499999999996,0.5741324921135647,2105,0,4.584076009501188,1.0,2715.0,0
4347,0,349,2554.540687679083,7028.836654041819,48229.0,25143.940687679085,11663.239499680309,25636.699999999993,0.4670487106017192,2105,0,5.0468218527315925,0.0,0.0,0
1157,0,326,2665.8242331288343,2822.9539606690546,11500.0,32588.790797546015,7391.587723599636,31589.899999999998,0.5552147239263804,2105,0,4.714223277909739,0.0,0.0,0
9403,1,431,6206.530394431555,9603.699633488131,49297.0,39186.99419953596,19614.274321906792,295088.6,0.6310904872389791,2105,0,6.232608076009502,2.0,6583.0,0
1874,0,346,1218.6875722543352,1229.4366285352955,3151.0,27463.269364161846,6047.976513760679,28897.1,0.6098265895953757,2105,0,5.003439429928742,1.0,2100.0,0
1115,0,337,1368.8293768545993,1443.400607629313,9700.0,17495.91810089021,2879.8248906853128,23802.699999999997,0.599406528189911,2105,0,4.87329216152019,1.0,2293.0,0
3586,0,335,5653.080298507462,6385.420284028496,27600.0,42162.82955223881,13293.725389763224,86713.1,0.582089552238806,2105,23,4.844370546318291,0.0,0.0,1
62,0,356,1962.9929775280898,1948.0588388982762,7600.0,23603.571629213482,4810.358429567498,16686.700000000004,0.6207865168539326,2104,0,5.150494296577947,1.0,2273.0,0
1771,0,411,2242.336496350365,2214.8390421684253,14500.0,26570.28175182482,6138.703338028698,22171.500000000004,0.5620437956204379,2104,0,5.9462167300380235,1.0,3052.0,0
5483,0,371,7411.088948787062,7970.570767036513,51300.0,36829.505660377356,17001.226585932298,981845.2,0.4555256064690027,2104,0,5.367509505703422,1.0,1307.0,0
8330,1,525,5976.465714285714,9010.826452217916,38700.0,46877.74857142857,12952.885588327288,73823.70000000001,0.6019047619047619,2104,0,7.595532319391635,2.0,4027.0,0
187,0,322,1751.8667701863353,1697.9990444632933,4200.0,17630.547826086957,3627.266704634891,25228.299999999996,0.5807453416149069,2104,0,4.658593155893536,1.0,2798.0,0
423,0,333,1175.2162162162163,1191.1379378414401,5430.0,18728.426426426427,2868.22471935957,21518.2,0.5945945945945946,2104,0,4.817737642585552,1.0,1942.0,0
6425,1,431,4429.446403712297,4825.925774694939,24480.0,26750.70185614849,7813.926659208216,27214.599999999995,0.6519721577726219,2103,0,6.238535425582501,1.0,3057.0,0
2493,0,382,3716.7243455497382,4189.833821328792,44640.0,47691.36308900524,18977.34385462619,80559.9,0.5445026178010471,2103,0,5.529281978126487,1.0,5375.0,0
2896,0,398,1088.940703517588,1233.8444702748052,7320.0,19522.161557788942,3803.8872742456983,22509.6,0.6608040201005025,2102,0,5.763615604186489,2.0,2147.0,0
2245,1,408,11978.062990196078,13732.931204083714,65400.0,65513.876225490196,28545.734452695062,665281.3,0.5294117647058824,2102,0,5.908430066603235,1.0,7248.8,0
3923,0,383,8452.581984334203,9563.446297110224,44100.0,62989.17937336814,22507.208948999996,114260.1,0.6292428198433421,2102,0,5.54639391056137,1.0,5037.0,0
1898,0,304,5132.424671052632,5412.56081945569,20101.0,28020.509210526317,7854.045816518237,307388.3,0.48026315789473684,2100,0,4.406552380952381,0.0,0.0,0
3367,0,441,7797.634467120181,11025.078699125015,64500.0,73953.09727891156,22994.230792750273,64856.0,0.6757369614512472,2100,0,6.392400000000001,2.0,3023.0,0
3391,0,462,5470.524458874458,6788.375806029796,27040.0,45242.89155844155,13076.362628368168,72167.5,0.6948051948051948,2100,0,6.6968000000000005,3.0,7515.0,1
8519,1,527,10591.576470588236,13603.577656205689,56019.0,47345.49487666034,17034.665529892747,769052.2,0.540796963946869,2099,0,7.642629823725584,2.0,19935.3,0
1780,0,414,9078.210869565217,10966.993790862482,57000.0,71483.33623188405,21075.06698363009,96580.50000000001,0.6521739130434783,2099,0,6.003887565507385,1.0,5429.0,1
3915,0,408,8435.48112745098,9368.14116076248,34696.0,47969.51004901961,11738.723062982934,55907.5,0.6544117647058824,2099,0,5.916874702239162,1.0,9510.0,1
3980,0,470,3015.8551063829786,3679.0488232018147,30240.0,41822.81191489362,16068.876334258724,67535.1,0.6595744680851063,2098,0,6.819256434699715,2.0,3631.0,0
4350,0,354,9237.749152542374,11702.726658636253,62200.0,72505.05903954802,26550.541883353424,108934.40000000001,0.556497175141243,2097,0,5.138655221745351,0.0,0.0,0
686,0,506,3180.240316205534,3846.2114652474697,15799.5,23619.803162055337,7739.548275414728,25296.799999999996,0.7094861660079052,2097,0,7.345083452551264,3.0,6070.0,0
362,0,530,3002.8883018867928,3849.946369760628,16160.0,31552.21641509434,9723.863030865772,61574.0,0.6792452830188679,2097,0,7.6934668574153555,3.0,6361.0,0
299,0,368,14649.142391304349,15884.56644611637,64100.0,71412.94510869565,25768.2123546135,481015.60000000003,0.4701086956521739,2096,0,5.34442748091603,0.0,0.0,0
2488,0,302,1316.8347682119204,1357.6931488600708,8880.0,23834.59701986755,6810.634940326036,36275.299999999996,0.5397350993377483,2095,0,4.38800954653938,1.0,2030.0,0
2985,0,354,1746.191242937853,1734.328713776653,5800.0,26591.514124293786,6928.375191818799,20958.9,0.6073446327683616,2095,0,5.143560859188545,1.0,2113.0,0
385,0,472,983.4408898305085,1310.9922861697771,5850.0,23663.982415254235,3967.4327490434785,29217.300000000003,0.7055084745762712,2094,0,6.861356255969437,3.0,2312.0,0
2817,0,349,5744.719484240688,6488.711177319055,28100.0,52192.96446991404,11505.915420663843,76238.3,0.5988538681948424,2094,0,5.073333333333334,0.0,0.0,1
2056,0,311,9618.347588424438,13567.675751443527,63200.0,48848.15530546624,22113.04580554559,491378.9,0.4887459807073955,2094,0,4.520936007640879,0.0,0.0,0
2002,0,328,2437.8814024390244,2473.3115302396463,12400.0,26199.86524390244,6372.110726260014,39121.5,0.5914634146341463,2093,0,4.770339225991401,1.0,3688.0,0
748,0,403,4153.941687344914,4570.175744282813,40800.0,46380.84565756824,23139.240624417125,95782.90000000001,0.5707196029776674,2093,0,5.86111801242236,1.0,6492.0,0
220,0,334,2093.7140718562873,2065.3272027080434,7850.0,19962.812874251496,5077.581838303405,28520.899999999998,0.6017964071856288,2092,0,4.859923518164436,1.0,3095.0,0
1422,0,363,2122.0126721763086,2183.6947305030567,11000.0,25397.25564738292,6499.431026643736,38151.0,0.6336088154269972,2092,0,5.281892925430211,1.0,2655.0,0
1147,0,341,9789.480058651026,11209.059864615872,46880.0,51392.027565982404,15037.179433426385,55133.1,0.592375366568915,2091,0,4.96415112386418,0.0,0.0,1
3788,0,409,2648.632273838631,5574.279080626548,53300.0,51461.940342298294,21285.34062760329,88634.2,0.39853300733496333,2091,0,5.954069823051172,0.0,0.0,1
1891,0,532,1244.5347744360902,1484.5052956392333,11900.0,48681.01278195489,21029.19715519626,89510.90000000001,0.6654135338345865,2091,0,7.744658058345289,3.0,2504.0,0
1239,0,332,2719.6888554216866,2706.1574029559524,12300.0,21839.43704819277,5513.418228427246,17065.100000000002,0.5933734939759037,2091,0,4.8331324725011955,1.0,3744.0,0
8321,1,535,3375.11738317757,4214.488243422705,23840.0,36367.29102803738,11922.958021296445,64923.00000000001,0.5439252336448598,2089,0,7.795787458113931,2.0,8525.0,0
3213,0,402,1017.0268656716418,1088.1870517863363,3270.0,16885.59800995025,2314.2411944912574,17925.2,0.6691542288557214,2089,0,5.85776926759215,2.0,2045.0,0
2838,0,567,12990.83721340388,15919.389306379348,63400.0,75648.14814814815,26255.42438418118,184452.69999999995,0.6296296296296297,2088,0,8.266034482758622,3.0,6120.0,0
3644,0,323,1448.6739938080495,1456.7948267377176,7290.0,18616.70309597523,3576.735787805245,21320.899999999998,0.5696594427244582,2088,0,4.708869731800767,1.0,2304.0,0
4318,0,415,16559.911807228917,18533.225128076116,69144.0,70449.01421686746,23233.00315184496,764095.4,0.5903614457831325,2088,0,6.050095785440614,2.0,18005.6,1
2648,0,212,3403.5707547169814,7486.053878451836,46427.0,30452.894811320755,11118.034471940715,39659.8,0.5047169811320755,2088,22,3.090651340996169,0.0,0.0,0
2313,0,453,4237.019426048565,4679.122416487022,17370.0,31872.5,8326.01356985963,258813.8,0.5960264900662252,2088,0,6.604080459770115,2.0,6767.0,0
5428,1,458,10178.935807860262,12761.207597774875,64500.0,45002.224454148476,28023.499400595898,602098.6,0.5829694323144105,2087,0,6.680172496406325,1.0,7281.3,0
7123,1,470,13461.320212765957,14668.918392419055,58900.0,54667.05893617021,30842.970530491573,453159.7,0.5617021276595745,2087,0,6.8551988500239585,2.0,18499.2,0
279,0,391,996.8117647058824,1054.4976784036428,3300.0,20671.633248081842,4911.870015654591,30761.8,0.659846547314578,2087,0,5.702942022041207,2.0,2004.0,0
104,0,385,1045.7483116883116,1214.5280820924447,8700.0,20608.18779220779,4204.73116954674,25637.499999999996,0.6545454545454545,2086,0,5.618120805369127,2.0,2042.0,0
497,0,396,8014.580050505051,9582.963764090911,46240.0,50913.74974747474,13188.73767397535,46574.1,0.6515151515151515,2086,0,5.778638542665388,1.0,3405.0,1
1152,0,330,1320.1618181818183,1335.327244773723,4000.0,17305.96242424242,3192.377313294575,20725.8,0.5969696969696969,2086,0,4.815532118887823,1.0,2186.0,0
83,0,431,3289.9259860788866,3566.3472447534273,14080.0,24506.467749419953,6646.392105646793,33238.5,0.6589327146171694,2085,0,6.292393285371702,2.0,6150.0,0
2008,0,465,3991.8156989247314,5117.828685121135,32480.0,56855.151612903224,21928.342574665774,90720.7,0.6838709677419355,2085,0,6.788776978417266,2.0,4198.0,0
3327,0,438,3731.7710045662097,4208.683219098648,16800.0,37180.76278538813,12721.720165865509,69252.09999999999,0.6598173515981736,2085,0,6.394589928057553,2.0,6193.0,0
5740,0,348,10524.606609195402,13994.338817043472,63300.0,33493.57643678161,30541.5276877232,548698.9,0.47413793103448276,2085,0,5.080633093525179,1.0,2907.0,0
8132,0,432,8738.733101851853,11072.335451392326,50700.0,64725.68125,26734.417534080272,877333.5,0.44212962962962965,2084,0,6.310019193857967,0.0,0.0,0
10738,1,550,9257.13109090909,12843.48555912975,60600.0,53153.706,30679.566801100485,553050.1,0.64,2084,0,8.03358925143954,3.0,11449.5,1
2216,0,454,11837.73986784141,14479.582283424015,64400.0,57886.24581497798,26649.029468974913,832513.1,0.5330396475770925,2084,0,6.631362763915548,2.0,9889.0,0
1815,0,464,5694.439224137931,6627.07914694578,26856.0,33358.90495689655,9560.39946183226,42692.2,0.6982758620689655,2084,0,6.7774280230326305,2.0,9896.0,0
2823,0,331,1342.016918429003,1380.9962068335515,7680.0,19402.392749244715,3159.335846240661,17408.0,0.5981873111782477,2083,0,4.837081132981277,1.0,2210.0,0
4321,0,448,14540.038839285715,15864.683118476516,63700.0,79906.27008928571,28013.942969661104,1241468.6,0.44419642857142855,2083,0,6.546865098415747,0.0,0.0,1
1773,0,313,1849.6638977635785,1755.4325411182297,4700.0,15785.956869009584,3270.9029796771238,17283.2,0.5750798722044729,2082,0,4.576234390009606,1.0,2877.0,0
7454,1,449,1556.713140311804,1677.618366015383,10500.0,17117.432739420936,4825.059752731591,17416.6,0.6570155902004454,2082,0,6.564630163304515,3.0,4096.0,0
188,0,403,6990.485111662531,7860.935370949531,29120.0,56413.62034739454,17410.616631977875,100009.90000000001,0.6550868486352357,2081,0,5.894915905814512,1.0,7426.0,0
10973,1,474,13179.012658227848,15412.393227737,63800.0,59249.758860759495,30305.108472223805,569888.7999999999,0.5590717299578059,2081,0,6.933474291206151,1.0,3216.7,0
2599,0,293,9616.60204778157,11448.4961330273,59800.0,41762.996928327644,30918.153287610654,247687.6,0.49829351535836175,2081,0,4.285881787602114,0.0,0.0,1
1166,1,447,6158.566666666667,7154.170666506406,27946.0,37200.371812080535,10298.30573906274,347724.49999999994,0.6510067114093959,2080,0,6.541673076923077,2.0,7502.2,0
504,0,331,1387.9921450151057,1455.702935645595,6300.0,25333.200302114805,4877.15827412631,27321.8,0.5981873111782477,2080,0,4.844057692307692,1.0,2308.0,0
1518,0,342,7272.468421052632,8219.664499321403,27700.0,69100.59970760235,23182.584666254646,114544.6,0.5964912280701754,2080,0,5.0050384615384615,0.0,0.0,0
2189,0,491,6210.383910386965,8634.280867031219,33920.0,52291.39124236253,12260.671742944158,61874.900000000016,0.7189409368635438,2079,0,7.18905242905243,3.0,4956.0,1
6040,1,580,5635.808793103449,8139.938725979649,33098.0,34715.784655172414,11468.613177457464,22611.499999999993,0.7620689655172413,2079,0,8.492159692159694,4.0,9460.0,0
2876,0,396,6462.549747474748,7310.599557858923,26078.0,32626.329292929295,11695.62986208899,42162.1,0.6464646464646465,2079,0,5.798095238095239,1.0,5231.0,0
1505,0,288,4911.760763888889,5146.720929554372,28600.0,21117.116666666665,14389.248147201517,-8560.100000000002,0.5486111111111112,2078,0,4.218825794032724,0.0,0.0,0
6897,0,386,12307.043523316062,15338.21778127398,64500.0,61916.03860103626,29514.866277249756,644158.2,0.5025906735751295,2078,0,5.654398460057749,0.0,0.0,0
4377,0,360,14587.603055555555,16592.228421727836,64200.0,56643.15027777778,28731.43496908931,878072.7,0.4722222222222222,2077,0,5.276071256620125,1.0,4788.3,1
717,0,391,7726.087979539641,8514.582075666744,30561.0,41267.638874680306,10153.885399118592,24374.80000000002,0.6445012787723785,2077,0,5.73039961482908,1.0,6561.0,1
9707,0,483,10663.849896480331,13809.950067143127,61100.0,59686.922981366464,33038.30086373144,1227448.5,0.38716356107660455,2077,0,7.078728935965335,1.0,3112.1,0
2814,0,323,1862.0851393188855,1904.5451728185458,13250.0,21291.717027863775,5087.9752975213405,29111.9,0.5882352941176471,2076,0,4.736088631984586,1.0,2627.0,0
3068,0,324,2526.0759259259257,2485.0554629564567,10200.0,22417.084567901235,5054.113159367016,36921.0,0.5895061728395061,2076,0,4.750751445086705,1.0,3878.0,0
1476,0,348,2485.6336206896553,2488.319514494691,10900.0,18728.73793103448,4490.970669273479,17204.9,0.6149425287356322,2075,0,5.105118072289157,1.0,3467.0,0
897,0,491,9739.590427698575,12462.324445613041,64500.0,53724.07494908351,27051.906278440234,807292.5,0.5621181262729125,2075,0,7.202910843373494,2.0,9586.0,1
977,0,398,5389.838442211056,6201.569203828871,44320.0,50237.25326633166,23893.765617688325,99680.1,0.6155778894472361,2075,0,5.838612048192771,1.0,6846.0,0
2639,0,405,8775.667407407407,9888.191337392076,36399.0,36606.844938271606,11769.471600370849,61947.69999999998,0.6592592592592592,2075,0,5.941301204819277,1.0,8633.0,0
1032,0,401,18273.052618453865,21111.6609991978,74648.0,66853.54513715711,26805.676662806574,1098654.5,0.5511221945137157,2075,0,5.882621686746988,0.0,0.0,1
928,0,404,3152.732425742574,3489.6518585823515,40320.0,39755.58242574258,16175.521001411667,64176.3,0.556930693069307,2075,0,5.926631325301205,1.0,4561.0,0
168,0,329,1230.6547112462006,1273.3514891275731,8100.0,17309.782978723404,3032.822986149894,15781.8,0.5957446808510638,2074,0,4.828717454194792,1.0,2013.0,0
2175,0,401,12103.031670822944,13963.657570655312,70200.0,51613.711471321694,29158.359852446563,1118845.3,0.4763092269326683,2074,0,5.885458052073288,0.0,0.0,0
10105,1,499,11830.941883767535,13573.681121123374,64900.0,66951.37715430862,25559.512243826724,1227466.8,0.5090180360721442,2073,0,7.3273323685479985,1.0,5079.0,0
1392,0,441,7775.126757369614,9966.553866795532,57000.0,60838.373469387756,23867.049751482184,64969.3,0.6825396825396826,2073,0,6.475658465991318,2.0,7297.0,0
3697,0,432,4384.613425925926,5491.668528770552,26560.0,32054.372453703705,10092.459308528198,67777.40000000001,0.6759259259259259,2072,0,6.346563706563707,2.0,5932.0,0
5313,1,601,8247.93394342762,11992.765721516414,63900.0,49107.31946755408,26813.403996436264,406653.5,0.6755407653910149,2072,0,8.829362934362935,4.0,12927.2,0
2222,0,343,10883.839067055393,14028.930641283501,62800.0,56896.40233236152,27597.461960970024,601775.6,0.5072886297376094,2070,0,5.043922705314009,1.0,4103.8,0
2641,0,398,7784.171105527638,8968.779972780323,32148.0,65946.13492462311,18169.367192293026,112332.5,0.6532663316582915,2069,0,5.855543740937651,1.0,5126.0,1
5423,0,516,7682.147674418605,10939.822970570935,59700.0,39487.173449612405,27447.043713803294,386971.0,0.6375968992248062,2069,0,7.591609473175446,4.0,14526.0,0
2609,0,347,13062.557060518731,16242.996333195513,62800.0,50116.4037463977,25500.425508984416,715667.7,0.5072046109510087,2068,0,5.107678916827854,1.0,4881.9,0
5472,0,331,2248.587613293051,2722.102052725461,23200.0,17557.004833836858,9697.22420789363,6228.300000000001,0.540785498489426,2067,0,4.874523463957427,0.0,0.0,0
2932,0,655,8563.011908396946,13788.176102555668,64200.0,54588.17816793894,26468.596626083316,462464.8,0.6961832061068702,2067,0,9.645960328979198,5.0,8615.3,0
4254,0,310,3191.667419354839,7147.137218522629,44966.0,26766.58677419355,11081.028510614924,22777.300000000003,0.4806451612903226,2067,0,4.56526366715046,0.0,0.0,0
3965,0,359,6464.2885793871865,7036.140675718509,39900.0,31176.009749303623,17930.050028017078,707987.8,0.4986072423398329,2067,0,5.286869859700049,0.0,0.0,0
10656,0,380,7312.671842105263,9434.646452396173,27990.0,33596.98,21596.511768834192,19523.69999999999,0.5157894736842106,2066,0,5.598838334946757,0.0,0.0,0
887,0,304,1997.0335526315787,1975.4808875198744,10550.0,17826.2625,3579.955506090238,17146.6,0.5493421052631579,2066,0,4.479070667957406,1.0,3009.0,0
4743,0,429,13174.931002331003,15125.323807044215,65700.0,69536.42494172494,31998.783211632497,1023924.4,0.4662004662004662,2066,0,6.32079380445305,0.0,0.0,0
1048,0,344,2357.1947674418607,2332.1786891584798,5993.0,18597.242441860468,4364.779573006404,16963.4,0.6017441860465116,2066,0,5.068422071636012,1.0,3852.0,0
1671,0,416,2137.783653846154,2397.900512626629,6900.0,27788.110576923078,4665.069950738733,20726.399999999998,0.6706730769230769,2066,0,6.129254598257503,2.0,3009.0,0
1236,0,328,2366.3478658536583,5307.255106110974,37062.0,24031.677743902437,9952.909360545184,15822.5,0.5060975609756098,2066,0,4.832681510164569,0.0,0.0,0
1822,0,347,1970.401152737752,2171.5033380642317,13700.0,28767.874063400577,7858.037695253116,41981.6,0.6051873198847262,2066,0,5.112623426911908,1.0,1996.0,0
3316,0,389,5869.958611825193,6271.32987424987,22998.0,37445.59562982005,8853.165853407743,38974.3,0.6323907455012854,2065,0,5.734217917675545,1.0,9655.0,0
2037,0,438,5578.932191780821,6555.035866818512,24864.0,37183.8296803653,8522.348336660656,65986.69999999998,0.678082191780822,2065,0,6.456523002421307,2.0,9297.0,0
10079,1,438,12142.31894977169,15087.950559138062,64100.0,56108.40365296804,28899.35866150498,583341.3,0.5502283105022832,2065,0,6.456523002421307,1.0,2784.8,1
3999,0,493,4391.6438133874235,6439.95611805759,58700.0,55839.04117647059,24692.041515356443,105154.8,0.6713995943204868,2065,0,7.267273607748184,3.0,7701.0,1
551,0,279,2603.410752688172,6429.341060793016,44584.0,25202.651612903224,10481.733480699651,41512.0,0.44086021505376344,2064,0,4.114709302325581,0.0,0.0,0
1200,0,520,6595.760576923077,9085.049766255592,35072.0,46580.750384615385,13298.467359644483,57569.89999999997,0.7365384615384616,2064,0,7.668992248062016,3.0,7424.0,0
1161,0,322,2413.977329192546,2380.723469390918,5921.0,23466.747204968942,7089.1785046496425,41845.1,0.5745341614906833,2063,0,4.751177896267572,1.0,3947.0,0
5372,0,348,13765.10747126437,16458.600652262776,70500.0,68098.05114942529,30100.2608814764,550682.8,0.4885057471264368,2063,0,5.134813378574892,1.0,2612.0,0
3050,1,609,9982.3921182266,14591.284425321466,62168.0,57004.17717569786,21648.185121597802,744710.4,0.7208538587848933,2063,0,8.985923412506061,4.0,16783.5,1
1784,0,357,2499.119887955182,3002.084713259522,28000.0,24850.789635854344,6743.883238567079,32036.2,0.6162464985994398,2063,0,5.267610276296656,1.0,1785.0,0
1603,1,499,3259.680160320641,3145.0479085852344,11800.0,30917.34889779559,8597.971971002838,63752.8,0.6052104208416834,2062,0,7.366420950533463,3.0,10124.0,0
1887,0,377,3451.073209549072,3505.853496539834,12618.0,29490.962599469498,6821.327154473544,24791.000000000004,0.5994694960212201,2062,0,5.565412221144521,1.0,5608.0,0
1644,0,528,4212.333143939394,6080.273882109346,35680.0,40310.566287878784,9231.050717780256,45183.5,0.7367424242424242,2062,0,7.794529582929195,3.0,3573.0,0
1658,0,384,1076.9296875,1265.4416483928085,7140.0,18806.120052083334,3626.8485634619724,24522.600000000002,0.6588541666666666,2061,0,5.671499272197963,2.0,2122.0,0
44,0,316,1738.6626582278482,1755.1584997656414,11350.0,19124.71139240506,4224.772023844259,23842.999999999996,0.5854430379746836,2061,0,4.667171276079573,1.0,2344.0,0
1039,0,420,14179.984523809524,15434.284998954388,64500.0,74787.91285714286,26929.72614665298,1160253.5,0.4666666666666667,2061,0,6.203202328966522,0.0,0.0,1
1071,1,393,9562.872264631043,13174.395990976605,62600.0,47187.386259541985,22010.574236199736,692667.7999999999,0.5368956743002544,2061,0,5.804425036390103,1.0,4219.5,0
2410,0,304,2508.3427631578948,2540.0982194336298,13450.0,43890.033552631576,16241.446749584764,80485.8,0.569078947368421,2060,0,4.492116504854369,1.0,3410.0,1
2523,0,522,851.8727969348658,1201.5244264989142,9500.0,20513.740996168584,5213.05411863387,27703.2,0.7088122605363985,2060,0,7.713436893203884,4.0,2015.0,0
790,1,406,9284.459359605911,11984.375572328154,58100.0,45511.25221674876,28138.96164836806,498973.7,0.5517241379310345,2060,0,5.999339805825243,1.0,4335.8,1
2583,0,115,1278.7382608695652,1727.391367066101,13900.0,47091.81043478261,18386.225444196054,78054.9,0.2,2060,20,1.6993203883495145,1.0,415.0,0
1782,0,343,2386.7507288629736,2447.960697376204,8900.0,41365.940816326525,17638.649709860452,81239.1,0.6180758017492711,2059,0,5.070869354055366,1.0,3231.0,0
751,0,334,1726.0323353293415,1683.009215242426,5600.0,21817.72365269461,4607.029662391981,19306.4,0.6077844311377245,2059,0,4.937814473045168,1.0,2363.0,0
2061,0,414,1656.25193236715,1794.5699514069167,11600.0,20824.7693236715,4579.693467136282,21281.9,0.5966183574879227,2059,0,6.1205245264691595,2.0,2669.0,0
8261,1,675,4802.843111111111,7879.818351902813,32938.0,30675.75155555556,12161.771617338221,298547.1,0.6785185185185185,2059,0,9.979116075764935,5.0,8796.8,0
2321,0,424,13941.178773584905,15770.365045938186,63200.0,66638.82240566038,26403.15427752672,741932.6,0.5094339622641509,2058,0,6.271409135082604,1.0,1158.0,1
1334,0,327,2623.7908256880733,2909.7144060056485,17440.0,26847.724770642202,5642.850976765168,19569.199999999997,0.5504587155963303,2057,0,4.839027710257658,0.0,0.0,0
3649,0,455,5864.124615384616,7429.902067972164,37120.0,42031.19604395604,10829.465723194848,44694.3,0.701098901098901,2057,0,6.733203694701022,2.0,6472.0,0
555,0,503,6573.137574552684,9457.942747356354,35800.0,33308.982504970176,13754.559638243754,23503.799999999996,0.731610337972167,2056,0,7.447140077821012,3.0,7768.0,0
3173,0,363,1531.793388429752,1731.259117824391,14600.0,18049.23746556474,3839.759186643108,23060.600000000002,0.6391184573002755,2056,0,5.374377431906615,2.0,2823.0,0
863,0,491,12011.304887983708,13925.718331833654,56500.0,66901.91588594705,26299.869238317595,1154568.7,0.515274949083503,2055,0,7.273012165450122,2.0,10520.3,1
3181,0,349,2429.73553008596,5470.613710623372,48224.0,36478.52693409742,14924.832232148477,55167.3,0.49570200573065903,2055,0,5.169615571776156,0.0,0.0,1
3210,0,360,9892.191666666668,10926.55626855008,39040.0,41166.74611111111,17254.27987551989,35026.60000000001,0.6222222222222222,2054,0,5.335150925024343,1.0,7388.0,1
489,0,382,6197.056282722513,6944.232911740016,25100.0,28792.911256544503,9666.795421895024,43313.10000000002,0.6413612565445026,2054,0,5.661187925998052,1.0,5608.0,1
947,0,437,1912.3183066361555,2600.2849530659446,36960.0,30094.209382151028,14469.734928090447,51464.7,0.6086956521739131,2054,0,6.476280428432327,2.0,2689.0,0
3284,0,366,3193.8857923497267,3117.509743195822,12160.0,24345.351366120216,4843.558676556393,23719.800000000003,0.5765027322404371,2054,0,5.424070107108082,1.0,4872.0,0
1610,0,408,9489.74362745098,11943.933538398856,60900.0,75939.07058823529,23306.68105165356,101337.00000000001,0.6299019607843137,2054,0,6.046504381694255,1.0,6258.0,0
4225,0,322,9886.981366459628,11256.785547017938,33178.0,59159.83757763975,14637.256750178287,78797.60000000002,0.5807453416149069,2053,0,4.774320506575743,0.0,0.0,0
1412,0,511,4063.2471624266145,5596.980236154903,21430.5,28634.386301369865,9020.825331255875,31866.900000000005,0.7338551859099804,2053,0,7.576639064783244,3.0,3819.0,0
1937,0,339,1920.5905604719762,1884.3817516171694,5450.0,19859.096460176992,3578.879154262665,17111.8,0.6135693215339233,2053,0,5.026380905991232,1.0,2933.0,0
991,0,390,7892.618461538462,9564.687343536478,64800.0,63685.84923076923,20302.431261737343,54662.799999999996,0.6410256410256411,2053,0,5.782562104237701,1.0,6748.0,0
1180,0,330,6594.627272727273,7640.0334622659,44000.0,46089.30242424243,14655.272695289794,84376.6,0.5818181818181818,2052,0,4.8953216374269015,0.0,0.0,0
2758,0,397,3225.9778337531484,3286.4313241102827,27360.0,36782.65491183879,12564.533551267099,67334.8,0.5491183879093199,2052,0,5.889220272904484,1.0,4692.0,0
2711,0,396,7281.068686868687,8036.032696393046,29952.0,39925.643939393936,10122.825801050749,53892.799999999996,0.6590909090909091,2052,0,5.874385964912282,2.0,8171.0,0
1652,0,333,2471.864864864865,2626.6357686939164,19600.0,20443.54114114114,4606.582929805545,22812.6,0.6066066066066066,2051,0,4.942233057045344,1.0,3422.0,0
3099,0,351,2283.2074074074076,2257.3747164734395,6400.0,23931.259544159544,4430.067437631017,19065.4,0.6239316239316239,2051,0,5.209380789858606,1.0,3205.0,0
11111,1,492,11284.766869918698,14321.180073106192,60600.0,59002.172764227646,31050.346747679174,492003.3,0.5853658536585366,2051,0,7.302038030229157,2.0,7740.5,0
9591,1,457,9564.720568927789,12739.132356535865,56400.0,45250.41772428884,27794.721735489693,647927.1,0.5798687089715536,2051,31,6.7825841053144815,2.0,8508.7,0
9828,1,406,11348.628078817734,12912.509205628154,47472.0,45819.11477832513,16684.557209330895,751347.0,0.5862068965517241,2051,0,6.025665529010239,1.0,5274.7,0
5385,1,427,5495.932318501171,5926.988072937763,22404.0,35020.299999999996,9688.731495935293,207458.90000000002,0.6182669789227166,2050,0,6.3404292682926835,2.0,11243.3,0
23,0,370,8637.45945945946,9546.059163698621,40480.0,52316.11729729729,15257.043988510439,83101.6,0.6297297297297297,2049,0,5.496730112249878,1.0,5807.0,0
2645,0,555,3126.5064864864867,4334.192767844863,24100.0,34246.31009009009,6582.124309376551,34592.700000000004,0.7261261261261261,2049,0,8.245095168374817,5.0,8212.0,0
2991,0,525,6142.407047619048,9529.173451913275,47000.0,39204.54857142857,15065.474527671366,60383.30000000001,0.7428571428571429,2049,0,7.799414348462665,4.0,9455.0,0
3469,0,353,2174.854390934844,2258.15955015695,11150.0,26125.288101983002,6078.75794835955,28217.2,0.6260623229461756,2049,0,5.244177647632991,1.0,2554.0,0
1851,0,399,2763.343107769423,2908.151470733603,24200.0,31534.95187969925,12713.026045391165,46087.50000000001,0.5789473684210527,2048,0,5.93044921875,1.0,3649.0,0
3844,0,328,1357.1487804878047,1409.8528449893286,8250.0,19718.40213414634,3286.836172547033,20134.4,0.600609756097561,2048,0,4.87515625,1.0,2260.0,0
1442,0,384,6870.246614583334,7923.903860166289,36400.0,37225.921093749996,10452.378548612578,54624.30000000002,0.6484375,2048,0,5.7075,1.0,5950.0,0
3064,1,512,2940.8072265625,3396.4748714474963,13881.0,34505.8158203125,11098.513008279739,56126.90000000001,0.67578125,2048,0,7.609999999999999,3.0,7454.0,0
3558,0,569,11174.169947275923,16351.937692108933,65614.0,62061.42284710018,21588.718269692956,1329880.3,0.6748681898066784,2048,0,8.45720703125,3.0,4963.0,1
1534,0,450,4907.486666666667,5757.837046034385,25440.0,29740.014888888887,10326.80970396657,56494.599999999984,0.6688888888888889,2047,0,6.691744015632634,2.0,9606.0,0
334,0,458,5773.667248908298,7541.482069788864,31360.0,58941.109606986895,19161.689749239795,96801.2,0.6986899563318777,2047,0,6.810708353688326,2.0,3542.0,0
1786,0,389,6757.515938303342,7515.687923689466,45920.0,50491.24215938303,17196.323043068518,79751.29999999999,0.6323907455012854,2046,0,5.787468230694038,1.0,8818.0,1
1272,0,260,6360.298846153846,9510.129778349037,44664.0,53312.79423076923,29030.299439319086,371808.3,0.5115384615384615,2046,0,3.868230694037146,1.0,1246.4,0
2436,0,331,3856.7903323262844,4756.560821455907,41280.0,50148.64954682779,16864.01952014526,77507.2,0.5709969788519638,2046,0,4.92455522971652,0.0,0.0,0
3796,0,398,5652.825628140704,6338.376841207467,24000.0,46309.84522613065,15090.134240589372,74488.2,0.6457286432160804,2046,0,5.92136852394917,1.0,8301.0,0
119,0,395,7874.059240506329,8729.14220433991,32288.0,39911.145063291144,10131.81175643889,57395.00000000001,0.6582278481012658,2046,0,5.876735092864125,1.0,8252.0,0
3063,0,331,1339.2513595166163,1373.6978746466605,3495.0,30548.388821752265,7991.305018711692,43081.8,0.6042296072507553,2045,0,4.926963325183374,1.0,2330.0,0
18,0,328,11367.98262195122,14312.531119454541,70200.0,52267.42347560975,31710.521421954898,994798.2999999999,0.4024390243902439,2045,0,4.882308068459658,0.0,0.0,0
11320,0,364,6919.211813186814,8746.536804851412,33440.0,32619.401648351646,13188.369110937618,35294.30000000001,0.4532967032967033,2045,24,5.418171149144254,0.0,0.0,0
3888,0,55,2005.4781818181818,1691.7181224457718,10900.0,18363.683636363636,5411.036843675726,9301.3,0.5272727272727272,2044,334,0.8190802348336595,0.0,0.0,0
1584,0,289,1316.4664359861592,1366.8361319277287,8520.0,23169.767820069206,6497.751495750152,31270.4,0.5467128027681661,2044,0,4.303894324853229,1.0,1983.0,0
5546,0,369,10091.360704607047,10973.320703174992,39600.0,34740.85772357724,16612.065094663853,1074291.3,0.5121951219512195,2043,0,5.497973568281938,1.0,2536.9,0
2029,0,36,1919.4444444444443,2287.833590907026,12400.0,17811.11111111111,6361.346568041247,8900.0,0.5833333333333334,2042,752,0.5366503428011753,0.0,0.0,0
10911,1,460,7146.399347826087,8125.186277237185,32823.0,39886.77478260869,12331.622804603034,473327.69999999995,0.6304347826086957,2042,0,6.857198824681684,2.0,10959.0,0
2467,0,397,8224.87783375315,9438.636559171224,34130.0,53424.59068010076,17786.70038087387,88658.09999999999,0.6574307304785895,2042,0,5.918060724779627,1.0,5332.0,1
2962,1,422,11484.25308056872,14380.755909016245,64100.0,60424.51421800948,27644.954448834516,592494.8,0.5639810426540285,2041,26,6.293816756491917,1.0,2604.5,0
165,0,372,2360.934139784946,2661.1229421730286,14650.0,32643.973387096772,9067.59439479299,61585.100000000006,0.6370967741935484,2039,0,5.553545855811673,1.0,1788.0,0
1617,0,358,2213.881284916201,2618.0473048073427,16000.0,22694.332681564243,6179.201487856531,18063.1,0.6229050279329609,2039,0,5.344541441883276,1.0,1536.0,0
327,0,464,4933.168965517241,6004.009591300275,29400.0,49392.09396551725,13041.844683956278,64598.0,0.6918103448275862,2038,0,6.930402355250245,2.0,7057.0,0
2068,0,490,1216.22,1413.847264859871,10600.0,19533.502040816325,5419.965594680605,14333.4,0.6877551020408164,2038,0,7.3187438665358195,3.0,2624.0,0
4448,1,431,10880.96705336427,13576.012978666156,64800.0,67194.59025522042,27298.351309716425,766692.8,0.5266821345707656,2038,0,6.437507360157016,1.0,5353.5,1
640,0,305,1839.8786885245902,1772.3634474639132,4337.0,26865.89081967213,5713.343579264085,36166.6,0.5573770491803278,2038,0,4.555544651619234,1.0,2891.0,0
510,0,456,7222.552412280702,12446.738786721337,57500.0,41170.01951754386,27061.10870963969,291217.9,0.6842105263157895,2038,0,6.810912659470069,3.0,4804.0,0
2534,0,417,2021.629016786571,2094.148286456914,12800.0,25459.37170263789,5965.012166134282,18648.899999999998,0.6163069544364509,2037,0,6.231458026509572,2.0,3410.0,0
1018,0,417,1425.206954436451,1506.014028874852,10600.0,18606.367865707434,5560.953496995258,22388.9,0.6354916067146283,2037,0,6.231458026509572,2.0,2642.0,0
1285,0,393,7017.23486005089,7836.267017748314,28558.0,38152.47582697201,10093.205773571342,43724.90000000001,0.6564885496183206,2036,0,5.875697445972496,1.0,7213.0,0
3670,0,307,1903.9143322475568,1823.5131298391782,5200.0,23208.654397394137,4730.257458641948,23405.299999999996,0.5602605863192183,2036,0,4.589921414538311,1.0,2961.0,0
1743,0,316,1709.9335443037974,1669.6438177565883,5400.0,31507.327848101264,8269.99591483267,49212.6,0.5727848101265823,2036,0,4.724479371316307,1.0,2279.0,0
3072,0,374,8696.762299465241,10892.062495057691,53200.0,42014.90935828877,15600.953721874088,17010.70000000002,0.6390374331550802,2035,0,5.594378378378379,1.0,5268.0,0
2146,0,428,6695.591822429906,8246.819160795858,29739.0,45042.43621495327,11078.225548709344,52922.90000000001,0.6845794392523364,2035,0,6.402122850122851,2.0,5630.0,0
4576,1,415,6633.3378313253015,7367.037481446254,28365.0,35204.12265060241,10287.546854930208,53576.8,0.6602409638554216,2035,0,6.207665847665848,1.0,8339.0,0
3258,0,406,9154.490147783252,12709.221889540748,63000.0,51675.91403940887,26885.056114119114,544322.2,0.5862068965517241,2035,0,6.07304176904177,3.0,10424.0,0
2176,1,471,8654.492356687899,12376.11695901841,59400.0,34860.07324840764,28864.113698994373,319768.10000000003,0.6560509554140127,2034,26,7.048790560471977,3.0,14527.8,0
8934,0,440,5568.0027272727275,6880.620552971866,24583.0,25337.54,12736.930293094661,1118874.6,0.4,2034,0,6.584857423795477,0.0,0.0,0
1999,0,450,7515.920888888889,9590.286577488707,39200.0,46157.05822222222,13481.484835817755,41083.19999999999,0.7022222222222222,2034,0,6.734513274336283,2.0,6454.0,1
2741,0,315,10803.26507936508,13976.21257606382,62900.0,53773.17428571428,24435.764319788206,857876.5,0.45714285714285713,2033,0,4.716478111165765,0.0,0.0,1
4427,1,372,4348.222849462365,4098.983651898734,14886.0,18739.45107526882,7013.270091755918,14225.699999999999,0.553763440860215,2033,0,5.569936055090999,2.0,12323.0,0
3682,0,369,2478.630352303523,2908.29524983581,26400.0,38579.436856368564,15271.98715014103,86400.2,0.5040650406504065,2033,0,5.525017215937039,1.0,2761.0,0
2862,0,457,7700.855361050328,9790.91863376033,36070.0,46438.747702407,14254.383807855997,16606.499999999985,0.7045951859956237,2033,0,6.842636497786523,2.0,7099.0,1
3032,0,343,2433.95889212828,2719.8128752875723,24700.0,24683.542857142857,7626.47612711316,50394.700000000004,0.6209912536443148,2033,0,5.1357206099360555,1.0,2858.0,0
701,0,344,2504.498837209302,6526.007247681513,46345.0,33108.14970930233,12296.657005208024,44008.0,0.438953488372093,2032,0,5.153228346456693,0.0,0.0,0
6281,0,363,5119.112121212121,5683.741890746461,23576.0,12773.22865013774,11202.057896122113,757638.7,0.46831955922865015,2032,0,5.437854330708661,0.0,0.0,0
306,0,345,2484.4565217391305,2433.0165575167503,8600.0,19537.8284057971,5612.605924033244,32739.1,0.5652173913043478,2032,0,5.168208661417323,1.0,3657.0,0
1207,0,394,7060.761421319797,7660.533734365559,28635.0,45048.60609137056,9956.415253496842,30577.60000000001,0.6573604060913706,2032,0,5.902244094488188,2.0,10362.0,0
1247,1,429,11360.431235431235,14313.86963488033,63600.0,54881.73543123543,30694.903393147797,1031291.8,0.5337995337995338,2032,0,6.426555118110236,1.0,2077.0,0
5343,0,298,6267.952013422819,6572.565220079699,32000.0,21020.98791946309,20195.764797728603,9964.499999999995,0.610738255033557,2032,0,4.464133858267717,0.0,0.0,0
5129,0,496,13990.103024193548,14586.498296086987,66600.0,49626.819354838706,29025.13578638644,628573.1,0.5342741935483871,2032,0,7.430236220472441,0.0,0.0,0
3713,0,402,13984.569651741294,15173.325354671848,64600.0,69107.28880597015,33029.16647528466,1371877.0,0.39800995024875624,2032,0,6.0220866141732285,0.0,0.0,0
2327,0,330,6984.949696969697,7306.956790875615,31700.0,26055.75909090909,9994.907528746815,124260.2,0.5424242424242425,2032,0,4.943503937007874,1.0,13208.0,0
774,0,418,2383.9772727272725,5852.690515137549,49556.0,32809.57224880382,12838.672885717977,64833.7,0.44258373205741625,2032,0,6.261771653543307,0.0,0.0,0
1990,0,331,1258.69667673716,1288.1134941366008,3600.0,23489.75649546828,4402.244490296298,33166.2,0.5921450151057401,2031,0,4.960925652387987,1.0,2168.0,0
2388,0,301,1466.8591362126244,1444.4096413499135,5670.0,24389.23754152824,4966.862945235408,32351.4,0.5714285714285714,2031,0,4.511294928606598,1.0,2328.0,0
3566,0,407,2056.878624078624,2283.213230810874,10200.0,21241.285503685503,6256.127700100261,31859.2,0.6412776412776413,2031,0,6.099990152634171,3.0,4049.0,0
10266,1,453,9714.766445916115,13797.463851712533,61000.0,38446.58984547461,26029.39255733816,243479.0,0.5121412803532008,2030,31,6.792768472906404,1.0,3151.3,0
3771,0,319,11493.93040752351,14950.457502321678,64700.0,55906.48902821317,29864.887179275505,598924.2,0.4890282131661442,2029,0,4.7857861015278464,1.0,1152.0,0
1978,1,564,8622.56365248227,11617.205495892375,51303.0,56266.273226950354,16163.104821300401,297576.30000000005,0.7429078014184397,2029,0,8.461389847215377,4.0,18957.3,0
2022,0,334,1776.0200598802394,1932.007575802889,13300.0,27093.10958083832,6586.483916135037,46468.30000000001,0.5958083832335329,2029,0,5.010823065549532,1.0,1943.0,0
3542,0,323,1346.0882352941176,1409.1385494692472,6000.0,22027.18947368421,5220.7685405491975,34148.1,0.5820433436532507,2029,0,4.845795958600296,1.0,2267.0,0
1515,0,540,7315.935370370371,10122.441294785165,41014.0,53932.857407407406,14609.415228913114,843415.9,0.6833333333333333,2029,0,8.10133070478068,3.0,5219.0,1
4171,0,359,11044.228969359332,11796.35207393028,50300.0,47685.28941504178,23993.749548289292,651011.0,0.48467966573816157,2028,0,5.3885404339250496,2.0,16947.8,0
433,0,209,3327.5095693779904,7239.459320553329,40525.0,27942.246411483255,10285.745477975397,17481.500000000004,0.5263157894736842,2028,24,3.137061143984221,0.0,0.0,0
1373,0,361,1067.5603878116344,1180.55365239218,5790.0,17875.873130193908,2586.715691078258,15900.099999999999,0.6426592797783933,2028,0,5.418560157790927,2.0,1974.0,0
3246,0,372,3016.955107526882,2899.32066654245,10400.0,23190.91478494624,5976.645703994389,14082.100000000002,0.5887096774193549,2026,0,5.589180651530108,1.0,4621.0,0
1475,0,390,8434.03282051282,8871.762100749076,36300.0,29285.11564102564,14838.492038088234,1469972.4,0.45384615384615384,2026,0,5.859624876604146,0.0,0.0,0
3133,0,441,6304.183900226758,7465.77757277646,29391.0,31303.18253968254,10647.351190261481,52505.899999999994,0.691609977324263,2026,0,6.6258835143139185,2.0,9518.0,0
2779,0,531,4597.908851224106,6652.285403634764,25962.0,56277.56327683616,14423.410444156138,78166.4,0.7457627118644068,2025,0,7.982044444444445,4.0,8311.0,1
135,0,326,2277.558282208589,2813.350814107421,24700.0,40000.601226993866,14091.504703988192,73702.8,0.5061349693251533,2025,0,4.900464197530865,0.0,0.0,0
446,0,394,8710.75964467005,9893.916486853184,36240.0,46774.79847715736,15294.399106609657,49494.100000000006,0.6624365482233503,2025,0,5.922646913580247,1.0,6941.0,1
9093,1,580,4664.36448275862,6803.391344582833,28413.0,50215.638965517246,16048.787769561739,59088.2,0.653448275862069,2024,0,8.722924901185772,3.0,7083.0,1
432,0,315,3270.2936507936506,3812.7500802045347,25000.0,24818.571746031746,7007.230892310327,26161.3,0.5619047619047619,2024,0,4.737450592885375,0.0,0.0,0
2880,0,396,6259.963131313131,6865.741325281284,25930.5,36943.30883838384,9022.951231109742,45080.200000000004,0.6515151515151515,2024,0,5.955652173913044,1.0,7501.0,0
5767,0,434,3150.3343317972353,3709.665626005013,23040.0,22743.79331797235,8604.178020436859,12466.299999999997,0.652073732718894,2024,0,6.527154150197629,0.0,0.0,0
1998,0,332,9983.305120481928,11322.578538606138,35202.0,56407.61204819277,14995.579394546996,77676.1,0.5963855421686747,2023,0,4.995590706870984,0.0,0.0,1
2554,0,384,9115.661458333334,10282.217844149289,41920.0,51032.22239583333,14466.793982362267,58244.8,0.6536458333333334,2022,0,5.780890207715133,1.0,7607.0,1
2933,1,473,10610.785412262156,13510.408108121159,62800.0,52304.93805496828,30191.05905535986,503302.7,0.5940803382663847,2022,0,7.120731948565776,2.0,10449.0,0
773,0,456,4130.357456140351,5135.511395135899,29000.0,37451.89824561404,14401.768684119948,65644.8,0.6820175438596491,2021,0,6.868203859475507,0.0,0.0,0
4894,1,410,10335.819024390243,12182.072573033267,54500.0,63274.297317073164,22491.145101078524,611066.2,0.6146341463414634,2020,0,6.178415841584159,1.0,4875.8,1
3969,0,352,7142.989204545455,7944.68918677207,37600.0,35640.11732954546,10421.380676176734,22873.000000000007,0.6193181818181818,2020,0,5.304396039603961,1.0,4299.0,0
1277,0,345,2383.839420289855,2414.849939259,8450.0,21429.039420289853,4839.753679719676,16133.400000000003,0.6202898550724638,2020,0,5.19891089108911,1.0,3175.0,0
5120,1,453,9866.774392935982,12616.951187838124,64000.0,48719.4637969095,24954.637481614907,626712.0,0.5761589403973509,2019,0,6.829777117384845,2.0,9746.7,1
738,0,512,6476.11875,9332.054656134844,35020.0,67680.4841796875,17114.759804551126,63939.6,0.73828125,2019,0,7.719306587419515,3.0,4723.0,1
1299,0,386,1414.0183937823833,1582.8399462444154,8400.0,21969.885492227982,4623.738620280357,25437.9,0.6321243523316062,2019,0,5.819633481921744,2.0,2608.0,0
148,0,445,990.5431460674157,1206.7289390614858,3468.0,17584.471235955058,3489.5948614622475,27206.5,0.7101123595505618,2019,0,6.709162951956414,3.0,2312.0,0
899,0,306,7528.862418300653,7872.990886252136,29400.0,31990.213725490197,10126.889198891758,288450.7,0.5228758169934641,2019,0,4.613491827637445,1.0,1626.6,0
3521,0,429,17252.28251748252,16907.333592410254,64300.0,66023.9386946387,29842.939545336856,512818.8,0.5011655011655012,2018,0,6.471139742319128,0.0,0.0,1
3786,0,424,13970.528301886792,15882.773218949747,68000.0,47682.47617924528,30643.700942576063,1131258.8,0.47877358490566035,2018,0,6.395718533201189,0.0,0.0,0
886,0,385,6819.49948051948,7841.535885590255,50000.0,59624.67480519481,19973.33081425166,93910.1,0.6415584415584416,2017,0,5.810312345066931,1.0,9034.0,1
5228,1,454,15677.367400881058,18967.874034515997,74522.0,64091.71651982379,26230.188428114776,1135908.8,0.6057268722466961,2017,0,6.85164105106594,1.0,7242.0,0
702,0,298,1842.5291946308723,1741.8778426283952,5000.0,15539.03255033557,2877.603657983253,17120.500000000004,0.5671140939597316,2017,0,4.497332672285572,1.0,2813.0,0
300,0,369,2320.349322493225,2580.568855166692,9000.0,36365.451490514904,14913.244825736,73255.7,0.6476964769647696,2017,0,5.568844819038175,1.0,1628.0,1
1451,0,348,2439.1117816091955,2490.642380224835,8500.0,22482.826724137933,5651.605452907658,21821.699999999997,0.6264367816091954,2016,0,5.25452380952381,1.0,3734.0,0
2940,0,365,8283.751506849314,11550.944561230712,64100.0,39683.709315068496,23801.61493093405,223991.3,0.5452054794520548,2016,0,5.511210317460317,1.0,7156.0,0
1837,0,394,8027.781725888325,9053.855866961663,33654.0,60953.4114213198,15226.821753811175,78056.79999999999,0.6624365482233503,2016,0,5.949087301587301,1.0,6387.0,0
3954,0,354,2265.7579096045197,2412.5823367786084,13450.0,25142.686723163843,6007.684937332668,19809.1,0.632768361581921,2015,0,5.34777171215881,1.0,2014.0,0
885,0,444,6666.105405405405,8934.157952195545,31557.0,64154.17274774775,18685.31050458803,88361.59999999999,0.6981981981981982,2015,0,6.707374689826303,2.0,3292.0,1
2697,0,503,2221.471769383698,2721.6326577229183,23200.0,37220.53300198807,15908.340897166572,75161.09999999999,0.6640159045725647,2014,0,7.602442899702086,3.0,4149.0,0
8129,1,413,7053.155447941889,8298.517845052858,30918.0,39672.17820823244,11685.453992709807,58451.99999999999,0.6779661016949152,2014,0,6.242164846077459,2.0,8260.0,1
1930,0,358,2344.946089385475,2393.734080746314,6520.0,21822.988826815643,4522.38882663339,35223.49999999999,0.6368715083798883,2013,0,5.413571783407849,1.0,3223.0,0
2411,0,331,9559.226283987915,11115.442477134633,46400.0,51299.41087613293,13028.714177283038,42082.7,0.595166163141994,2013,0,5.00528564331843,0.0,0.0,0
3775,0,359,2231.976323119777,2306.954559289754,11300.0,19937.18913649025,4172.430573702538,19742.3,0.6406685236768802,2013,0,5.42869349230005,1.0,2448.0,0
9034,1,611,5386.022258592471,7415.690075667683,32706.0,39267.009165302785,10504.211808956641,445526.39999999997,0.6006546644844517,2012,0,9.243956262425447,4.0,17612.0,0
902,0,488,2423.440778688525,2983.891985117261,13700.0,25960.032991803277,6465.944996129729,21117.899999999994,0.7008196721311475,2011,0,7.386732968672302,3.0,3855.0,0
630,0,349,1469.5518624641834,1580.9843690213736,12600.0,18563.683094555876,4921.046752490964,32450.4,0.5845272206303725,2011,0,5.282725012431626,1.0,2361.0,0
3096,0,562,5250.847330960854,7800.588992426907,31026.0,38673.48665480427,11331.934754565471,33720.99999999999,0.7615658362989324,2011,0,8.506852312282446,4.0,8138.0,0
2552,0,390,6461.442564102565,7176.154322514858,26970.0,41071.02128205128,11115.006294779616,75241.4,0.6564102564102564,2009,0,5.9092085614733705,1.0,7035.0,1
3435,0,316,1884.9287974683543,1842.8034266904444,4635.0,22335.52088607595,4636.960496260439,27896.300000000003,0.5791139240506329,2009,0,4.787974116475859,1.0,3090.0,0
5215,1,637,3495.162480376766,5283.49136243036,23230.5,44652.43846153846,14920.57549239707,69283.3,0.7786499215070644,2009,0,9.651707317073171,5.0,7778.0,1
36,0,388,7198.464432989691,8521.315382133253,41120.0,44958.033762886604,13868.631496799719,79147.0,0.654639175257732,2009,0,5.878904927824789,1.0,4069.0,0
2687,0,336,2440.7702380952383,2498.5141304039093,11100.0,22295.697023809524,4700.553802278039,30057.6,0.6041666666666666,2009,0,5.091010452961673,1.0,3830.0,0
1861,0,425,5092.165647058823,6564.797901543474,34080.0,57694.43976470588,14609.096859211895,89777.2,0.6776470588235294,2008,0,6.4427290836653395,2.0,3093.0,0
2464,0,447,9887.19284116331,12312.109549808909,58200.0,44194.76823266219,25758.304223158793,410167.2,0.5950782997762863,2008,0,6.776235059760957,3.0,12828.0,0
2736,0,340,3976.7335294117643,4059.218400868832,15200.0,22279.03676470588,7450.106018221797,29332.199999999997,0.5911764705882353,2008,0,5.154183266932272,1.0,4604.0,0
1145,0,381,971.2887139107612,1045.929373510606,4050.0,18238.610236220473,4011.973230596948,27085.8,0.6509186351706037,2007,0,5.778594917787743,2.0,1947.0,0
2298,0,363,8496.318732782369,9531.748202495737,32682.0,46840.70633608815,10836.213005998388,60282.49999999999,0.6336088154269972,2007,0,5.50559043348281,1.0,4550.0,1
929,0,368,3552.7752717391304,3691.8758623732633,13240.0,28732.543478260868,8526.063182440388,30024.100000000002,0.6032608695652174,2007,0,5.581425012456402,1.0,5884.0,0
381,0,330,3564.7715151515154,3856.1000661653447,18560.0,32042.480909090908,7545.282765547363,49153.399999999994,0.5727272727272728,2006,0,5.007577268195414,0.0,0.0,0
3778,0,400,8103.64975,10265.081102206992,50800.0,70632.147,20572.000694513845,96578.70000000001,0.655,2006,0,6.069790628115653,2.0,4550.0,1
1118,0,399,2748.3889724310775,3058.5374736986296,20100.0,25068.14636591479,7741.0004489947705,40446.0,0.6491228070175439,2006,0,6.054616151545364,2.0,5025.0,0
4352,0,353,9745.793201133145,11019.577270665068,36404.0,51545.871104815866,12279.639113543959,64463.8,0.6203966005665722,2005,0,5.359261845386533,2.0,4216.0,1
1322,0,374,1531.6697860962568,1569.8558544410198,6550.0,19292.933155080213,4190.395507886701,22659.3,0.6443850267379679,2005,0,5.678084788029925,2.0,2916.0,0
1852,0,335,1362.9719402985074,1422.1904999024187,11000.0,19906.852835820897,5521.523457825183,31856.4,0.582089552238806,2005,0,5.085985037406483,1.0,2199.0,0
8173,1,423,13587.570212765959,15935.615842148742,61260.0,56843.838534278955,21679.243970606225,1034310.2,0.5957446808510638,2005,0,6.422004987531172,1.0,6695.0,1
2705,1,440,6213.767727272727,6464.472965800227,24500.0,33983.19181818182,11159.85413910838,526261.4,0.5431818181818182,2005,0,6.680099750623441,2.0,13331.2,0
9472,1,454,9881.049779735682,13116.908749744662,55900.0,53966.386784140974,24864.06766241674,488004.60000000003,0.6233480176211453,2004,0,6.896087824351298,2.0,8152.0,0
368,0,533,2280.2217636022515,3198.990693755766,15900.0,20285.71181988743,6576.199593118008,30878.99999999999,0.7279549718574109,2004,0,8.096067864271458,5.0,6680.0,0
1425,0,395,2987.6577215189873,3499.6706859157107,28000.0,37374.5511392405,12007.641229746247,52187.6,0.5569620253164557,2004,0,5.999900199600799,1.0,4069.0,0
8027,1,403,13582.181141439207,15988.334513829486,62100.0,62552.72977667494,20473.81497392641,714546.2000000001,0.6054590570719603,2003,0,6.124473290064903,1.0,6469.7,0
3261,0,445,3099.158426966292,3186.230220675551,13149.0,30640.886741573035,7736.853339612633,22328.3,0.6494382022471911,2003,0,6.7627558662007,2.0,5844.0,0
35,0,379,1841.5886543535619,2138.2495698505754,14950.0,19932.31240105541,5108.903889256532,20742.1,0.6649076517150396,2003,0,5.759740389415876,2.0,2384.0,0
2186,0,340,2086.715,2244.481491674749,12650.0,23552.696764705885,4761.004956303059,29289.900000000005,0.6088235294117647,2003,0,5.167049425861209,1.0,2283.0,0
1566,0,564,3832.491843971631,5355.360499162519,41920.0,28438.279432624113,9440.312921961302,46966.200000000004,0.74822695035461,2003,0,8.571223165252123,4.0,8109.0,0
78,0,388,6364.6275773195875,7063.635105895368,26217.0,35816.85335051546,12439.71547812933,77936.3,0.6469072164948454,2003,0,5.896515227159262,1.0,9039.0,0
3939,0,384,3068.8609375,3165.9371109319495,11649.0,28924.887760416666,5656.510447944814,27896.600000000002,0.609375,2002,0,5.838641358641359,1.0,5177.0,0
2584,0,394,1360.7375634517766,1567.3511679987753,7200.0,17301.790862944163,3895.049136335897,26197.4,0.6624365482233503,2002,0,5.990689310689311,2.0,1576.0,0
2336,0,376,2294.6779255319148,2252.257765240194,10400.0,20125.073670212765,5938.168499719831,38341.7,0.5664893617021277,2002,0,5.717002997002997,1.0,3058.0,0
2078,0,380,5447.070000000001,6261.815531105049,33440.0,37665.50421052631,8753.926199667041,44614.59999999999,0.6447368421052632,2002,0,5.777822177822178,1.0,3598.0,0
3882,0,566,947.6719081272086,1261.2765109474833,8800.0,20930.651236749116,4285.466864312728,33813.1,0.7049469964664311,2001,0,8.610214892553723,4.0,2164.0,0
4159,0,368,2615.261141304348,6095.673438560814,49859.0,40096.4847826087,15962.244604402476,53234.9,0.4701086956521739,2001,0,5.59816091954023,0.0,0.0,1
907,0,353,1446.5461756373938,1443.73230315535,11700.0,21933.939660056658,5178.5323711554065,16357.599999999999,0.5580736543909348,2001,0,5.369975012493753,1.0,2118.0,0
1411,0,393,4825.873027989822,5401.982451650888,27400.0,59822.11806615776,21379.027461890768,98188.09999999999,0.6513994910941476,2001,0,5.978470764617692,1.0,5174.0,0
1684,0,304,10652.10197368421,13884.787415608129,61700.0,57462.41973684211,23306.185302649974,293759.0,0.5394736842105263,2000,0,4.62688,1.0,2123.0,0
3748,0,380,1076.7365789473686,1230.7956021634495,7800.0,17198.970263157895,2518.8961816678816,16591.899999999998,0.6657894736842105,2000,0,5.7836,2.0,2128.0,0
2213,0,384,3867.6083333333336,3916.638963475902,19840.0,27458.139583333334,6411.83900395454,30943.600000000006,0.5885416666666666,1999,0,5.847403701850927,1.0,6273.0,0
1062,0,360,9071.513888888889,9654.31192994313,34764.0,51014.00083333334,14089.688658782348,30024.99999999999,0.6361111111111111,1999,0,5.481940970485243,1.0,7844.0,0
273,0,488,4160.082991803279,5040.803624433337,19802.0,33734.515163934426,9183.612639157536,189282.5,0.6434426229508197,1999,0,7.431075537768885,4.0,9299.1,0
10320,1,441,8510.056916099773,9756.923348965805,38960.0,38296.05759637188,12623.527568949921,485419.1,0.6145124716553289,1999,0,6.715377688844423,2.0,16742.8,0
1416,0,344,12134.528488372092,15573.633177173051,69400.0,46694.65668604651,32860.95021847455,347819.6,0.5087209302325582,1998,18,5.240920920920922,1.0,3688.0,0
3277,0,331,7139.640181268882,7961.2699536389255,24981.0,40593.23111782478,10803.276857087265,52559.700000000004,0.595166163141994,1998,0,5.042862862862863,0.0,0.0,0
1892,0,315,1868.6666666666667,1826.9778434468935,8500.0,19741.175555555554,4160.168053387515,23682.000000000004,0.5968253968253968,1997,0,4.80150225338007,1.0,2398.0,0
3413,0,529,2654.0483931947074,4781.999459039301,44160.0,60900.201512287334,27504.43355953833,101641.6,0.6824196597353497,1997,0,8.06347521281923,4.0,4987.0,0
3654,0,391,7423.612531969309,8918.76780780622,47800.0,68182.02480818414,23309.415719708166,102960.5,0.6419437340153452,1997,0,5.959959939909865,1.0,6946.0,1
3000,0,317,3297.6943217665616,4373.678027611105,42240.0,43400.03943217666,13574.76517377576,66097.1,0.5425867507886435,1996,0,4.83440881763527,0.0,0.0,0
3955,0,435,2723.54091954023,3050.273256147662,14720.0,36894.10413793103,11789.976293348709,64730.299999999996,0.6229885057471264,1996,0,6.633967935871744,2.0,5126.0,0
1544,0,451,5937.567405764967,7401.258966862158,28425.0,42402.259201773835,10704.625068365884,47780.899999999994,0.6940133037694013,1996,0,6.8779759519038075,2.0,9715.0,0
9703,0,433,11094.842725173212,14315.556181112295,53400.0,54702.37759815242,21046.792146062704,1035427.3,0.44803695150115475,1995,0,6.606776942355889,1.0,2467.0,0
234,0,320,2341.4484375,2371.3460910305407,11000.0,16960.2796875,4445.5110794892835,15951.499999999998,0.603125,1995,0,4.882606516290727,1.0,2809.0,0
3241,0,327,2335.863914373089,2330.302615366646,6282.0,35815.881957186546,15858.258343466,72395.5,0.6085626911314985,1994,0,4.991915747241725,1.0,3034.0,0
3465,0,383,3825.4772845953003,4260.056368193907,21300.0,50661.930548302866,16421.522338441016,85559.8,0.6161879895561357,1994,0,5.846800401203611,1.0,4543.0,1
3152,0,330,5059.225454545454,5592.6029378605,37400.0,25562.403636363633,8749.716143622518,42234.39999999998,0.593939393939394,1994,0,5.037713139418255,1.0,6339.0,0
1497,0,380,3223.0263157894738,3796.7652659938885,18700.0,23371.24236842105,6403.03571532565,33918.0,0.6421052631578947,1994,0,5.801003009027081,2.0,5724.0,0
3078,0,315,1343.3977777777777,1346.9683427358739,3800.0,16557.521904761907,2951.14730880663,21118.3,0.5968253968253968,1994,0,4.808726178535607,1.0,2232.0,0
400,0,359,5427.774651810585,5633.7435036000425,20666.0,42425.313091922006,11630.413423603395,51763.1,0.6239554317548747,1993,0,5.483171098845961,1.0,6948.0,0
1902,0,292,5370.378424657534,6008.3370576728685,39300.0,31884.332876712328,9519.617636435432,242550.5,0.4897260273972603,1993,0,4.459849473156047,0.0,0.0,0
757,0,408,2632.018382352941,3034.3388143183606,11622.0,48415.34583333334,14980.491293101368,78011.5,0.6568627450980392,1991,0,6.237830236062281,2.0,3099.0,1
1116,0,358,4942.893016759776,5235.179996448755,21920.0,38568.62094972067,9841.710370718127,51511.700000000004,0.5893854748603352,1990,0,5.476140703517588,1.0,8086.0,1
5700,1,355,4089.80338028169,4630.474626145614,26240.0,21089.56281690141,14134.567379523754,-4887.399999999996,0.6281690140845071,1990,19,5.430251256281407,1.0,1728.0,0
3267,0,383,4549.219843342036,4878.000776783078,18447.0,32409.595822454306,9411.498731121343,47193.20000000001,0.639686684073107,1989,0,5.86149824032177,1.0,6403.0,0
3222,0,435,930.5142528735632,1108.2016392157354,7410.0,19071.96183908046,2894.191380263421,20495.7,0.7080459770114943,1989,0,6.6573152337858215,3.0,2123.0,0
408,0,389,4812.2385604113115,5298.723164749557,20000.0,43477.56092544987,15356.581126284582,84848.8,0.6478149100257069,1989,0,5.95332327802916,1.0,5042.0,1
2818,0,411,14065.682238442823,16154.514369124345,61533.0,62138.403892944036,23827.553656957843,1031709.4,0.583941605839416,1989,0,6.290015082956259,2.0,10141.0,1
6273,1,398,9029.850753768844,11661.997348961748,59400.0,51558.49798994975,23034.142842645804,748349.4,0.550251256281407,1989,0,6.091060834590246,1.0,3639.5,1
2513,0,357,1644.692156862745,1713.660234766277,9800.0,20913.08235294118,4496.269932630306,16553.1,0.5938375350140056,1988,0,5.466338028169015,1.0,2655.0,0
3493,0,288,1459.3093749999998,1468.6305376248329,6510.0,25676.74236111111,8167.710708745331,38395.1,0.5590277777777778,1988,0,4.409818913480886,1.0,2277.0,0
1201,0,442,4775.015610859728,5672.791031932872,22620.0,39118.35995475113,11567.265966973602,79324.90000000001,0.6900452488687783,1987,0,6.771253145445396,2.0,7709.0,0
4478,0,326,10311.165030674845,11848.748053435387,36372.0,61320.87975460123,17250.751700495326,91087.8,0.598159509202454,1987,0,4.994182184197283,1.0,707.0,0
2915,0,384,17628.568229166667,20499.4615393457,86400.0,65324.43697916667,24522.087744445926,1124618.2,0.5338541666666666,1987,0,5.882717664821339,0.0,0.0,1
9833,1,547,12866.431627056672,17482.178449808758,73224.0,59053.0096892139,22321.850231868186,650710.1,0.6910420475319927,1986,0,8.384028197381673,3.0,20582.0,0
2253,0,345,2245.828115942029,2301.9210717135943,11250.0,27987.401739130433,6081.161870347562,23710.700000000004,0.6318840579710145,1986,0,5.287915407854985,1.0,2944.0,0
1069,0,306,1915.532026143791,1838.9913618800178,4621.0,17735.557189542484,3642.4978754448516,25220.8,0.5849673202614379,1986,0,4.690151057401813,1.0,3080.0,0
207,0,481,1703.0031185031185,2072.8577138142937,9300.0,22454.22474012474,6327.813807396207,26092.5,0.6777546777546778,1985,0,7.376141057934509,3.0,3139.0,0
3212,0,565,991.2293805309735,1352.6174874000258,10500.0,40596.275752212394,15054.287193222543,62612.6,0.7044247787610619,1985,0,8.664282115869018,4.0,2322.0,1
4035,0,365,11876.112054794521,13614.321762277848,70800.0,51067.42767123288,25556.925954316655,766995.5,0.5260273972602739,1985,0,5.59727959697733,0.0,0.0,1
1268,0,386,1438.202590673575,1424.0973809156928,9000.0,30996.25,10860.738384685666,35114.2,0.5777202072538861,1985,0,5.919314861460957,1.0,2220.0,0
3287,0,384,7972.828385416667,8921.636490248122,32904.0,35358.61380208333,11304.552666561476,53254.09999999999,0.6588541666666666,1984,0,5.891612903225806,1.0,6968.0,0
6226,1,401,14412.395261845386,16604.049631025337,59793.0,67899.04438902743,26592.660150962216,1065375.3,0.5610972568578554,1984,0,6.152439516129032,1.0,6643.7,0
2123,0,295,1400.3406779661018,1404.1206980891136,7400.0,15789.111186440678,2665.7932332852733,14528.5,0.5694915254237288,1984,0,4.526108870967742,1.0,2141.0,0
3982,0,314,1235.7949044585987,1280.7526740859944,3230.0,28268.501592356686,10561.535250842562,47821.6,0.5955414012738853,1983,0,4.82005042864347,1.0,2153.0,0
2701,0,440,3351.2218181818184,3947.1284882041823,28960.0,36436.54772727273,13290.387024616519,50327.59999999999,0.6363636363636364,1983,0,6.754210791729704,2.0,6250.0,1
3629,1,530,4346.113584905661,5735.52016844928,23810.0,22880.588679245284,7533.614269339194,147295.2,0.690566037735849,1983,0,8.13575390821987,4.0,13649.5,0
2841,0,370,3544.937027027027,3666.375153527401,13515.0,23638.272972972973,6042.962822670523,26762.699999999993,0.6189189189189189,1983,0,5.679677256681796,1.0,3536.0,0
563,0,356,3810.6272471910115,3893.744533466903,14052.0,27910.955617977525,7093.34385221406,18941.299999999996,0.5955056179775281,1983,0,5.464770549672215,1.0,6245.0,0
2732,0,387,13074.464857881138,15237.492988990647,64000.0,57999.43746770026,25565.623834130376,775607.5,0.49870801033591733,1983,28,5.940635400907716,1.0,1564.9,0
1297,0,444,6359.422072072072,7994.1888926341,30766.5,53950.948423423426,16416.38507869314,104133.4,0.7004504504504504,1983,0,6.815612708018155,2.0,6189.0,0
7485,1,415,7871.535421686747,8886.351366930307,34800.0,32920.43590361446,12272.670372567974,304264.8,0.6289156626506024,1982,0,6.373662966700303,2.0,14078.8,0
2088,0,348,2250.352011494253,2160.9607332590726,7400.0,23071.264080459772,5314.787533650004,20250.500000000004,0.5574712643678161,1982,0,5.344661957618568,1.0,3240.0,0
225,0,439,2355.4820045558085,3053.195459707371,27520.0,37172.79453302961,17715.85242420801,92940.59999999999,0.592255125284738,1982,0,6.742260343087791,2.0,3385.0,0
1630,0,325,2296.689538461538,2291.411924174317,7500.0,18674.021846153846,4320.5803652420445,27292.100000000002,0.6061538461538462,1982,0,4.991422805247225,1.0,3595.0,0
403,0,314,2131.0907643312103,2281.0720893228236,13050.0,45554.64840764331,18542.894069966034,79050.5,0.5923566878980892,1981,0,4.824916708732964,1.0,2401.0,1
445,0,408,6590.308823529412,7112.520874610116,28446.0,34264.92892156863,9817.987369490053,66450.0,0.6593137254901961,1981,0,6.2693185259969715,2.0,11565.0,0
186,0,413,12428.827602905569,13831.736632398068,59700.0,66521.72590799032,28994.02894513442,858249.8,0.5060532687651331,1981,0,6.346148409893993,1.0,6862.0,0
3720,0,321,2152.692211838006,2227.0191269318743,10150.0,35895.88971962617,12623.059742317346,65002.2,0.6012461059190031,1980,0,4.934969696969697,1.0,2957.0,0
574,0,370,15606.036486486486,17586.59502456927,75900.0,58038.2654054054,24479.25465586883,1165681.5,0.5324324324324324,1980,0,5.688282828282828,0.0,0.0,0
1429,0,316,1288.685759493671,1309.8695087145347,4620.0,23171.58829113924,4599.473275656844,29480.7,0.5981012658227848,1980,0,4.85810101010101,1.0,2166.0,0
3580,0,437,4672.471395881007,6293.454862294965,37120.0,45972.07688787186,13380.254430730864,93158.00000000001,0.6864988558352403,1978,0,6.725116279069768,2.0,3765.0,1
7819,1,591,2197.5818950930625,3111.9074574973442,19700.0,20476.748223350252,5788.766741282262,24062.9,0.7495769881556683,1978,0,9.095065722952478,5.0,6137.0,0
759,0,392,1421.5525510204081,1513.8746686135185,10700.0,49171.64515306122,24381.86151717686,107632.6,0.5561224489795918,1978,0,6.032598584428717,1.0,1952.0,0
6363,1,354,4660.75593220339,5566.392416343528,34720.0,51932.166666666664,14796.891276293647,70539.6,0.6214689265536724,1978,0,5.447805864509607,1.0,1459.0,1
3738,0,353,8047.822096317281,8537.709103932624,30501.0,41891.58895184136,9701.60343206667,51969.2,0.6260623229461756,1978,0,5.432416582406472,1.0,5750.0,0
4000,0,407,2585.085257985258,6503.60571948069,48404.0,51486.06756756757,26038.645431864043,106119.3,0.42997542997543,1977,0,6.266605968639353,0.0,0.0,1
9041,0,427,10257.506791569087,14113.534144293442,59000.0,42342.67517564403,32402.06874037741,685681.8,0.4496487119437939,1976,0,6.577874493927126,0.0,0.0,0
2620,0,370,2614.110810810811,2445.022434286575,9440.0,26110.347027027026,10344.59249302124,52669.0,0.5621621621621622,1976,0,5.699797570850203,1.0,3855.0,0
3609,0,442,6621.907918552036,8517.08065703105,45600.0,54205.72624434389,18196.930681190293,106815.3,0.6945701357466063,1976,0,6.8089473684210535,2.0,6366.0,1
1382,0,324,1198.629938271605,1239.650541888701,3700.0,19169.463580246913,3524.472167209026,24984.100000000002,0.595679012345679,1976,0,4.991174089068826,1.0,2059.0,0
930,0,392,5294.384693877551,5883.749217244691,25920.0,41084.16173469388,12304.226180605328,53614.79999999999,0.6173469387755102,1976,0,6.038704453441296,1.0,9356.0,0
1925,0,302,2461.9420529801323,2451.3387519876637,11300.0,26520.345033112582,6102.525350844473,29994.5,0.5662251655629139,1976,0,4.652267206477733,1.0,3860.0,0
1834,0,390,6548.4766666666665,7368.9101957691255,35520.0,46349.752820512826,13716.254621616548,80273.90000000001,0.6461538461538462,1976,0,6.007894736842106,1.0,8084.0,0
1507,0,379,7866.17889182058,9154.83762836183,46720.0,48764.691820580476,14485.853312705056,76851.79999999999,0.6437994722955145,1976,0,5.838441295546559,1.0,6619.0,1
7857,1,579,9235.258549222799,13204.86233185046,57164.0,53222.2322970639,20279.75757188702,867960.7000000001,0.7219343696027634,1975,0,8.923929113924052,4.0,15012.0,0
6636,0,430,8723.55930232558,12740.031884567969,61100.0,59400.55581395349,32532.80629264814,772035.3,0.5930232558139535,1975,0,6.627443037974683,0.0,0.0,0
601,0,326,1312.4193251533743,1347.7442740637193,5790.0,17694.282208588957,3357.5857558379,16456.699999999997,0.598159509202454,1975,0,5.024526582278481,1.0,2230.0,0
3298,0,325,3218.663076923077,3720.6074631360393,25900.0,43210.38923076923,9580.2925330398,49913.5,0.5753846153846154,1975,0,5.009113924050633,0.0,0.0,0
2938,0,569,10942.402987697715,14034.390888231328,64400.0,59852.27029876976,29011.67482851284,675408.9,0.6115992970123023,1975,0,8.76980253164557,4.0,14700.3,0
2199,0,444,1353.5277027027028,1465.7638768521192,8500.0,23454.39662162162,5478.426477329547,16554.3,0.6418918918918919,1975,0,6.843220253164557,2.0,2498.0,0
3745,0,476,8901.418907563026,10635.923434447588,60800.0,62987.88025210084,21419.03336807729,931903.4,0.592436974789916,1975,0,7.3364253164556965,2.0,12310.0,1
3699,0,368,7445.035326086957,8555.654441400493,49200.0,37033.863315217386,12944.243753440644,9610.999999999984,0.6385869565217391,1974,0,5.6747315096251265,1.0,7085.0,0
816,1,493,11259.115010141988,13699.27250999956,60200.0,70446.023326572,27475.171177741242,290135.3,0.6146044624746451,1974,0,7.6022897669706175,2.0,6539.7,0
3656,0,299,2250.124414715719,5743.061638568919,54600.0,24839.358528428093,10971.346932663508,67106.0,0.411371237458194,1973,0,4.613056259503294,0.0,0.0,0
2038,0,407,2198.4201474201473,2342.793718590893,16960.0,31065.467076167075,5295.322224020361,41074.2,0.6117936117936118,1973,0,6.2793106943740495,2.0,3642.0,0
2542,0,489,1816.3588957055215,2057.015770301747,8200.0,24154.31983640082,5534.389448077075,16087.500000000002,0.6728016359918201,1972,0,7.548255578093308,3.0,3380.0,0
1136,0,438,9806.389041095892,12021.291226292611,46227.0,43188.93949771689,16787.6011522743,478988.4,0.6461187214611872,1972,0,6.761014198782962,3.0,12214.8,0
1589,0,96,1131.3947916666666,1752.8234785697105,14100.0,21390.297916666666,5897.54789991443,11013.9,0.3020833333333333,1972,112,1.4818661257606494,0.0,0.0,0
3136,0,430,3755.829069767442,4446.53502571765,26500.0,48434.457674418605,15171.744009400561,70003.7,0.672093023255814,1972,0,6.637525354969575,2.0,6144.0,0
3547,0,298,1701.2251677852348,1629.0062649304436,4026.0,18734.910738255036,3755.3080437320505,26425.1,0.5604026845637584,1972,0,4.599959432048682,1.0,2684.0,0
26,0,351,9888.995441595442,10088.686126357117,37203.0,32862.65954415954,13040.528282382416,413045.4,0.5811965811965812,1971,0,5.42082191780822,1.0,10387.0,0
657,0,441,1949.7131519274376,2023.4600000896974,16960.0,34546.22517006803,11643.719382809566,62299.5,0.6009070294784581,1971,0,6.810776255707763,2.0,2928.0,0
3538,0,320,10151.358125,11617.700618255732,41280.0,51916.4146875,14684.48507244165,49271.79999999999,0.59375,1971,0,4.942059868087266,0.0,0.0,1
2167,1,412,8136.214320388349,9130.243223795202,36552.0,55541.288834951454,19346.07332155897,72725.5,0.6771844660194175,1971,0,6.362902080162355,2.0,13016.0,1
3127,0,395,11120.983797468354,13373.818187007319,58200.0,52132.19240506329,25617.358845984734,347448.2,0.5544303797468354,1971,0,6.100355149670219,1.0,7334.0,1
47,0,565,8732.554690265488,13542.682047917724,63300.0,45139.10991150443,18662.104050128153,550763.4,0.7256637168141593,1971,0,8.725824454591578,4.0,7264.0,0
3850,0,443,6358.886230248308,7812.196078690935,30315.0,46472.94221218961,12045.798156021563,91314.59999999999,0.6952595936794582,1970,0,6.845137055837564,2.0,7157.0,0
5366,0,350,13306.798857142856,15831.05846842576,67700.0,33324.09485714285,31174.92439125261,577513.4,0.4742857142857143,1970,0,5.4081218274111675,0.0,0.0,0
747,0,369,1985.1262872628727,1869.6413232476282,10400.0,21247.543631436314,4277.070526862935,18199.6,0.5474254742547425,1970,0,5.701705583756345,1.0,2672.0,0
3166,1,427,9726.22693208431,12340.815697310176,55900.0,51253.59274004684,29515.95810301582,888005.3,0.5550351288056206,1969,0,6.601259522600305,1.0,3702.8,1
11021,1,499,10103.73486973948,13233.273875080124,55200.0,63229.36052104208,28154.632441557853,730723.3,0.4749498997995992,1969,0,7.714352463179279,1.0,7040.7,0
1701,0,389,11024.597429305913,12855.147451960356,51600.0,46282.6912596401,24629.593112754013,507838.0,0.5475578406169666,1969,20,6.013793803961402,2.0,11996.3,0
3613,0,422,3141.724407582938,3524.7359504002843,16500.0,24074.594786729856,5834.905309444748,15004.899999999998,0.6635071090047393,1969,0,6.523961401726765,2.0,6174.0,0
3600,0,349,2345.6392550143264,2623.0496622133137,13600.0,38780.61575931232,9172.158571228296,50865.3,0.6361031518624641,1969,0,5.395408836973083,1.0,1537.0,1
3792,0,324,2096.6277777777777,2087.7170598704956,5277.0,18068.140432098764,4793.830393916309,16995.399999999998,0.595679012345679,1968,0,5.011463414634147,1.0,3518.0,0
523,0,320,5074.4565625000005,5715.2870784730685,23100.0,57270.938125,15423.793329140752,70703.3,0.5875,1968,0,4.949593495934959,0.0,0.0,1
3808,0,451,4920.432594235033,6043.419408673804,34880.0,34583.66629711752,10883.758379637447,77323.1,0.6917960088691796,1968,0,6.975833333333333,2.0,6733.0,0
1401,0,353,2417.1070821529747,2643.9206743383997,14500.0,34598.88640226629,7539.946594648769,41656.0,0.6402266288951841,1967,0,5.462796136248095,1.0,2463.0,0
541,0,481,5810.207276507277,7609.860585339336,30159.0,31253.80935550936,11687.280001953326,20178.899999999994,0.7276507276507277,1967,0,7.44364006100661,3.0,8728.0,1
1023,0,280,9016.055714285714,9775.973180374838,37280.0,36780.13642857142,12884.626366695671,41292.8,0.5357142857142857,1966,0,4.3353001017294,0.0,0.0,1
3683,0,373,8655.938605898124,10540.685525362229,41440.0,59459.26675603217,15989.920047888625,60382.3,0.6541554959785523,1966,0,5.775239064089522,1.0,3114.0,0
3220,0,324,8791.437962962962,10023.177039011407,36160.0,51011.46172839506,13228.829540955989,51983.100000000006,0.5987654320987654,1965,0,5.019114503816795,1.0,1882.0,1
1779,0,507,6568.8952662721895,9852.126568199743,61300.0,73729.03944773176,19902.05861402457,78687.1,0.7396449704142012,1964,0,7.857983706720978,3.0,4314.0,1
1912,0,325,2410.690153846154,2397.187287197802,9300.0,24431.882153846156,6369.574636038359,41511.5,0.6153846153846154,1964,0,5.037169042769857,1.0,3232.0,0
238,0,315,1331.7555555555555,1325.2950656168375,3351.0,16704.709523809524,2715.435717304583,18988.2,0.6031746031746031,1964,0,4.882179226069247,1.0,2234.0,0
3113,0,519,9021.271290944123,13556.455446549813,62000.0,46596.44470134875,29923.504953103067,281752.8,0.6994219653179191,1963,0,8.048069281711665,4.0,12766.0,1
5481,1,403,12428.34193548387,15090.689003742173,63800.0,56543.799999999996,20925.72834165055,861531.0,0.5880893300248139,1963,0,6.249271523178808,1.0,4358.0,0
3035,0,464,13838.456465517242,17495.37019881199,69468.0,60284.63125,21332.56261443991,538191.8,0.665948275862069,1963,0,7.195191034131431,2.0,12443.0,1
942,0,393,1995.467430025445,5378.930033364855,45515.0,29103.449363867683,14416.997566062537,74108.3,0.40966921119592875,1963,0,6.094202750891492,0.0,0.0,0
3221,0,396,1654.5681818181818,1976.3814970089195,10500.0,33107.57702020202,9825.291055282541,45842.200000000004,0.6818181818181818,1962,0,6.1438532110091755,2.0,2186.0,1
2616,0,376,7516.347872340425,8165.885761293879,32700.0,32313.560106382978,11114.83992115066,20103.999999999996,0.651595744680851,1962,0,5.83355759429154,1.0,8188.0,0
2137,0,332,8368.556626506024,9267.468220950668,52200.0,35739.346385542165,14349.22881652389,564560.7999999999,0.5210843373493976,1962,0,5.150907237512743,1.0,1958.7,0
978,0,321,2437.131152647975,2574.263061324829,11900.0,45043.64953271028,16254.510166408658,82240.3,0.6105919003115264,1961,0,4.982784293727691,1.0,2062.0,1
2771,0,376,7207.522872340426,7909.178776876613,29343.0,36494.47765957447,11184.602896011687,36545.8,0.6542553191489362,1961,0,5.836532381438042,2.0,8767.0,0
3891,0,387,5808.505167958657,7044.992819820355,38240.0,48361.88604651162,17317.11879071165,86488.7,0.648578811369509,1961,0,6.007281998980113,1.0,3172.0,0
9236,1,561,3690.7429590017828,4652.400400199475,43040.0,55418.81122994653,28683.528162207338,109184.0,0.5668449197860963,1961,0,8.70823049464559,3.0,11733.0,0
274,0,372,7599.908064516128,8213.166566304662,30597.0,35641.404569892475,10068.930379811118,42734.999999999985,0.6451612903225806,1959,0,5.780336906584992,1.0,9886.0,0
552,0,337,1941.206231454006,1939.535963385217,6800.0,21029.13827893175,4401.696578903046,16303.699999999997,0.629080118694362,1959,0,5.236488004083716,1.0,2097.0,0
2417,0,376,1868.5039893617022,2064.605995124504,16000.0,19699.34175531915,5940.825066518272,19594.699999999997,0.6409574468085106,1959,0,5.842491066870853,2.0,3162.0,0
3868,0,305,2196.1701639344265,2260.9779628474666,11600.0,21127.06786885246,5221.565048483368,26829.099999999995,0.5901639344262295,1958,0,4.74167517875383,1.0,3259.0,0
9869,1,465,6547.084516129032,7899.018994553149,33276.0,57196.31333333333,18423.947373302482,85701.49999999999,0.7161290322580646,1958,0,7.229111338100102,3.0,13911.0,1
1875,0,298,1951.1765100671141,1879.5711352978958,4641.0,17454.10637583893,3361.2472254455292,23615.8,0.5805369127516778,1958,0,4.632849846782431,1.0,3094.0,0
8212,0,459,12763.522222222222,14795.852297521513,76200.0,81192.75882352941,30152.65302781843,1272455.1,0.3681917211328976,1958,0,7.135832482124616,1.0,1280.0,1
3477,0,303,1332.502310231023,1340.0267638282837,5300.0,15856.77392739274,2408.988526458638,14725.4,0.5874587458745875,1957,0,4.712989269289729,1.0,2132.0,0
1513,0,553,3763.8940325497288,5288.563735787104,22836.0,47704.14249547921,14333.874377910644,82854.6,0.7613019891500904,1956,0,8.6059918200409,4.0,7549.0,1
3053,0,434,4121.6023041474655,4738.914422178745,19354.0,44856.12211981567,15270.895554436918,86982.6,0.6751152073732719,1956,0,6.7540695296523525,2.0,7465.0,0
1057,0,300,1930.0286666666666,1891.8554503789796,8100.0,18561.117666666665,4022.5997146125865,25705.800000000003,0.5833333333333334,1956,0,4.668711656441718,1.0,3090.0,0
6030,1,353,7888.511898016997,9862.14365919367,44000.0,60557.28158640226,22345.506315487324,75745.90000000002,0.6260623229461756,1955,0,5.4963273657289005,1.0,1177.0,1
3407,0,321,8919.035825545172,12619.655993535687,48133.0,34007.2476635514,28568.311673066015,245323.7,0.5202492211838006,1955,0,4.9980767263427115,0.0,0.0,0
1761,0,478,3581.3483263598328,4283.155818105033,29400.0,30671.41129707113,7695.099926908891,346881.7,0.6129707112970711,1955,0,7.442618925831202,3.0,6749.0,0
3306,0,403,4170.190074441688,5001.420259967827,29400.0,33679.259801488835,9320.995685690375,27303.799999999996,0.6674937965260546,1955,0,6.274843989769821,2.0,5513.0,0
162,0,286,2291.7895104895106,2378.426626957286,13900.0,26178.866433566433,5973.269948396211,21629.0,0.5629370629370629,1954,0,4.45539406345957,1.0,3458.0,0
5011,0,407,11957.770515970515,13654.811961212588,62700.0,34517.93538083538,27972.008783176163,382888.2,0.542997542997543,1954,0,6.340368474923235,0.0,0.0,0
965,0,354,2019.9762711864405,1924.338609326513,10600.0,19794.5395480226,4314.86140489093,18388.800000000003,0.559322033898305,1954,0,5.5147185261003075,1.0,2853.0,0
1305,0,324,4330.229938271605,5154.834901771238,37100.0,60903.61111111111,25653.851647308347,107871.70000000003,0.5833333333333334,1954,0,5.047369498464688,0.0,0.0,1
815,0,312,1176.4028846153847,1176.578886229988,4560.0,16400.612820512823,2761.527542537866,16212.899999999998,0.5993589743589743,1954,0,4.86042988741044,1.0,1949.0,0
1449,0,441,2114.2156462585035,2635.246665374663,27500.0,36809.54195011338,10768.329684432154,58886.299999999996,0.6145124716553289,1953,0,6.873548387096774,2.0,3140.0,1
950,0,359,8187.483008356546,9579.559749122136,63200.0,66693.54651810585,25922.801442088745,85923.59999999999,0.6044568245125348,1953,0,5.59547363031234,1.0,8910.0,1
3361,0,369,3926.092682926829,4443.375258225246,45440.0,43308.214905149056,16568.74029358349,73605.4,0.5636856368563685,1953,0,5.751336405529954,1.0,6154.0,0
3837,0,330,6267.531212121212,6511.003352265867,23255.0,41146.79606060606,12533.923857718251,729085.3,0.4696969696969697,1953,0,5.1434715821812595,1.0,1377.6,0
33,0,344,9395.30465116279,11056.91541837917,63100.0,72337.54040697674,21009.926166387402,112406.0,0.6191860465116279,1953,0,5.361679467485919,1.0,3892.0,1
2894,0,384,15649.162760416666,16121.251973144404,62200.0,73180.65130208334,28719.154157478104,403555.7,0.4973958333333333,1951,0,5.991266017426962,1.0,3735.8,0
2510,0,490,5582.356734693877,7652.729888978587,30076.0,40638.05142857142,11132.567517054047,76508.00000000001,0.736734693877551,1951,0,7.645105074320862,3.0,7918.0,0
389,0,408,2325.081862745098,2444.1629806308833,9370.5,20995.992647058825,5204.413485976795,21078.6,0.6348039215686274,1951,0,6.365720143516146,2.0,4164.0,0
6051,1,391,3617.0427109974426,3125.0413366032103,12200.0,16486.470588235294,7154.862448919148,10932.699999999997,0.5268542199488491,1951,0,6.100481804202974,1.0,7685.0,0
730,0,413,13750.166343825666,14783.673046625448,62400.0,60558.753510895884,28180.57856904442,1496725.1,0.45278450363196127,1951,0,6.443731419784727,0.0,0.0,1
1694,0,371,13934.75040431267,15416.303458619268,60700.0,60340.11536388141,29299.848441637467,716112.4,0.48517520215633425,1950,0,5.791405128205128,0.0,0.0,0
721,0,309,1324.5831715210356,1380.4369684059668,6750.0,20867.933009708737,3566.4572111055895,23661.4,0.5954692556634305,1950,0,4.823569230769231,1.0,2194.0,0
1106,1,379,9353.359102902376,11470.16181712337,56100.0,37400.666754617414,31160.47445327118,500535.3,0.554089709762533,1950,0,5.91628717948718,1.0,8022.8,0
3319,0,411,1312.9367396593675,1478.4127493207782,9700.0,36114.78588807786,11087.702771261926,47266.2,0.610705596107056,1950,0,6.415815384615385,2.0,2220.0,0
10451,1,598,3753.9239130434785,4847.530137383811,21056.0,19822.547658862877,9043.266300401987,13695.300000000005,0.6103678929765887,1950,0,9.334933333333334,4.0,15830.0,0
172,0,378,8156.290476190476,9719.48190563506,46720.0,45636.90026455027,12891.424165283574,64715.000000000015,0.6534391534391535,1949,0,5.903704463827604,1.0,4221.0,1
3920,0,293,12216.400341296927,15936.604146020323,64300.0,53568.59829351536,28947.864020335346,416082.5,0.4709897610921502,1947,0,4.58085259373395,0.0,0.0,0
3011,0,369,1102.449864498645,1282.9989594722103,4530.0,15727.256910569105,2638.1320037168325,20241.2,0.6504065040650406,1947,0,5.769060092449924,2.0,2180.0,0
1337,0,376,2484.329255319149,2653.83583874019,19600.0,38291.421542553195,13275.17032981855,68305.0,0.5319148936170213,1947,0,5.878500256805342,1.0,3264.0,0
2592,0,374,4535.1427807486625,5212.190433138609,40000.0,53270.77887700535,19924.818441624437,89140.59999999999,0.6203208556149733,1947,0,5.847231638418079,1.0,5129.0,1
146,0,305,2558.2662295081964,2528.526007655191,11050.0,22958.172786885247,5232.413484141588,38814.4,0.5770491803278689,1946,0,4.7709146968139775,1.0,3823.0,0
2576,0,397,10563.463476070528,12553.802372401118,64100.0,44902.894962216626,25719.586516528343,704140.6,0.5289672544080605,1946,0,6.210010277492292,1.0,8106.0,0
3195,0,459,1603.90871459695,1886.11803913907,12400.0,34263.22091503268,10618.166502511816,55469.3,0.664488017429194,1946,0,7.179835560123331,3.0,3070.0,0
8073,1,533,9737.571294559099,12596.39754057368,64100.0,49615.3574108818,27708.263211880334,378318.7,0.6322701688555347,1945,0,8.341655526992287,3.0,16372.0,0
4463,0,282,3781.599290780142,4423.259476362517,28200.0,31533.607801418442,6945.958322569414,30288.200000000004,0.5141843971631206,1945,0,4.413408740359897,0.0,0.0,0
2082,0,435,6743.870804597701,10549.859037125761,61100.0,39886.80206896552,24066.474372124394,455270.6,0.6459770114942529,1945,0,6.807917737789203,3.0,7791.0,0
2020,0,304,2193.7970394736844,2982.020622435645,37400.0,24623.789802631578,8037.347749303187,23431.5,0.5756578947368421,1944,0,4.760164609053498,1.0,2329.0,0
160,0,437,4228.266590389016,5558.712745971847,57100.0,53673.30778032036,22560.06066330912,48937.7,0.6521739130434783,1944,0,6.842736625514403,2.0,7926.0,0
7607,1,433,4838.523094688222,5857.05825262568,28480.0,35077.34249422633,9875.21021102305,53221.700000000004,0.6836027713625866,1943,0,6.783592382913021,2.0,7342.0,0
117,0,330,1889.0987878787878,1934.9834804471564,11200.0,21605.936666666665,4536.3424979002975,16679.800000000003,0.6090909090909091,1943,0,5.169943386515698,1.0,2329.0,0
3509,0,301,2333.010299003322,2424.638796671972,13000.0,33601.39368770764,8978.10559506068,48316.5,0.5913621262458472,1943,0,4.715615028306742,1.0,3027.0,0
151,0,394,1833.9527918781725,1968.2872990128474,10700.0,19095.782487309643,4877.381385092491,24334.600000000002,0.6269035532994924,1942,0,6.175777548918641,2.0,3079.0,0
1719,0,281,1847.56512455516,1784.8099195094583,7850.0,21804.45978647687,4847.9604684914275,24183.0,0.5409252669039146,1942,0,4.404552008238929,1.0,2768.0,0
3456,0,316,2492.7041139240505,3714.4759809382467,39700.0,26085.47436708861,9641.789435043778,51411.700000000004,0.5917721518987342,1942,0,4.953161688980433,1.0,1500.0,0
2951,0,487,3366.0283367556467,4554.581915147423,17560.5,48318.726283367556,12301.60848954678,28497.0,0.7330595482546202,1942,0,7.633511843460351,3.0,3015.0,0
7190,1,401,3107.8650872817952,3270.521044776819,12138.0,29107.01995012469,6386.012199988427,22732.3,0.6159600997506235,1942,0,6.285499485066942,2.0,6450.0,0
1827,0,313,1882.1287539936104,1896.5843732551648,11000.0,22659.730351437698,4545.561412310063,31957.500000000004,0.5878594249201278,1942,0,4.906138002059732,1.0,2567.0,0
1689,0,319,1988.101880877743,2019.5508367917826,9400.0,18871.942006269594,4440.20576681151,13366.899999999996,0.6144200626959248,1941,0,5.002761463163318,1.0,2128.0,0
1197,0,380,1549.8134210526316,1554.223559152504,10000.0,32837.588684210525,8222.856061961025,46410.299999999996,0.5894736842105263,1941,0,5.959402369912417,1.0,2582.0,1
5952,1,628,7783.763057324841,11726.870524237129,52968.0,63072.50334394904,17869.761930936915,732790.0,0.7468152866242038,1941,0,9.848696548171047,5.0,15565.3,1
6930,1,357,9312.588795518208,11401.506601679124,36289.5,52050.88851540616,14649.559021006471,67783.4,0.6358543417366946,1940,0,5.601587628865979,1.0,1081.0,1
1107,0,354,2260.2169491525424,2460.3566909110523,11250.0,28189.941525423732,5462.099470264,33494.0,0.635593220338983,1940,0,5.554515463917526,1.0,1746.0,0
8475,1,544,2002.9358455882355,2447.197024308535,11040.0,31828.277941176468,6259.309097328787,35895.50000000001,0.5863970588235294,1940,0,8.535752577319588,3.0,5206.0,0
3575,0,371,3098.6059299191375,3113.3281267961265,11408.0,33798.90269541779,6642.942698695725,28260.000000000004,0.5929919137466307,1940,0,5.821257731958763,1.0,5070.0,0
2691,0,103,1038.8174757281554,1710.3130620105085,13000.0,24212.219417475728,4601.85548209096,12198.2,0.32038834951456313,1940,110,1.6161443298969072,1.0,1370.0,0
3323,0,377,7916.062864721486,9270.235544294572,32653.5,49221.23023872679,11433.17725750502,77308.9,0.6551724137931034,1940,0,5.91540206185567,1.0,3498.0,0
2428,0,315,6883.638412698413,7743.976719600261,39360.0,40058.05206349206,11195.205964765575,44383.29999999998,0.5841269841269842,1940,0,4.942577319587629,0.0,0.0,0
2649,0,546,2882.6695970695973,4447.826704480774,42400.0,44138.33076923077,13550.851809426364,68408.8,0.7124542124542125,1940,0,8.567134020618557,4.0,6951.0,0
2907,0,319,2686.08526645768,2718.358365972267,13950.0,21936.44764890282,5202.491939372119,23453.6,0.6081504702194357,1939,0,5.007921609076844,1.0,3983.0,0
1091,0,105,1370.6609523809523,1800.0792613155443,11500.0,48652.26285714285,21810.159625567656,91519.40000000001,0.17142857142857143,1939,19,1.648375451263538,0.0,0.0,0
1487,0,324,1260.1793209876541,1296.1719787942118,3306.0,22212.21327160494,4068.964877144221,28583.3,0.6018518518518519,1938,0,5.089040247678019,1.0,2204.0,0
3157,0,410,1889.6621951219513,2350.6220077742887,14750.0,33341.322439024385,7760.005817243424,46098.7,0.6853658536585366,1938,0,6.43983488132095,2.0,2434.0,0
4414,1,478,3752.4271966527194,3766.6643200600593,16257.0,34073.22677824268,11146.853804709122,31528.600000000002,0.6422594142259415,1938,0,7.5079050567595464,3.0,11276.0,0
2302,0,413,4216.637530266344,4969.5739998388635,18806.0,34253.49152542373,9334.693514771096,27962.499999999996,0.6852300242130751,1938,0,6.486955624355005,2.0,3827.0,0
1410,0,380,7488.626315789474,8868.775572281422,31192.0,67725.06552631578,15477.795508718456,86235.2,0.6578947368421053,1937,0,5.971708828084667,1.0,3816.0,0
1146,0,428,7104.508411214953,9652.703585510038,63700.0,65281.719158878506,20008.74506720523,68038.00000000001,0.6892523364485982,1936,0,6.729504132231406,2.0,4821.0,1
8564,1,543,9683.493370165746,13676.210813690665,57554.0,54558.81307550645,18730.64462428382,446005.3,0.6095764272559853,1936,0,8.537665289256198,3.0,15848.0,0
750,0,372,6214.3766129032265,6897.119507436125,28960.0,45727.60860215053,10661.998500191836,38884.499999999985,0.6424731182795699,1936,0,5.84900826446281,1.0,6615.0,1
2150,0,309,1374.4828478964403,1444.1318029019728,8460.0,15774.567313915857,2634.978611781324,18110.4,0.5825242718446602,1936,0,4.8584504132231405,1.0,2019.0,0
10940,1,428,7667.821028037383,9085.002285998939,41760.0,47919.98738317758,12241.728357954918,58305.80000000001,0.6985981308411215,1935,0,6.732981912144703,2.0,13010.0,0
9337,1,526,6031.2994296577945,10791.810765894472,59900.0,45315.96235741445,30618.45358817503,402799.3,0.44866920152091255,1935,0,8.274645994832042,1.0,2172.0,1
861,0,413,6068.694430992736,7298.010970040269,27040.0,29687.528571428575,10704.097475091921,19043.999999999996,0.6852300242130751,1935,0,6.497012919896641,2.0,9583.0,0
10440,1,457,2606.168490153173,3118.529092702402,31040.0,36819.134135667395,12786.64427046793,48985.4,0.6477024070021882,1935,0,7.189188630490956,3.0,5910.0,0
10036,0,310,9475.253548387098,14501.778018876645,57700.0,32376.42,29581.624186347806,483275.0,0.4290322580645161,1935,45,4.876692506459948,1.0,4729.9,0
1234,0,328,2454.5576219512195,2792.149145410567,15000.0,21550.111890243905,5341.0937400051125,25592.100000000002,0.6067073170731707,1935,0,5.159855297157623,1.0,2236.0,0
7774,0,437,8653.010983981692,12343.047559115057,64000.0,53907.7643020595,29089.90374669893,1247340.4,0.37986270022883295,1934,0,6.878117890382628,1.0,1002.4,0
1547,0,299,10413.637123745819,12507.461230299406,68200.0,49922.77023411371,16964.479640916306,49823.899999999994,0.5719063545150501,1934,0,4.706080661840745,0.0,0.0,1
1079,0,374,9959.487967914438,10741.896570322006,42600.0,45695.39491978609,17754.946371222497,495698.9,0.5775401069518716,1934,0,5.886535677352637,1.0,10392.0,0
3863,0,356,5126.065449438202,5388.110164438627,19134.0,26291.69775280899,7431.4535314372015,28401.700000000004,0.598314606741573,1934,0,5.603226473629784,1.0,8504.0,0
3480,0,310,5925.571935483871,6476.458253905604,20433.0,52358.51354838709,11014.58158379289,70833.7,0.5838709677419355,1934,0,4.879214064115822,0.0,0.0,0
2671,0,345,1391.3046376811594,1479.192734851985,12300.0,26978.096231884057,3873.739080417573,38914.5,0.5304347826086957,1933,0,5.432902224521469,1.0,1984.0,0
1705,0,320,6414.91375,7179.530877637141,42560.0,33981.4590625,10336.717612805183,54122.79999999999,0.596875,1933,0,5.03921365752716,1.0,5502.0,0
3028,0,310,1694.4793548387097,1673.994394352385,7100.0,17315.995161290324,3700.292954178125,15114.999999999998,0.603225806451613,1933,0,4.881738230729437,1.0,2200.0,0
3310,0,286,2143.2716783216783,2048.8973203323885,8850.0,18270.863636363636,3935.5607993091658,16716.100000000002,0.5699300699300699,1933,0,4.503797206414899,1.0,3277.0,0
6715,1,402,6432.701990049752,7583.918406924535,73500.0,33760.89179104478,17624.468074755114,1039878.8,0.4975124378109453,1933,0,6.330512157268495,1.0,2298.2,0
3255,0,94,1591.26914893617,1953.5824140813388,11500.0,63595.9914893617,31352.10862118105,127379.3,0.13829787234042554,1933,13,1.4802690118986033,0.0,0.0,1
3751,0,414,6545.927053140096,9242.814831355434,42400.0,33810.57198067633,11474.892702717269,51224.20000000001,0.6884057971014492,1933,0,6.519482669425764,2.0,3156.0,0
2987,0,359,8847.261838440112,10035.603778403922,35323.5,45125.91587743733,13763.45974565748,73651.40000000001,0.6462395543175488,1932,0,5.6562939958592136,1.0,5569.0,0
857,0,283,1979.9226148409894,1881.0482033851192,6100.0,19422.089399293287,4076.7021682930485,21742.500000000004,0.5653710247349824,1932,0,4.458861283643892,1.0,3019.0,0
3042,0,398,5215.06608040201,6791.610393638059,57200.0,29899.779899497487,11578.05879973077,45156.69999999999,0.6708542713567839,1932,0,6.270766045548655,2.0,6343.0,0
2695,0,366,7649.445901639345,9137.520791769737,40480.0,57182.52896174864,15532.163137732334,86295.6,0.6502732240437158,1932,0,5.766583850931677,1.0,3923.0,1
2849,0,336,2446.9821428571427,2553.990178228206,13650.0,22493.616071428572,4800.137419367862,32100.4,0.6309523809523809,1932,0,5.293913043478261,1.0,2704.0,0
2802,0,365,1575.7071232876713,1542.2402428634002,9200.0,26071.824657534245,4868.872198144338,38707.5,0.5726027397260274,1932,0,5.750828157349897,1.0,2412.0,0
34,0,409,10617.678484107579,13087.692169788897,47768.0,53975.81931540342,16340.080727234565,569458.5,0.6479217603911981,1931,0,6.447415846711549,3.0,8051.0,1
7133,1,567,1315.5744268077601,1739.8780083546562,12100.0,18803.080070546737,5621.556219542633,16889.099999999995,0.7178130511463845,1931,0,8.938104609010876,5.0,4250.0,0
699,0,347,14082.443804034581,15712.430894648869,73800.0,67500.64899135446,28022.222828478876,498514.4,0.4668587896253602,1931,0,5.470056965302953,0.0,0.0,0
2282,0,421,15182.222090261283,18796.21799907685,69152.0,75360.55368171021,26101.4564632716,874171.5,0.6080760095011877,1931,0,6.6365820818228904,1.0,4704.0,1
8489,1,451,5305.129933481153,6845.042937962215,31500.0,39222.42305986697,11528.745948724101,66030.0,0.5698447893569845,1930,0,7.11318134715026,2.0,11205.0,0
837,0,366,7966.848633879782,8681.22836168422,32010.0,43926.39918032787,13162.448243437748,50873.00000000001,0.6475409836065574,1930,0,5.772559585492228,1.0,9250.0,0
8759,0,420,9997.700238095238,13939.84514248261,80400.0,59481.00761904762,24909.93110185816,868299.3,0.3952380952380952,1930,0,6.624248704663213,1.0,1562.1,1
1602,0,317,1902.9829652996846,2001.9183230850945,12250.0,24413.65425867508,6590.025407738694,32418.0,0.61198738170347,1929,0,5.00232244686366,1.0,2033.0,0
2958,0,302,2174.7523178807946,2131.5935456441543,11400.0,17657.012913907285,4074.4727379573424,16265.599999999997,0.5927152317880795,1929,0,4.765619491964749,1.0,3261.0,0
3408,0,301,9272.677408637874,10719.250912081243,44500.0,41453.70930232558,13998.659193605403,46502.299999999996,0.574750830564784,1929,0,4.749839294971488,0.0,0.0,0
153,0,336,5616.7357142857145,5810.6814414185565,20595.0,27760.480654761905,8557.226375465822,95937.59999999999,0.6011904761904762,1929,0,5.302146189735614,1.0,4544.0,0
3268,0,425,983.1988235294118,1154.7619586539354,3990.0,17077.476941176472,3193.344822739925,23205.9,0.7105882352941176,1928,0,6.710062240663901,3.0,2280.0,0
854,1,511,2768.042661448141,3691.818504617907,15608.0,26392.842857142856,7519.52311154384,44584.2,0.7475538160469667,1927,0,8.072049818370525,4.0,6147.0,0
1831,0,343,2348.5903790087464,2519.8714507720297,13400.0,25689.456268221573,4862.782637851931,24386.899999999998,0.641399416909621,1927,0,5.418225220550078,1.0,2047.0,0
39,0,399,2038.9461152882207,2343.245555569707,7300.0,24918.139348370925,5073.961033227801,16315.899999999998,0.6892230576441103,1926,0,6.306105919003116,2.0,3115.0,0
1811,1,470,7174.257659574469,8588.341683182774,35918.0,35110.6070212766,13660.655449073762,610685.1,0.6468085106382979,1926,0,7.4282450674974045,3.0,14941.8,0
3822,0,358,7355.739944134078,7382.41061468069,26020.0,35142.704748603355,10987.050433136525,493335.3,0.5027932960893855,1926,0,5.658110072689513,1.0,11657.0,0
1404,0,559,6575.215563506261,11865.572185241643,63900.0,54854.84686940966,30082.667370249772,378625.5,0.6779964221824687,1926,0,8.834870197300104,5.0,9086.0,0
517,0,357,9027.673949579832,9882.142718996583,44640.0,54080.77226890756,15571.548945293192,88376.0,0.6386554621848739,1926,0,5.642305295950156,1.0,9255.0,0
1440,0,466,1063.5171673819743,1396.5301301106244,12600.0,20696.191845493562,5048.324953425071,20761.4,0.6738197424892703,1926,0,7.36502596053998,3.0,2132.0,0
3505,0,370,8601.623513513514,10271.25250711914,37440.0,54011.987837837834,20050.862654100234,91313.1,0.6513513513513514,1925,0,5.850805194805195,1.0,3823.0,0
1804,0,351,11165.713675213676,13628.064939626225,52500.0,57437.31823361823,26360.199048640592,941505.5,0.49002849002849,1925,0,5.5503584415584415,0.0,0.0,0
2617,0,338,1112.5473372781064,1324.7440967176049,8760.0,20572.429881656804,4324.037722060799,19359.4,0.636094674556213,1924,0,5.347567567567568,2.0,2033.0,0
467,0,415,3599.181204819277,3847.7634993387974,15374.0,27693.077831325303,7988.61549985247,36254.600000000006,0.653012048192771,1924,0,6.565800415800416,2.0,6832.0,0
4437,0,370,2306.8086486486486,5821.164421114438,68600.0,29747.54162162162,13308.363829745387,35367.2,0.44324324324324327,1924,0,5.8538461538461535,0.0,0.0,0
1453,0,434,13768.432258064515,14870.059649534436,60500.0,58094.00092165898,27964.492718049234,703799.6,0.532258064516129,1923,0,6.869973998959959,2.0,8070.8,1
3977,0,286,2021.9884615384615,1976.6493998345775,8950.0,19878.61013986014,4083.9130543868773,17363.100000000002,0.5699300699300699,1923,0,4.527217888715549,1.0,2974.0,0
8982,1,477,9201.687211740042,12911.456085547317,64600.0,62471.61740041929,28357.322931107745,718388.8,0.46540880503144655,1923,0,7.550639625585024,1.0,6330.2,0
27,0,352,3423.165056818182,3508.370850399397,12940.0,22750.36846590909,6269.7142234750545,32196.499999999993,0.6164772727272727,1922,0,5.5748595213319465,1.0,4054.0,0
4511,0,358,2784.06843575419,2578.9494247657335,10400.0,25874.54441340782,8427.261451666522,25234.9,0.5642458100558659,1922,0,5.669885535900105,2.0,4746.0,0
1052,0,282,3264.2000000000003,7732.773895785732,48867.0,26576.87340425532,11834.222299623487,23981.600000000006,0.4716312056737589,1921,18,4.468547631441957,0.0,0.0,0
10227,0,387,10046.721447028423,13549.583291890027,55600.0,51982.49198966408,30704.33716970107,991415.8,0.38242894056847543,1921,8,6.132368558042686,0.0,0.0,1
3171,0,300,1996.5873333333332,1932.9758141701557,6650.0,20088.892333333333,3719.8274681069324,23710.600000000002,0.59,1920,0,4.7562500000000005,1.0,3102.0,0
228,0,406,7186.839655172414,10310.591293426285,53500.0,41301.764532019704,13989.611609214344,65983.3,0.6822660098522167,1920,0,6.436791666666667,2.0,4104.0,0
3618,0,414,5628.647342995169,6857.436678461508,35360.0,49863.38429951691,19668.76021708563,95278.4,0.6714975845410628,1919,0,6.5670453361125585,2.0,9638.0,0
1016,0,428,6614.164719626168,8575.617884310057,31846.0,64554.43387850467,23253.73435064359,119384.90000000002,0.6985981308411215,1919,0,6.789119332985931,2.0,4774.0,1
15,0,365,6382.391506849315,7597.361809757498,46720.0,38645.228767123284,11120.209344241095,47423.3,0.6465753424657534,1916,0,5.798851774530271,1.0,3072.0,0
3237,0,377,6418.9,7118.829674872155,39040.0,41762.634748010605,14105.833869961554,67581.7,0.6419098143236074,1916,0,5.989498956158664,1.0,9095.0,0
1485,0,441,7756.645578231293,10734.009921387284,62800.0,74517.27052154196,24945.79263698484,109357.10000000002,0.6848072562358276,1915,0,7.0099425587467366,3.0,7303.0,1
7769,1,435,12332.515632183908,14405.775089869103,63300.0,63749.21287356322,28527.97838362557,718532.2999999999,0.5333333333333333,1915,0,6.914569190600523,1.0,4085.0,0
2613,0,357,1735.5985994397759,1910.241324281414,12600.0,21216.29887955182,5535.115388498012,19225.1,0.6442577030812325,1915,0,5.6747154046997395,2.0,3095.0,0
2201,0,422,919.9988151658767,1103.2616889145668,5070.0,16886.6018957346,2674.8522391931465,16953.899999999998,0.6990521327014217,1913,0,6.714939884997387,3.0,2096.0,0
1896,0,371,10740.196226415093,12973.732831949197,59300.0,47880.89164420485,26554.919053181806,282056.0,0.5444743935309974,1913,0,5.903418714061683,2.0,11254.5,0
5387,0,353,4021.6991501416433,4495.4494190557925,26300.0,23347.54447592068,12820.858667130422,8093.999999999997,0.6345609065155807,1913,0,5.616999477260847,0.0,0.0,0
3535,0,301,1288.6116279069768,1329.3386950526717,5250.0,18753.631561461792,3180.210942180909,26782.500000000004,0.5780730897009967,1913,0,4.789566126502875,1.0,2131.0,0
1120,0,360,1819.166388888889,2021.685916002249,11000.0,20404.077777777777,4872.114371208292,29467.499999999996,0.6638888888888889,1913,0,5.728384736016728,2.0,2703.0,0
235,0,368,1126.5611413043478,1192.6244683890768,5070.0,20774.386141304345,4307.0699271905605,16332.900000000001,0.654891304347826,1912,0,5.858744769874478,2.0,2216.0,0
3701,0,306,2407.9150326797385,2542.396241802339,14350.0,34012.8522875817,9525.884394369721,48693.6,0.6045751633986928,1912,0,4.871673640167364,1.0,2844.0,0
1516,0,274,1455.8368613138687,1456.5569950303345,7860.0,27295.582116788322,6812.3746360404275,38602.9,0.5583941605839416,1910,0,4.366785340314136,1.0,2277.0,0
4543,0,280,2444.9978571428574,3226.064382216089,34400.0,39634.8525,13881.792162740654,65061.2,0.5035714285714286,1910,0,4.462408376963351,0.0,0.0,1
2427,0,406,5040.025123152709,7742.646925222097,53900.0,33329.30517241379,19954.606589985295,331950.2,0.6354679802955665,1910,0,6.470492146596859,3.0,8706.0,0
1981,0,346,1121.0904624277457,1226.5946635198757,8970.0,22479.95606936416,4243.418261982012,31162.899999999998,0.6502890173410405,1910,0,5.514261780104713,2.0,2184.0,0
8566,1,452,6777.677876106194,11244.511643692726,59800.0,32238.657743362834,28104.252758532522,135420.2,0.5553097345132744,1910,0,7.203602094240838,3.0,15843.8,0
678,0,443,2374.6401805869077,2782.6474881023832,11800.0,20618.85869074492,5992.596648194363,12493.2,0.6997742663656885,1910,0,7.060167539267017,3.0,5088.0,0
4659,0,325,11351.668923076923,13010.94512344498,49128.0,47062.728615384614,23685.230096746254,687843.4,0.5107692307692308,1910,0,5.179581151832461,0.0,0.0,0
4059,0,106,1280.838679245283,1794.5938133113523,10900.0,11028.450943396227,11780.302333667763,-15431.1,0.33962264150943394,1910,20,1.6893403141361258,1.0,5652.0,0
4013,0,360,5123.3175,4783.246333496465,23674.0,34420.97944444444,10158.575004460406,455018.3,0.48333333333333334,1910,0,5.73738219895288,2.0,7689.0,0
7011,0,356,10497.174719101124,13506.04397062819,56000.0,52689.247471910116,28923.593545243355,695719.6,0.5028089887640449,1910,0,5.6736335078534035,0.0,0.0,0
2132,0,309,9440.091585760518,10611.586098216607,32289.0,45962.241747572814,14225.13517156368,61614.7,0.5857605177993528,1910,0,4.924586387434555,0.0,0.0,0
1816,0,298,1764.1822147651008,1705.4521256195571,4250.0,17916.21979865772,3794.2846155077455,19188.7,0.5738255033557047,1910,0,4.749277486910995,1.0,2824.0,0
2623,0,367,2395.1618528610356,2285.12452646174,13440.0,38591.562670299725,13562.282795953926,70654.8,0.5258855585831063,1909,0,5.85200628601362,1.0,2891.0,0
2793,0,292,1422.2979452054794,1513.3839136741158,8130.0,19928.412671232876,3070.998952893098,23670.6,0.5856164383561644,1909,0,4.656092194866423,1.0,2301.0,0
2479,0,439,1982.0776765375854,2429.909234752448,10500.0,20207.958086560364,5541.6176237144855,15838.499999999998,0.6879271070615034,1909,0,7.000083813514929,3.0,3991.0,0
11135,1,416,5049.229807692308,5758.141804133253,23204.0,39338.62211538462,9510.74700051468,53703.2,0.6826923076923077,1908,0,6.636813417190775,2.0,8337.0,0
8041,1,442,12672.645475113122,15204.873219046995,63200.0,62794.68190045249,29049.419054908038,736696.5,0.5271493212669683,1908,0,7.051614255765199,1.0,3900.5,1
492,0,306,2642.1022875816993,2738.2393386443905,11500.0,27381.741503267975,9269.249349398326,16669.699999999997,0.5588235294117647,1908,0,4.88188679245283,0.0,0.0,0
799,0,39,1834.5820512820512,2283.0988675219232,11400.0,16012.005128205126,4459.6323779308095,9348.7,0.38461538461538464,1908,858,0.6222012578616353,0.0,0.0,0
3972,0,424,5484.83820754717,6670.492453588646,27800.0,46974.86179245283,11421.425425674068,72747.0,0.6886792452830188,1907,0,6.7679916098584165,2.0,9024.0,1
1468,0,356,1073.8233146067414,1184.2048277534657,5850.0,18588.083426966292,3998.5115361975422,27232.7,0.6601123595505618,1907,0,5.682558993183011,2.0,2149.0,0
624,0,392,14397.178316326532,15697.966734848284,63800.0,61773.27908163265,28260.31935025025,525371.1,0.5051020408163265,1907,0,6.257199790246461,0.0,0.0,0
3483,0,300,1312.5486666666666,1319.8678770269323,4230.0,17802.263666666666,2832.372843110144,19452.2,0.5966666666666667,1906,0,4.791185729275971,1.0,2173.0,0
4260,1,365,8956.27890410959,9911.15574316893,36680.0,30600.53616438356,13973.957677516742,246727.40000000002,0.6273972602739726,1904,0,5.835399159663866,2.0,16081.5,0
616,0,334,2497.548502994012,2647.840860472006,9500.0,23468.74730538922,6065.468736740312,28890.8,0.6347305389221557,1904,0,5.339789915966387,1.0,1869.0,0
931,0,499,1579.1254509018036,1965.0912536046571,9440.0,25466.18597194389,5541.079690742609,18723.2,0.6993987975951904,1903,0,7.981902259590121,4.0,3474.0,0
102,0,319,5542.552978056426,8414.679454784698,48218.0,30807.713793103445,17543.774447819735,323153.6,0.5924764890282131,1902,0,5.10534174553102,3.0,11120.2,0
540,0,367,3141.5891008174385,7983.894589864441,49850.0,30033.743596730244,14576.896395953685,23311.200000000008,0.43869209809264303,1902,0,5.8735436382755,0.0,0.0,0
2660,0,387,14512.291989664083,14984.410356811133,58000.0,46953.39302325582,29570.87990031736,476845.4,0.5322997416020672,1901,0,6.196885849552867,0.0,0.0,0
4287,0,300,2969.241,3111.280362734521,13440.0,28277.198,7102.449236654928,15787.9,0.5566666666666666,1901,0,4.803787480273541,0.0,0.0,0
3551,0,445,1134.9842696629214,1455.7166155994023,10400.0,27233.263370786513,5672.075960199438,18297.600000000002,0.6651685393258427,1901,0,7.125618095739085,3.0,2192.0,0
2072,0,339,9591.608259587021,10705.238748518032,50400.0,71335.48849557522,22303.29633164247,114646.79999999997,0.6194690265486725,1901,0,5.4282798527091005,1.0,6746.0,1
4119,0,317,1978.441955835962,4699.317025132075,45681.0,35555.999053627755,13078.498440225478,48801.7,0.47634069400630913,1900,0,5.078673684210527,0.0,0.0,0
1345,0,420,7279.200476190476,9554.173401509399,36480.0,51314.625,15458.424505709801,53931.8,0.7,1899,0,6.7323854660347555,2.0,4142.0,1
1565,0,470,1912.948085106383,2444.8266091335936,15680.0,35587.96617021276,10957.81776720625,32399.2,0.6659574468085107,1898,0,7.537829293993678,3.0,3088.0,0
2824,1,413,4952.833414043584,6135.844217324064,32640.0,56606.756658595645,21835.844074349563,98065.8,0.6731234866828087,1898,0,6.6236670179135935,2.0,8130.0,1
2052,0,467,2906.9256959314775,3957.287743648872,24900.0,41006.163383297644,7777.0333933068005,51661.9,0.7173447537473233,1898,0,7.489715489989463,4.0,6412.0,1
1767,0,448,5778.710044642858,8144.898260444152,43200.0,48502.396875,13770.168333353591,48113.7,0.7142857142857143,1898,0,7.1849947312961016,3.0,4829.0,0
2140,0,368,1478.1959239130433,1509.7127822225748,8820.0,25632.59538043478,7410.251825997045,45439.700000000004,0.5760869565217391,1897,0,5.905071164997365,1.0,2318.0,0
1051,0,296,5948.161824324324,6459.2932328226525,28000.0,36312.6027027027,10696.127641195128,20391.500000000004,0.5709459459459459,1897,0,4.749731154454402,0.0,0.0,0
3927,0,407,2068.8572481572483,2138.280276951157,14240.0,26558.820638820638,7733.437271258443,43036.5,0.6191646191646192,1896,0,6.534324894514769,2.0,3326.0,0
2050,0,536,4122.10578358209,5755.495627212629,24616.0,40845.62201492537,12972.704784341717,65320.30000000001,0.753731343283582,1896,0,8.605400843881856,4.0,9704.0,1
2276,0,314,1784.7541401273886,1957.2438945482454,13600.0,33392.121337579614,8411.098262655602,50768.399999999994,0.6146496815286624,1896,0,5.041223628691983,1.0,1615.0,0
126,0,335,9452.159402985075,12409.422080767756,49750.0,44559.284776119406,24077.089412113317,458659.4,0.5373134328358209,1895,0,5.381213720316623,1.0,7384.0,0
2859,0,366,11918.307923497268,14130.293824872313,64200.0,54987.50081967213,32334.240952818604,697319.5,0.4918032786885246,1895,0,5.879176781002639,0.0,0.0,0
2667,0,291,1339.819587628866,1371.0983088050634,5800.0,17912.483161512027,3774.829724201538,25343.1,0.584192439862543,1895,0,4.674427440633245,1.0,2180.0,0
1789,0,74,1834.3783783783783,2085.5868931409136,12800.0,44263.39054054054,17170.354505712083,53144.0,0.32432432432432434,1895,5,1.1886860158311345,0.0,0.0,1
838,0,68,1823.9352941176471,1879.5220525175837,10400.0,21187.11911764706,8935.588799837324,4227.6,0.4411764705882353,1895,35,1.092306068601583,0.0,0.0,0
3264,0,327,1882.2434250764525,2073.324895983454,14800.0,22858.81131498471,4728.777759668108,27833.2,0.6299694189602446,1895,0,5.252707124010554,1.0,1886.0,0
198,0,329,1589.2197568389058,1805.7439976715334,12450.0,21220.6085106383,4409.492919631578,22504.9,0.6322188449848024,1893,0,5.29041732699419,2.0,2866.0,0
2345,1,400,6712.4895,7791.051715755948,29954.0,32837.5655,9835.089140282513,244775.8,0.655,1893,0,6.432118330692024,2.0,6940.2,0
5256,1,408,8926.522549019608,13027.480807740629,59800.0,52787.83676470588,26204.411514820473,273249.2,0.47549019607843135,1893,0,6.560760697305864,1.0,5388.5,0
40,0,366,2475.718306010929,2942.4350527567067,13000.0,23698.2306010929,7303.301275637761,23704.5,0.6366120218579235,1893,0,5.885388272583201,2.0,4334.0,0
419,0,308,2295.4948051948054,2542.350569162356,16100.0,25225.575324675327,6131.613310642301,26548.0,0.5357142857142857,1893,0,4.952731114632858,0.0,0.0,0
3892,0,300,1369.7213333333334,1474.006516804963,8670.0,9777.594000000001,3466.9958595974067,11384.0,0.5966666666666667,1893,0,4.824088748019018,1.0,2238.0,0
1217,0,358,1045.4522346368715,1202.9538339169994,4050.0,18260.269832402235,3573.043381681598,26695.5,0.6620111731843575,1893,0,5.756745905969361,2.0,2107.0,0
397,0,324,12773.944135802469,13975.450921993945,57500.0,60707.06604938271,26927.60921101722,1064093.5,0.4845679012345679,1892,0,5.21276955602537,0.0,0.0,0
3146,0,333,1567.6186186186187,1584.0364037062914,8500.0,22426.961861861862,4807.441538331473,24120.6,0.5615615615615616,1892,0,5.357568710359408,1.0,2122.0,0
287,0,357,1569.4016806722689,1692.5020300379442,6300.0,18807.99719887955,3242.533753749624,15348.0,0.6610644257703081,1891,0,5.746737176097303,2.0,2344.0,0
2180,0,41,1914.6341463414635,2210.267062552595,14200.0,17960.975609756097,6350.940011084204,11300.0,0.43902439024390244,1891,661,0.6599894235854046,0.0,0.0,0
354,0,364,4227.894505494506,4701.608386484302,22100.0,41640.40576923077,15132.84797371554,82653.2,0.6236263736263736,1890,0,5.8625185185185185,1.0,4771.0,0
259,0,378,2128.182275132275,2489.928436398376,14650.0,22133.24021164021,5616.853971046939,15944.499999999996,0.6772486772486772,1890,0,6.088,2.0,3154.0,0
1666,0,321,2273.0258566978196,2487.9977341073063,14800.0,32330.419937694707,7727.555898122076,50900.9,0.6199376947040498,1888,0,5.175444915254237,1.0,2164.0,0
1495,0,407,8085.242260442261,10850.419100138617,36478.5,50689.58476658477,19267.247351682097,21265.2,0.6904176904176904,1886,0,6.56897136797455,2.0,3729.0,1
2582,0,422,6916.745260663507,9350.781722813825,43360.0,52323.52417061611,12455.292296503456,71614.1,0.6990521327014217,1886,0,6.811071049840934,2.0,3129.0,1
4470,0,335,16149.006865671641,18265.582102332475,78900.0,53013.68119402985,20699.79263377515,1136052.9,0.4955223880597015,1886,0,5.406892895015907,0.0,0.0,0
1381,0,287,1722.2655052264809,1666.7526649487147,5000.0,18330.624390243902,3933.803071349439,20235.799999999996,0.5644599303135889,1886,0,4.632173913043479,1.0,2705.0,0
2435,0,371,12673.881401617251,14903.479167106681,63200.0,50464.06846361185,27740.8935629919,470860.4,0.5390835579514824,1886,0,5.987932131495229,2.0,9537.9,0
542,0,282,1787.8570921985815,1731.5770140202626,8550.0,18302.977304964537,3198.9599885000143,18331.3,0.5567375886524822,1886,0,4.551474019088017,1.0,2750.0,0
1123,0,405,5405.483950617284,6121.6890210957445,24345.0,31797.59259259259,9914.005708027737,32084.599999999995,0.6864197530864198,1886,0,6.536691410392366,2.0,9112.0,0
3225,0,366,7439.388524590165,8272.430823418927,34560.0,52727.12568306011,20013.95152609071,85171.8,0.644808743169399,1886,0,5.907232237539767,1.0,8030.0,0
1133,0,328,1669.9253048780488,1788.7978447773323,9700.0,16451.05457317073,2936.0163306116287,19913.1,0.6189024390243902,1886,0,5.293913043478262,2.0,2998.0,0
3086,0,340,8154.381764705882,9137.262465145266,31617.0,59540.09735294118,14807.239182011492,108917.4,0.6264705882352941,1885,0,5.4905039787798415,1.0,5022.0,1
2250,0,350,8176.925142857142,9612.447861906769,45760.0,49110.747142857144,14253.349743467501,92031.40000000001,0.6371428571428571,1885,0,5.651989389920424,1.0,4182.0,1
340,0,393,1761.965903307888,2117.96517640808,10000.0,27949.95648854962,9105.499994024969,39396.2,0.6819338422391857,1884,0,6.349745222929936,2.0,1818.0,0
4079,1,584,8464.04743150685,12201.661206924648,61400.0,51315.45719178082,28097.641796009502,766966.1,0.648972602739726,1884,0,9.435753715498938,4.0,8860.0,0
841,0,331,2084.47915407855,2176.393422117623,8200.0,31681.052265861028,9433.327374500604,42834.2,0.622356495468278,1883,0,5.35084439723845,1.0,2109.0,0
2269,0,357,3813.2913165266104,4057.6377639226116,23200.0,27695.69019607843,6979.472538486953,26526.6,0.6162464985994398,1883,0,5.771152416356878,2.0,5093.0,0
2867,0,371,8436.566846361186,10324.584644987877,61900.0,65021.91212938005,24271.51016687445,90679.9,0.6253369272237197,1883,0,5.9974721189591085,1.0,7523.0,1
3371,0,352,11694.636647727273,13327.986936028403,55700.0,45131.87386363636,26118.676163557902,551676.1,0.5255681818181818,1883,0,5.690323951141796,1.0,11549.0,0
520,0,281,1469.7633451957295,1575.3652893994088,8670.0,22336.091103202845,6062.5647799153885,33911.1,0.5551601423487544,1883,0,4.542559745087626,1.0,2332.0,0
743,0,296,1818.4550675675673,1749.265158135198,4440.0,23065.644256756757,4676.805199122921,24382.3,0.5777027027027027,1882,0,4.7875876726886295,1.0,2691.0,0
3640,0,314,2509.0783439490447,3297.3773475375056,33200.0,21961.684713375795,8144.77145924181,24326.200000000004,0.6019108280254777,1882,0,5.078724760892667,1.0,2040.0,0
3354,1,533,2727.0819887429643,3764.5967395515163,19300.0,25265.188367729832,8492.325567398138,30676.3,0.7429643527204502,1882,0,8.620892667375132,4.0,5148.0,0
107,0,476,2222.6789915966388,2452.288701596687,10600.0,32995.464075630254,8747.998006586018,44266.8,0.680672268907563,1882,0,7.698958554729012,3.0,4554.0,0
243,0,363,13568.62258953168,16744.36493280887,69500.0,55187.607713498626,28434.50955812109,343140.0,0.5454545454545454,1881,17,5.874385964912281,2.0,4108.0,0
3687,0,335,4759.200895522388,4958.781309134893,18400.0,46188.51313432836,11867.445731763595,80411.9,0.608955223880597,1881,0,5.421265284423179,1.0,5106.0,0
1984,0,303,5774.923102310231,6410.159516590835,38720.0,47602.643234323434,10720.449056162412,72457.29999999999,0.5808580858085809,1880,0,4.906021276595745,0.0,0.0,0
4173,0,196,2353.839285714286,5690.100743782789,39330.0,22948.412244897958,8830.146459200223,48355.3,0.5,1879,0,3.1752208621607236,0.0,0.0,0
2700,0,505,8006.752673267327,11258.363065865962,45612.0,38833.72039603961,14500.161825591229,512230.9,0.7089108910891089,1879,0,8.181053751995742,4.0,14796.0,0
2318,0,536,5790.899626865672,8395.947685468349,34443.0,52188.19402985075,13570.033038110238,22325.799999999996,0.7649253731343284,1879,0,8.683257051623205,4.0,9177.0,0
7965,1,406,8256.87709359606,10152.205742559187,52400.0,40340.959113300494,20910.111346976762,469286.1,0.5714285714285714,1879,0,6.577243214475785,2.0,13223.0,0
3352,0,379,1802.2147757255937,1869.5991749197105,9300.0,21064.78733509235,5257.475967247816,17643.0,0.6174142480211082,1879,0,6.139840340606706,2.0,2938.0,0
4255,0,340,13554.489705882354,15323.588234989162,56200.0,74434.1844117647,20915.112661510575,841506.5,0.538235294117647,1879,0,5.50803618946248,0.0,0.0,1
73,0,366,7007.049453551913,7886.3690998351885,44160.0,48022.019672131144,13545.51459573953,61919.700000000004,0.6502732240437158,1879,0,5.929238956891964,1.0,6061.0,1
3948,0,523,3755.3265774378588,5509.106425102401,22635.0,42067.589866156784,13155.371457014193,75406.59999999999,0.7571701720841301,1878,0,8.477167199148031,4.0,5273.0,1
648,0,354,7284.871186440678,8564.225957659082,54100.0,65589.15112994351,22959.889216694883,109049.2,0.6073446327683616,1878,0,5.737891373801918,1.0,9240.0,1
3688,0,309,6682.838834951456,7390.769269047175,24700.0,44336.96957928802,9354.443991885259,29732.800000000007,0.5922330097087378,1877,0,5.011166755460842,0.0,0.0,0
462,0,356,7749.439325842696,8671.15992508133,33920.0,43138.660393258426,11433.432293943997,44965.19999999999,0.6460674157303371,1877,0,5.773383058071391,1.0,8325.0,0
3243,0,302,2748.9582781456957,2742.876781202202,13850.0,19489.699006622515,5340.059862210569,18978.2,0.5993377483443708,1877,0,4.897645178476292,1.0,3886.0,0
8625,1,549,11533.747358834244,14758.547320122923,68100.0,65871.96994535519,28061.249760717772,470888.10000000003,0.5282331511839709,1877,0,8.903335109216837,2.0,10121.8,1
321,0,310,2019.3970967741934,2111.6980261276503,9200.0,24106.009354838712,5533.07092668713,17965.9,0.6129032258064516,1876,0,5.030063965884861,1.0,1876.0,0
3548,0,294,2415.7489795918364,2428.3318945069063,10100.0,22954.262244897956,5534.24286378865,36971.00000000001,0.5952380952380952,1876,0,4.7704477611940295,1.0,3586.0,0
5984,0,304,7027.008223684211,7789.024915564122,24700.0,29238.32730263158,17008.975964800637,11124.7,0.5855263157894737,1876,0,4.932707889125799,0.0,0.0,0
3091,0,416,5075.417788461538,6019.909351758848,29200.0,47051.84783653846,9500.390969849352,65286.59999999999,0.6899038461538461,1876,0,6.75002132196162,2.0,8309.0,0
626,0,366,2850.062841530055,3034.3272566728965,30080.0,32379.35983606557,7486.434264644833,34601.799999999996,0.546448087431694,1876,0,5.938720682302772,1.0,3639.0,0
998,0,341,9745.919941348975,11832.246234131993,87400.0,41224.81407624633,17448.84742842147,22380.29999999999,0.6334310850439883,1876,0,5.533070362473348,1.0,7641.0,1
3326,0,272,14757.544852941177,16335.372941760279,59100.0,38131.41433823529,36753.19257077915,435918.2,0.5036764705882353,1876,28,4.413475479744137,0.0,0.0,0
2457,0,318,2542.995283018868,2502.986963737554,9400.0,22240.440566037734,5430.134723975627,19561.300000000003,0.559748427672956,1876,0,5.159872068230277,1.0,3834.0,0
2549,0,335,2239.0737313432833,2369.697525310685,9450.0,39087.42298507463,10444.866657113876,56535.299999999996,0.6268656716417911,1875,0,5.4386133333333335,1.0,2085.0,0
1947,0,308,2584.0084415584415,2714.404792986686,14600.0,34761.9487012987,9802.766773365312,59247.4,0.6103896103896104,1875,0,5.000277333333334,1.0,3448.0,0
2738,0,408,4674.140441176471,5667.6792775592485,27200.0,31102.375980392157,10542.055108673592,46618.100000000006,0.6764705882352942,1875,0,6.623744,2.0,8914.0,0
1809,0,459,6253.812200435729,7388.946816602784,30082.0,38187.88039215687,15130.184534868644,477371.8,0.6339869281045751,1875,0,7.451712000000001,3.0,13312.0,0
519,0,323,2597.779256965944,2777.6426326012793,13600.0,25775.01919504644,4941.344137212399,26447.499999999996,0.628482972136223,1875,0,5.243797333333334,1.0,3245.0,0
2665,0,398,2502.7959798994975,5235.856816540032,49825.0,33531.83743718593,11235.060089009665,19960.8,0.44974874371859297,1874,0,6.464845250800427,0.0,0.0,0
1114,0,324,9405.016975308641,13953.647500074527,61100.0,38207.98549382716,27609.898275014737,678625.5,0.5432098765432098,1874,0,5.2628388473852725,1.0,3350.0,0
8957,0,391,8768.49769820972,13199.097755039826,57200.0,46236.038363171356,30164.78564146017,478671.4,0.44501278772378516,1874,0,6.351141942369264,1.0,1209.4,0
2271,0,291,1223.4109965635737,1232.340225392338,5340.0,19156.653608247423,3092.203252789911,26293.4,0.5910652920962199,1874,0,4.726808964781217,1.0,2032.0,0
196,0,504,3495.6156746031747,4655.016365773446,29700.0,49601.22976190476,16118.810125470829,73933.1,0.7281746031746031,1873,0,8.191009076348104,4.0,8626.0,1
3218,0,354,1061.2217514124293,1126.0061921527467,4230.0,17587.786440677966,2439.232416449625,21805.3,0.6638418079096046,1873,0,5.753208756006407,2.0,2116.0,0
3660,0,346,2192.237572254335,6809.414263275739,49215.0,24576.941040462425,14907.263323517423,52791.399999999994,0.3786127167630058,1873,0,5.623192738921516,0.0,0.0,0
787,0,372,2506.7801075268817,2918.44731975782,14300.0,20832.108870967742,5457.64392107256,27392.999999999996,0.6397849462365591,1873,0,6.04574479444741,2.0,4517.0,0
3820,0,357,4959.458823529412,5671.5901986594645,40160.0,45745.07843137255,16276.245909074094,77255.6,0.5854341736694678,1873,0,5.801964762413241,1.0,8054.0,0
10906,0,389,10773.660925449873,14714.615601566738,64200.0,49015.2383033419,28708.196268463238,607881.3,0.41645244215938304,1873,16,6.322028830752803,0.0,0.0,1
914,0,290,1393.53,1445.5716141573341,5910.0,17852.345172413792,3902.3802017873477,26752.5,0.5896551724137931,1873,0,4.7130806193272825,1.0,2298.0,0
9656,1,481,11633.435343035344,12895.65535643684,53200.0,56452.65051975052,25205.432488265396,767033.6,0.5675675675675675,1873,0,7.8172130272290445,2.0,16534.5,0
1941,0,248,8754.836693548386,10657.331647437175,49800.0,38553.73266129032,12667.3275478962,45044.300000000025,0.5080645161290323,1872,18,4.032649572649573,0.0,0.0,0
3617,0,475,4573.145263157895,6914.320441287303,46900.0,66958.47957894737,21794.77335080833,92026.8,0.7263157894736842,1872,0,7.723824786324787,3.0,3243.0,0
3370,0,316,10287.440822784809,10806.940366488387,40500.0,34541.611708860764,16411.726237126008,689796.1,0.5126582278481012,1872,0,5.138376068376068,1.0,2385.5,0
1664,0,344,8523.118023255814,10654.840943718604,60300.0,36922.908139534884,13644.060264740243,20269.4,0.6395348837209303,1872,0,5.593675213675214,1.0,5454.0,0
4337,1,407,12470.097051597051,14301.437831469273,58700.0,63675.634889434885,24013.35166618876,887478.2999999999,0.5184275184275184,1871,0,6.6216354890432925,1.0,2142.0,1
2557,0,341,2102.1724340175956,1897.7065974028017,9300.0,22616.772727272728,5227.053749050215,22321.6,0.5542521994134897,1870,0,5.550823529411765,1.0,2806.0,0
1527,1,389,9456.969922879176,12079.837300128363,54700.0,36316.49074550129,26530.46976375722,1070044.3,0.5115681233933161,1870,0,6.332171122994653,1.0,4557.2,0
3938,0,333,9081.492792792793,10387.058292106705,34551.0,52237.28768768769,12703.180405512572,69573.90000000002,0.6306306306306306,1870,0,5.420598930481284,1.0,3869.0,1
1686,0,407,1881.7201474201474,2083.262098399422,19200.0,34306.45577395577,8939.129008207641,46976.9,0.5945945945945946,1869,0,6.628721241305511,2.0,2757.0,0
10670,0,468,11761.351923076923,13900.810779475567,59400.0,74768.41688034189,29380.634785848208,669448.3,0.4423076923076923,1869,0,7.622215088282505,0.0,0.0,0
3309,0,459,4404.930283224401,5951.467437162811,30700.0,31591.88496732026,9695.879321666473,31361.79999999999,0.7320261437908496,1867,0,7.4836422067487955,3.0,6152.0,0
3107,0,309,2240.225566343042,2452.0187766012873,12650.0,51045.58834951457,22556.51510207902,101046.5,0.6148867313915858,1867,0,5.038007498660954,1.0,2642.0,0
8377,1,423,6611.670212765957,9764.587743481716,52700.0,42368.316784869974,26121.746987372433,177564.5,0.557919621749409,1867,0,6.896689876807714,3.0,13140.8,0
345,0,361,6030.603047091413,6761.675852012216,24646.0,42126.15318559557,14027.272335020449,82884.5,0.6343490304709142,1867,0,5.885827530798072,1.0,8819.0,0
498,0,309,9230.622653721683,11003.767384731347,54400.0,70417.59773462782,23433.95969006128,100027.20000000003,0.5792880258899676,1866,0,5.0407073954983925,0.0,0.0,0
3571,0,402,2147.060696517413,2319.2564895966493,12160.0,27696.955721393035,5817.730803421283,39367.2,0.6218905472636815,1866,0,6.557813504823152,2.0,3446.0,0
5991,1,459,4734.439433551199,6214.1855317214,35500.0,33080.64967320261,9437.59467293587,32064.5,0.7254901960784313,1866,0,7.4876527331189715,3.0,7485.0,0
1128,0,311,2288.5025723472672,2452.0521248327063,11850.0,36842.723794212216,8687.806932693356,61289.1,0.617363344051447,1866,0,5.073333333333333,1.0,2070.0,0
10439,1,421,11902.29643705463,13875.817033713947,56835.0,56137.61472684086,22160.97955758901,722903.6,0.6484560570071259,1866,0,6.867759914255092,2.0,16449.0,1
1302,0,292,2466.962671232877,2461.366034575498,12050.0,23002.141438356164,6214.650265175735,35449.9,0.5924657534246576,1866,0,4.763386923901393,1.0,3924.0,0
10788,1,373,6009.70455764075,9991.312025549385,46212.0,31357.27533512064,20703.727843400175,234721.8,0.5388739946380697,1865,0,6.088,1.0,3813.7,0
4343,0,303,6646.809570957096,7518.253768856261,27200.0,62243.54257425742,19057.25774197612,101348.09999999999,0.5841584158415841,1865,0,4.945479892761394,0.0,0.0,1
2460,0,297,3192.837037037037,3876.7931794798465,26800.0,35370.3101010101,11444.017709928969,70637.4,0.5454545454545454,1865,0,4.847549597855227,1.0,435.0,1
1931,0,450,2922.33,3696.623668572309,23040.0,22518.046666666665,7603.634112436822,17511.300000000003,0.6911111111111111,1864,0,7.348712446351932,3.0,6223.0,0
2972,0,327,13930.269418960244,16117.662133652739,68700.0,62892.31100917431,31137.92365373303,510825.7,0.5015290519877675,1864,0,5.3400643776824035,1.0,3554.8,1
1286,0,468,14125.348504273503,15691.2147228766,63900.0,67098.58290598291,27316.468650054852,975863.1,0.5149572649572649,1864,0,7.642660944206009,1.0,8500.0,0
1235,0,341,1531.3255131964809,1587.3115452643553,7100.0,18689.102639296187,3761.734496911996,17144.799999999996,0.6510263929618768,1864,0,5.568690987124464,2.0,2892.0,0
4385,0,316,2899.8477848101265,6983.247342802416,48082.0,31863.257278481015,12512.03696057917,27887.499999999993,0.5189873417721519,1864,0,5.160429184549357,0.0,0.0,0
7449,0,333,2476.184984984985,4403.454446058094,38080.0,34356.71231231231,10355.703401397188,47948.39999999999,0.40540540540540543,1863,0,5.440966183574879,0.0,0.0,0
545,0,331,4500.842900302115,5067.100085958799,27200.0,41791.18277945619,14950.69350284986,85459.8,0.6132930513595166,1863,0,5.408287707997853,1.0,3306.0,0
245,0,326,9785.830981595092,12902.867613270739,62800.0,39687.90245398773,28493.845809922277,760335.5,0.44171779141104295,1862,0,5.329452201933406,0.0,0.0,0
688,0,351,1539.431623931624,1627.281362412233,11900.0,24106.931623931625,5659.91361908314,16819.3,0.584045584045584,1862,0,5.738152524167562,1.0,2509.0,0
173,1,572,4513.022202797203,6008.430636037174,25970.0,37433.84877622378,14646.410673186,64005.49999999999,0.7272727272727273,1861,0,9.35608812466416,5.0,17342.0,0
10904,0,364,2200.3903846153844,3376.810146172824,40000.0,20072.207417582416,6919.298847500322,15526.900000000003,0.4478021978021978,1861,0,5.953874261149919,1.0,538.0,0
7844,1,366,11498.813387978142,13502.117595404123,47906.0,48070.32868852459,16631.122306187473,666562.5,0.5956284153005464,1861,0,5.986587855991403,1.0,3816.0,0
6353,1,462,6941.221428571428,9588.189868139905,36634.5,45950.87424242424,12062.680629871296,66201.1,0.7337662337662337,1861,0,7.55684040838259,3.0,7902.0,1
604,0,292,3801.1900684931506,4295.442078053755,22200.0,38391.99657534246,8906.51858337487,47512.299999999996,0.571917808219178,1861,0,4.776184846856529,0.0,0.0,0
6806,0,333,9672.981981981982,10605.63090699735,36434.0,43578.546246246246,16318.365739337816,843063.6,0.5105105105105106,1861,0,5.446813541106932,1.0,2428.9,1
5927,1,502,3824.3103585657373,4682.536151615906,21429.0,17821.62908366534,9978.23167118818,507401.2,0.5139442231075697,1861,0,8.211112305212252,1.0,1817.3,0
2419,1,420,14347.51619047619,15093.692914012317,80100.0,66389.95904761905,30364.150216902082,425869.2,0.5333333333333333,1860,0,6.873548387096775,1.0,7984.3,0
1288,0,317,2285.507570977918,2311.622818882427,8400.0,18647.5167192429,4948.190218726503,24338.699999999997,0.6214511041009464,1860,0,5.187892473118279,1.0,2948.0,0
3003,0,190,3695.0,7030.485631408344,45444.0,52129.21631578947,23792.440664926977,91828.0,0.46842105263157896,1860,0,3.1094623655913978,0.0,0.0,1
10131,1,399,7253.251879699248,10333.028424087748,63400.0,35553.19248120301,25619.48424671214,852623.9,0.44110275689223055,1860,0,6.529870967741935,1.0,5983.0,0
1952,0,302,6683.039735099338,7706.727506920441,38240.0,32210.67152317881,10202.633466939533,47482.8,0.5860927152317881,1859,0,4.9450672404518565,0.0,0.0,0
651,0,388,6870.620360824742,8411.519699935376,64000.0,59517.923711340205,18243.309377013564,44213.499999999985,0.6804123711340206,1859,0,6.35326519634212,2.0,6714.0,0
2989,0,283,2137.6851590106007,2110.726059055204,11600.0,21876.365371024734,6310.476339086652,28369.7,0.5759717314487632,1859,0,4.633953738569123,1.0,3395.0,0
1499,0,357,2805.0025210084036,2845.4570557647658,20640.0,35770.61288515406,12119.046857054609,65466.7,0.5406162464985994,1859,0,5.845658956428188,1.0,3666.0,0
426,1,444,6998.74617117117,9647.599463699336,49937.0,34002.07882882883,21202.605077291053,248166.30000000002,0.6396396396396397,1858,0,7.274144241119483,3.0,12584.2,0
3570,0,355,2783.896901408451,2887.506168959874,21400.0,38202.21746478873,12259.325003251348,75416.2,0.5408450704225352,1858,0,5.816038751345533,1.0,3836.0,0
4237,0,267,13851.289513108613,16317.256297373513,62500.0,51824.9138576779,25904.324790400085,520721.9,0.46441947565543074,1858,31,4.374316469321852,1.0,1960.5,0
2739,0,352,2601.596590909091,2946.7913456992605,12400.0,23542.601136363635,7484.743597535822,35488.8,0.6363636363636364,1858,0,5.766889128094726,2.0,4587.0,0
4526,0,267,5988.286516853933,8144.6665753794505,50700.0,32989.073782771535,15145.05256829116,83037.29999999999,0.5355805243445693,1858,0,4.374316469321852,0.0,0.0,0
1621,0,353,5921.731161473088,6587.739135455371,25600.0,38032.99886685552,10923.99411098678,58191.9,0.6402266288951841,1856,0,5.789504310344828,1.0,7887.0,0
344,1,399,4615.171929824562,5535.962489380974,23100.0,41086.57468671679,8906.779904768944,56604.399999999994,0.6791979949874687,1856,0,6.543943965517242,2.0,6422.0,0
1359,0,120,1105.7933333333335,1822.6526293241052,14200.0,33129.175,13147.172642459298,71695.2,0.20833333333333334,1855,25,1.9691644204851753,0.0,0.0,0
290,1,491,8497.66415478615,11593.773715271347,60000.0,53456.63543788187,25051.464582100823,873531.1,0.6069246435845214,1855,0,8.057164420485176,3.0,8504.0,0
66,0,316,18605.43386075949,20221.91835999204,67070.0,64825.51582278481,23902.733490264367,486917.1,0.5664556962025317,1854,0,5.188263214670982,1.0,4471.3,1
1314,0,324,6759.402469135802,6916.5820360371845,24996.0,46633.43672839506,14594.52200948156,50345.2,0.6203703703703703,1854,0,5.319611650485437,1.0,6889.0,1
3145,0,313,2090.998083067093,2230.6098739447702,14400.0,26531.089776357825,8088.326828908515,43923.2,0.6070287539936102,1854,0,5.139007551240561,1.0,2527.0,0
1204,0,410,7539.613902439025,9644.011009987482,47200.0,62110.9756097561,17798.53776820446,82802.5,0.697560975609756,1854,0,6.731607335490831,2.0,7146.0,1
437,0,424,7331.351179245283,9891.122747484955,60800.0,78104.16768867926,22079.416719865436,83553.7,0.6839622641509434,1854,0,6.9614670981661275,2.0,5354.0,0
2063,0,326,2132.4598159509205,2243.6713284625475,7600.0,33397.5972392638,8838.3828416685,40138.7,0.6226993865030674,1853,0,5.355337290879655,1.0,1542.0,1
3087,0,391,864.4539641943734,981.6892270421705,3800.0,17448.467007672632,3231.2044228772543,25364.3,0.6854219948849105,1853,0,6.423119266055046,3.0,1933.0,0
2588,0,354,6511.561864406779,7137.964148276635,26296.5,43220.53559322034,10948.868897451175,57791.70000000001,0.6440677966101694,1853,0,5.815304910955208,1.0,6509.0,1
956,0,321,2696.1510903426793,5423.720766382995,39049.0,40503.2769470405,14100.914764602752,71829.3,0.48286604361370716,1852,0,5.276047516198704,0.0,0.0,0
597,0,348,7453.040517241379,8258.568621363596,29710.0,34850.92672413793,12250.021050208521,18332.100000000013,0.6494252873563219,1852,0,5.719827213822894,1.0,6135.0,0
3129,0,338,2406.7449704142014,2540.084665413184,11900.0,23546.016863905326,4773.9138796430825,19380.6,0.636094674556213,1852,0,5.555464362850972,1.0,2707.0,0
884,0,299,1351.2080267558529,1399.0736275974587,4800.0,20899.470568561872,4678.063707003346,20748.0,0.5886287625418061,1850,0,4.919762162162162,1.0,2259.0,0
4264,0,295,9487.065084745764,10607.635224222753,32250.0,57764.95661016949,12454.51644242801,89448.99999999999,0.5830508474576271,1850,0,4.853945945945946,0.0,0.0,1
3223,0,329,11604.185714285715,13932.435574682973,63600.0,46797.72857142857,28765.79170992014,758085.1,0.47720364741641336,1850,0,5.413383783783784,0.0,0.0,0
737,0,278,1937.7741007194243,1890.0392261449279,8800.0,22374.223741007194,4551.121781262505,22501.999999999996,0.5575539568345323,1849,0,4.5767009194159005,1.0,2817.0,0
2306,0,413,4119.615496368038,5213.440891142711,24700.0,32824.55520581114,10016.013230998993,49915.2,0.6900726392251816,1849,0,6.799199567333694,2.0,4765.0,0
1673,0,292,1798.1924657534246,1722.7744417237107,5100.0,15514.528424657534,2958.53081857313,13136.2,0.5993150684931506,1849,0,4.807182260681449,1.0,2447.0,0
10663,1,473,11962.187526427062,15117.549613431693,65008.0,46606.30718816068,19718.27882399786,678184.3,0.6828752642706131,1849,0,7.786976744186046,3.0,21322.2,1
3345,0,307,1662.971661237785,1668.961069933166,5800.0,7025.352117263844,6285.429114376367,7598.700000000001,0.6254071661237784,1849,0,5.0541265548945375,0.0,0.0,0
1970,0,412,7098.352427184466,9535.04429803899,41120.0,56685.98883495145,12989.549355649071,96246.00000000001,0.6990291262135923,1849,0,6.782736614386154,2.0,3690.0,1
2504,0,340,9028.225,11255.127786279432,62400.0,39658.83441176471,15810.717675615353,61705.30000000001,0.638235294117647,1848,0,5.600432900432901,1.0,5513.0,1
358,0,463,872.0760259179266,1258.583463500597,10700.0,18326.138660907127,4878.793994598173,20546.0,0.7170626349892009,1848,0,7.626471861471862,4.0,2066.0,0
2980,0,293,2012.9457337883957,1962.5672581504743,5100.0,19043.337542662117,3568.272172093052,17475.100000000002,0.6006825938566553,1848,0,4.826255411255412,1.0,3316.0,0
3918,0,320,3871.9753125,4247.813167051793,35500.0,24928.603437499998,8375.10095558227,37586.9,0.6,1848,0,5.270995670995672,1.0,4865.0,0
1680,0,350,7244.183142857143,8017.2395967801285,29128.0,46573.87885714286,9940.923796029363,72268.9,0.6485714285714286,1847,0,5.768272874932323,1.0,5955.0,0
3039,0,406,3299.268965517241,3695.2415785873736,15360.0,38787.158128078816,14687.313239578642,78241.2,0.6354679802955665,1847,0,6.691196534921494,2.0,6268.0,0
3380,0,310,2961.509677419355,2975.2995979415623,13900.0,25594.239677419355,6287.3193988569265,27568.799999999992,0.5645161290322581,1847,0,5.109041689225772,1.0,4376.0,0
2128,0,294,2222.8785714285714,2233.481457701003,12250.0,18163.495918367345,3929.012156117419,18519.1,0.5816326530612245,1847,0,4.845349214943151,1.0,3601.0,0
903,0,325,1576.335076923077,1678.5433407174946,8790.0,19330.61076923077,4713.51969909341,20333.7,0.5846153846153846,1847,0,5.356253383865728,1.0,2580.0,0
1762,1,490,5135.561632653062,6926.998511954435,34560.0,30375.073265306124,9937.939484461009,29333.200000000026,0.7387755102040816,1846,0,8.079956663055256,4.0,13070.0,0
61,0,339,1399.9097345132743,1459.71259382173,5850.0,19932.283185840708,4082.9397173827524,18423.4,0.6548672566371682,1846,0,5.590010834236187,2.0,2313.0,0
391,0,379,2139.224538258575,5334.7124632505065,37352.0,31497.47625329815,12028.41293443294,18672.499999999996,0.42744063324538256,1846,0,6.249599133261106,0.0,0.0,0
2305,0,299,1736.2695652173911,1841.609379780299,9700.0,10074.013377926422,12929.473743512652,-18107.6,0.6120401337792643,1846,23,4.930422535211268,0.0,0.0,0
1588,0,317,1711.7958990536279,1662.9633893119808,8100.0,22747.390851735017,5126.970645642204,15337.300000000001,0.5394321766561514,1846,0,5.227237269772481,1.0,2443.0,0
183,0,380,4989.127894736843,5923.647122213429,21963.0,35485.905263157896,9912.889243154255,45614.6,0.6710526315789473,1845,0,6.269485094850949,2.0,5954.0,0
365,0,466,5001.5663090128755,6909.897305883186,26490.0,24414.45450643777,9790.055615826688,95845.9,0.7188841201716738,1845,0,7.688368563685637,5.0,15090.0,0
2476,0,268,1900.8876865671643,1865.0948476744,8550.0,17102.33656716418,3648.2187645293216,14451.9,0.5634328358208955,1845,0,4.421636856368564,1.0,2854.0,0
347,1,379,10410.830343007916,12000.337965027093,51900.0,43980.63852242744,27270.205332049904,1100726.3,0.48812664907651715,1844,0,6.256377440347071,1.0,7801.2,0
1877,0,388,1925.3963917525775,2377.793573826069,11200.0,33461.32860824742,5852.062504322942,48561.799999999996,0.6958762886597938,1844,0,6.404945770065076,2.0,1827.0,0
3196,0,299,2078.936789297659,2214.395355438054,13750.0,36654.25183946489,8930.678270029297,45108.1,0.6053511705685619,1844,0,4.935770065075922,1.0,2389.0,0
2928,0,276,2353.4858695652174,2395.756421975317,12000.0,23924.95434782609,4651.791241429001,26656.1,0.5760869565217391,1843,0,4.558567552902876,1.0,3566.0,0
1225,0,302,8011.085099337749,9259.757828184333,47360.0,54395.56324503311,14759.363459216976,66941.7,0.5927152317880795,1843,0,4.987997829625611,0.0,0.0,1
3825,0,149,3504.2328859060403,7660.891822955918,41105.0,24384.743624161074,10717.495380289653,21396.299999999992,0.46308724832214765,1843,13,2.4609658166033643,0.0,0.0,0
180,0,331,9697.33081570997,10024.754392745273,34892.0,49759.629607250754,22737.77555375102,1153678.9,0.46827794561933533,1843,0,5.4669777536625075,0.0,0.0,1
2813,0,493,3811.578498985801,5723.473616911311,45900.0,25644.87565922921,8096.093442956873,18092.200000000008,0.7505070993914807,1842,0,8.147079261672095,4.0,6771.0,0
1605,0,441,13668.48707482993,15238.741487500052,64800.0,68927.23401360544,24934.425139606872,779696.4,0.546485260770975,1841,0,7.291711026615969,1.0,3353.0,1
1792,0,309,2323.185436893204,2698.2170360417513,13150.0,21436.92297734628,5158.594007288736,32354.300000000003,0.6181229773462783,1841,0,5.109158066268332,1.0,1712.0,0
1604,0,351,6478.329344729345,7214.812002118131,28320.0,34314.01737891738,10120.379288220382,61847.600000000006,0.6524216524216524,1841,0,5.803606735469853,1.0,7088.0,0
883,0,436,4916.630733944954,6229.892911307835,24633.0,32780.907568807335,8399.803985822608,31235.000000000007,0.713302752293578,1840,0,7.212956521739131,3.0,8406.0,0
441,0,447,13110.631767337809,18414.433173973062,67095.0,70891.2510067114,24637.491499810276,411762.4,0.6823266219239373,1840,0,7.394934782608696,3.0,8279.0,1
3429,0,388,1984.307731958763,2507.8974997171135,14900.0,32445.90051546392,5461.0428522024595,46505.4,0.6958762886597938,1840,0,6.418869565217392,2.0,1864.0,0
4514,0,330,19181.43393939394,21655.422375765997,73800.0,65483.25818181818,25063.778737932185,822867.2,0.5393939393939394,1839,0,5.4623164763458405,0.0,0.0,0
1088,0,301,2180.939202657807,2207.765227462233,9350.0,21500.796013289037,5551.481987143979,26876.699999999997,0.6112956810631229,1838,0,4.985005440696409,1.0,3032.0,0
3094,0,491,4030.054378818737,6007.98900690896,24160.0,42385.24093686354,11736.963447473147,46964.7,0.7515274949083504,1837,0,8.136113228089277,4.0,5469.0,0
1768,0,295,5099.332881355932,5886.378383890803,32640.0,42482.65525423729,10709.915897890869,51577.200000000004,0.5694915254237288,1837,0,4.888296135002722,0.0,0.0,0
2768,0,326,1719.4751533742333,1695.1035627529275,11100.0,30642.516871165644,5908.263070221675,44232.9,0.5460122699386503,1837,0,5.4019814915623305,1.0,2155.0,0
2257,0,288,1381.9819444444445,1486.8394786769356,10600.0,19249.667708333334,4057.9396219982036,16844.800000000003,0.59375,1836,0,4.774901960784314,1.0,2005.0,0
1882,0,404,1962.4754950495048,2412.157067179277,11400.0,17097.98886138614,4473.664644745663,14504.1,0.6757425742574258,1836,0,6.698126361655773,3.0,3903.0,0
719,0,357,1382.153781512605,1426.5673547973752,11400.0,29596.398599439777,8809.456756445195,60812.899999999994,0.5546218487394958,1836,0,5.918888888888889,1.0,1991.0,0
5092,0,337,1660.2572700296735,2585.171916513604,29600.0,14544.594955489614,16768.795397278183,-20119.5,0.6320474777448071,1836,22,5.587298474945534,0.0,0.0,0
3292,0,277,2031.342238267148,1957.3493031891296,5000.0,19506.721660649822,3812.882193259321,24895.8,0.5776173285198556,1836,0,4.592527233115469,1.0,3170.0,0
3604,0,305,2630.627868852459,2734.071653768035,11450.0,27751.746229508197,6556.06806884152,44739.5,0.6131147540983607,1835,0,5.059509536784741,1.0,3893.0,0
2733,0,344,1157.8625,1277.893006861745,8280.0,27996.728779069766,6323.512480481249,34828.7,0.6598837209302325,1835,0,5.706463215258856,2.0,2325.0,0
3669,0,430,2548.6476744186048,2939.1780545100455,12246.0,20623.91418604651,5985.2082117697855,18608.5,0.6930232558139535,1835,0,7.13307901907357,3.0,5442.0,0
1940,0,270,2035.9766666666665,1915.3889094282115,5600.0,17309.924444444445,3352.845412846911,18515.699999999997,0.5666666666666667,1835,0,4.478910081743869,1.0,3106.0,0
3056,0,313,1601.0335463258787,1662.6275684406846,6950.0,20310.58817891374,4739.978342468596,32991.5,0.6261980830670927,1835,0,5.1922179836512266,2.0,2901.0,0
1419,0,308,2290.7402597402597,2325.9245912759525,7600.0,21866.481493506493,4711.085240314918,31992.0,0.6168831168831169,1835,0,5.109275204359673,1.0,3305.0,0
2971,0,228,10865.994298245614,15129.623847524712,69000.0,48528.92324561404,27047.79567178089,306346.7,0.4780701754385965,1834,4,3.7842529989094875,1.0,3554.8,0
1959,0,368,2176.0057065217393,2536.9432047840105,11100.0,24815.196467391306,9459.04481445209,31360.1,0.6793478260869565,1833,0,6.111249318057829,2.0,3142.0,0
3164,0,349,2046.8825214899714,2377.5607430529008,15300.0,20029.695988538682,6447.627216434764,35630.0,0.664756446991404,1833,0,5.795722858701582,2.0,3404.0,0
3197,0,263,1307.6441064638784,1343.396218130336,7410.0,21257.969961977185,4160.7079964689365,27928.4,0.5551330798479087,1832,0,4.369934497816594,1.0,2008.0,0
2770,0,461,1257.2130151843817,1480.453466048354,8520.0,30190.955314533625,6644.738034499881,40229.200000000004,0.6724511930585684,1832,0,7.659847161572053,3.0,2570.0,0
7944,0,331,7927.180060422961,10255.227851527863,45760.0,66889.04531722055,25774.4847965204,113983.4,0.4471299093655589,1830,0,5.505814207650274,0.0,0.0,0
1080,0,353,8787.39688385269,10252.252306196184,39520.0,52899.841359773374,16152.927286198865,103905.1,0.6515580736543909,1830,0,5.871759562841531,1.0,6185.0,1
6148,1,416,7037.1480769230775,8652.927540773459,34557.0,62014.121394230766,24942.686692546842,117837.6,0.6971153846153846,1830,0,6.919693989071039,2.0,10337.0,1
2010,0,287,2382.429616724739,2436.0126603083822,13600.0,20494.167595818813,4799.350760728552,26151.3,0.5923344947735192,1830,0,4.77392349726776,1.0,3876.0,0
3135,0,315,8111.720634920635,8444.34222148874,30130.5,48450.40063492063,15386.55074894746,87938.0,0.6095238095238096,1830,0,5.239672131147541,1.0,6814.0,0
1098,0,339,1909.4761061946904,2538.333809663234,13850.0,27270.56342182891,12226.029609113431,60354.4,0.6519174041297935,1829,0,5.641968288682341,2.0,1626.0,0
100,0,405,4176.764197530864,5074.914161428593,35040.0,42188.187901234574,12710.169652643763,74839.5,0.6419753086419753,1829,0,6.740404592673593,2.0,7927.0,0
2913,0,343,1540.1402332361515,1632.7632641263845,4471.0,15875.32944606414,2893.667600108877,17982.100000000002,0.6588921282798834,1829,0,5.7085401858939315,2.0,2980.0,0
1153,0,381,4023.1015748031496,5170.473459278444,44200.0,26421.03910761155,9301.55211197336,56185.7,0.6745406824146981,1828,0,6.344442013129103,2.0,5951.0,0
1635,0,348,6755.663793103448,7757.090212216952,42720.0,39727.70373563218,12880.675962987067,49675.00000000001,0.646551724137931,1828,0,5.79492341356674,1.0,5683.0,0
2842,0,397,933.8015113350126,1091.6760524453023,4800.0,17964.523929471034,3459.920471009962,25097.199999999997,0.7052896725440806,1828,0,6.610875273522976,3.0,2150.0,0
3759,0,298,1872.9288590604028,1922.648153054482,6400.0,20742.542953020133,7476.546189104441,44726.8,0.6040268456375839,1828,0,4.962319474835886,1.0,1642.0,0
3594,0,298,10523.305033557046,15072.18999253656,62900.0,42595.667114093965,29174.27121718607,98950.5,0.5939597315436241,1827,26,4.965035577449371,1.0,3483.0,0
2778,0,360,4688.767777777777,5506.374456330779,19563.0,24820.066111111115,8836.903743528386,27734.399999999998,0.6611111111111111,1827,0,5.998029556650247,2.0,6013.0,0
2161,0,341,5371.664809384164,9219.08905767837,46934.0,30061.442521994137,16514.48551740646,432725.7,0.6129032258064516,1827,0,5.681466885604817,2.0,3838.0,0
2789,0,447,3680.203355704698,5181.41048443976,26700.0,47890.54071588367,12318.682900806632,88972.9,0.7114093959731543,1825,0,7.45571506849315,3.0,3956.0,0
1552,0,337,9356.386943620178,10843.259968766115,36844.0,58189.30860534125,12963.321777218887,71766.40000000001,0.6409495548961425,1824,0,5.62405701754386,2.0,6284.0,1
628,0,324,2144.260802469136,2001.814111438924,7400.0,32757.11944444444,6144.140847190612,28718.500000000004,0.5493827160493827,1823,0,5.410071311025781,1.0,3028.0,0
1458,0,353,6100.5920679886685,7088.22200208128,27900.0,33770.076770538246,9262.935816374076,33413.0,0.6543909348441926,1823,0,5.894306088864509,1.0,3259.0,0
2673,0,402,4014.6900497512434,4654.397284685877,18592.0,34007.640049751244,9110.476344429359,32259.399999999994,0.6915422885572139,1822,0,6.716180021953898,2.0,5870.0,0
1788,0,263,2035.9536121673007,5000.634629180333,36337.0,23909.55285171103,11686.28701735359,59549.799999999996,0.45627376425855515,1822,0,4.393918770581779,0.0,0.0,0
1193,0,324,5824.773456790123,5881.575382763729,24320.0,29448.358641975305,8721.339224890966,31292.6,0.6172839506172839,1821,0,5.416013179571664,1.0,7334.0,0
969,0,347,2593.5466858789623,5652.443651779507,34633.0,48412.850720461094,18722.346399251026,65467.1,0.3746397694524496,1818,0,5.81005500550055,0.0,0.0,1
1512,0,337,5439.1902077151335,5839.84215905971,21237.0,38372.16913946588,12088.983608668348,47490.3,0.6112759643916914,1818,0,5.642618261826183,1.0,8822.0,0
3997,0,274,3712.8930656934303,4555.4909791547725,27500.0,27583.088321167885,7624.19549642465,42555.90000000001,0.5547445255474452,1813,0,4.60041919470491,0.0,0.0,0
2179,0,396,7540.797474747475,11779.482859908565,64700.0,57574.34090909091,24611.81892008967,332263.8,0.6691919191919192,1812,0,6.652450331125828,4.0,6354.0,0
1164,0,369,2366.2368563685636,5428.811811173593,43543.0,33406.31734417344,11982.071079346577,22076.999999999996,0.4444444444444444,1812,0,6.19887417218543,0.0,0.0,0
4774,1,392,7604.438265306122,8959.944246099543,42880.0,42890.64515306122,16053.328761996489,81687.00000000001,0.673469387755102,1812,0,6.585253863134658,1.0,9689.0,0
4413,1,387,11057.841602067185,12805.256366420057,50178.0,37825.60671834626,15871.053675608557,477788.7,0.6382428940568475,1811,0,6.504848150193264,2.0,12412.0,0
1824,0,397,7642.334760705289,9472.978353344322,36102.0,49745.32065491184,14452.83699283959,72080.09999999998,0.7002518891687658,1809,0,6.680309563294638,2.0,9834.0,0
1231,0,327,6706.459633027523,8148.218022411903,52700.0,35093.41804281346,11810.181471707934,63735.5,0.6330275229357798,1808,0,5.505464601769912,2.0,4150.0,0
2664,0,404,4716.807425742574,6168.986080852443,29400.0,47384.113366336634,12758.390967085237,83133.40000000001,0.6955445544554455,1806,0,6.8093909191583615,2.0,3928.0,0
1627,0,284,3433.4855633802817,3884.2802415387728,29120.0,34121.61021126761,8221.128566930109,32293.1,0.5598591549295775,1806,0,4.786799557032116,0.0,0.0,0
9104,1,403,8530.74540942928,12311.51351831849,62700.0,56994.87444168734,23157.834377226467,566076.0,0.45905707196029777,1805,0,6.79629916897507,1.0,3585.2,0
2326,0,321,7120.0862928348915,10653.183339250601,49848.0,41201.58255451713,22371.173929498702,556048.5,0.5327102803738317,1802,0,5.422441731409545,1.0,3422.0,0
4356,0,270,3318.408148148148,3430.7621816003443,13100.0,11397.234814814814,14029.740735109706,-25821.0,0.5888888888888889,1800,0,4.566,1.0,1003.0,0
3667,0,320,2171.035,1997.8943566511616,7900.0,20139.795000000002,5224.624539077645,16544.4,0.553125,1800,0,5.411555555555556,1.0,2975.0,0
742,0,288,1690.5187500000002,1660.5687134386803,5500.0,20934.296875,4298.8607436789825,26828.6,0.6006944444444444,1798,0,4.875817575083427,1.0,2048.0,0
2538,0,294,2477.124489795918,2493.308947891759,8050.0,24871.4037414966,5381.066967211735,36625.8,0.6054421768707483,1796,0,4.98293986636971,1.0,3689.0,0
127,0,274,1414.7554744525548,1446.616122490359,6400.0,15760.339781021896,2925.4725839552743,17546.2,0.5656934306569343,1793,0,4.651734523145566,1.0,2242.0,0
726,0,307,2463.58664495114,2396.1911312950137,8319.0,24483.960912052116,6246.118938620623,20364.300000000003,0.5602605863192183,1792,0,5.2148883928571435,1.0,3198.0,0
4907,1,464,4209.022198275862,6365.546114020555,41200.0,28207.385129310343,12926.918831838484,68823.5,0.7370689655172413,1789,0,7.895002794857462,4.0,7575.0,0
2628,0,364,13020.798351648351,14640.11369092631,60600.0,49669.49093406593,30317.906044028594,898569.4,0.46703296703296704,1789,0,6.193493571827837,1.0,3090.0,0
3898,0,306,2411.333006535948,2553.623114069552,6915.0,34066.00751633987,16476.71617648478,81940.3,0.6274509803921569,1788,0,5.2095302013422815,1.0,2650.0,0
6472,1,381,12862.13464566929,15413.485929688044,57680.0,59798.33858267716,21465.549319659727,1004768.5,0.5879265091863517,1787,0,6.490005595970901,1.0,3597.0,0
1770,0,347,7694.197406340058,8408.763660945,31526.0,55464.314697406335,12143.224604705807,50401.7,0.6570605187319885,1787,0,5.910844991606044,1.0,8351.0,1
2472,0,344,5898.325,6839.321376929455,38240.0,62424.74418604651,17802.908300663483,84777.0,0.6424418604651163,1787,0,5.859742585338557,2.0,5342.0,1
1159,0,336,4286.3139880952385,4439.964533293958,16311.0,34929.091369047615,9002.482192626214,32413.900000000005,0.6130952380952381,1786,0,5.726674132138858,1.0,6470.0,0
4418,0,463,3701.7971922246224,5014.904406534625,20452.5,21123.386393088553,9005.091354926497,29116.499999999993,0.7408207343412527,1786,0,7.891220604703248,5.0,9359.0,0
1470,0,313,4970.943769968051,5393.217735204842,25800.0,38086.57571884984,8456.39696275264,58077.8,0.6134185303514377,1785,0,5.337658263305323,1.0,4060.0,0
1813,0,478,12727.364016736401,15073.75235158868,63700.0,74825.93640167364,25790.347394392567,668654.0,0.5836820083682008,1784,0,8.156008968609866,2.0,5162.0,0
4416,0,368,2397.220652173913,5388.874894999815,49892.0,50192.71684782609,18627.647561383194,73242.0,0.4266304347826087,1783,0,6.282624789680314,0.0,0.0,1
2315,0,287,1718.627526132404,1954.8839415880486,12950.0,34090.293728223,7279.251198116127,38774.5,0.6062717770034843,1782,0,4.902514029180696,1.0,1673.0,0
3876,0,295,11837.467118644066,13648.692343946266,64000.0,40884.906440677965,29431.196308392253,282537.6,0.5254237288135594,1782,0,5.039169472502806,1.0,12056.0,0
4329,0,342,3104.9365497076024,7443.854852810866,46557.0,26854.38099415205,15077.560128546354,23853.1,0.43859649122807015,1778,0,5.855163104611924,0.0,0.0,0
3184,0,275,2105.1596363636363,2067.948992687569,8200.0,22336.95127272727,5130.507651632188,26271.3,0.5854545454545454,1777,0,4.710748452447946,1.0,3410.0,0
370,0,365,960.3139726027397,1108.3078403866284,6210.0,19719.00438356164,3546.6374933620446,20837.0,0.6904109589041096,1777,0,6.252447945976365,3.0,2075.0,0
1317,0,298,2602.0926174496644,2669.826021333177,13250.0,27229.230872483222,5949.018196482003,20577.999999999996,0.6174496644295302,1777,0,5.104738323016321,1.0,3493.0,0
2675,0,145,4533.926206896552,9446.375693501746,49280.0,25455.112413793104,11754.786902901413,15084.899999999994,0.5241379310344828,1776,31,2.485247747747748,0.0,0.0,1
3840,0,297,2260.462626262626,2409.2200618041993,14200.0,29013.657239057236,6804.899996476839,35815.8,0.6195286195286195,1776,0,5.090472972972973,1.0,2559.0,0
4009,0,291,10511.11237113402,11997.918310543173,37130.0,57916.53402061855,15289.258854615044,89066.1,0.5979381443298969,1775,0,4.990445070422536,0.0,0.0,1
3886,0,280,12765.5625,15930.074859525743,80700.0,49575.60857142857,32202.171134353084,533672.7,0.45357142857142857,1775,0,4.801802816901408,0.0,0.0,1
3445,0,265,5183.0015094339615,6650.149337124568,38600.0,33563.77169811321,10129.67952432837,46467.79999999999,0.5471698113207547,1773,0,4.549689791314157,0.0,0.0,1
2482,0,475,3128.2145263157895,4600.930397683105,22900.0,31897.277894736842,9943.54195538374,34370.3,0.7263157894736842,1772,0,8.159706546275395,5.0,9369.0,0
2361,1,367,3251.2572207084468,2791.79086374334,10380.0,19727.546321525886,6319.011248037238,15261.799999999997,0.5667574931880109,1770,0,6.311570621468927,2.0,8965.0,0
974,0,279,11062.97347670251,12435.857594111496,37137.0,47628.913978494624,13608.603438347895,56421.99999999999,0.5806451612903226,1770,0,4.798169491525424,0.0,0.0,0
2959,0,324,14710.795370370372,15538.296350004613,62700.0,51423.398148148146,31147.09876109642,744925.3,0.47530864197530864,1770,0,5.5720677966101695,0.0,0.0,1
1880,0,360,2122.0752777777775,5530.832587066429,49319.0,32392.420833333334,13642.276037235819,31741.09999999999,0.43333333333333335,1770,0,6.191186440677966,0.0,0.0,0
3355,0,293,2113.9703071672357,2223.0654004390017,12000.0,40959.32150170648,13301.981220453468,70325.7,0.6143344709897611,1769,0,5.041786319954777,1.0,2575.0,0
2501,0,414,5476.621014492754,7647.928231799661,27782.0,53119.728985507245,14174.055066339108,97607.5,0.714975845410628,1769,0,7.123889202939514,3.0,4411.0,1
1073,0,337,3078.827299703264,3917.8820046407986,44960.0,45392.60356083086,23312.387669403553,95933.2,0.5370919881305638,1768,0,5.802194570135747,1.0,3843.0,0
8558,1,337,6030.210089020772,10659.40708902147,63800.0,37991.867952522254,18856.824097582932,207278.8,0.47477744807121663,1768,0,5.802194570135747,1.0,4806.5,0
3101,0,271,1201.2129151291513,1216.2533283952744,5730.0,17117.648708487086,2906.55258425271,20933.100000000002,0.5830258302583026,1768,0,4.6658597285067875,1.0,1938.0,0
2568,0,445,6403.645393258427,8963.248168910884,34478.0,39735.94831460674,11791.123787421438,67742.59999999998,0.7370786516853932,1765,0,7.6746742209631735,3.0,6620.0,0
1169,0,424,9640.50566037736,12862.999802731641,70200.0,50725.91933962264,28026.486603209134,661962.4,0.5919811320754716,1765,0,7.312498583569405,2.0,8339.0,0
3684,0,299,2554.8254180602007,2865.653554470791,23900.0,22543.308695652173,5838.022528391327,26685.199999999997,0.6086956521739131,1763,0,5.16254112308565,1.0,3365.0,0
1406,0,318,1489.8770440251574,1722.4427787489549,12700.0,20571.692767295597,4225.735312801689,16233.3,0.6320754716981132,1763,0,5.4905955757232,2.0,2760.0,0
71,0,496,5435.069556451613,8573.967897807112,39520.0,51627.16330645161,13827.955706503933,69570.9,0.7620967741935484,1762,0,8.568808172531215,4.0,4359.0,1
3528,0,335,8179.973432835821,8959.896585369705,32829.0,39649.28149253732,12449.117297331175,43283.5,0.6477611940298508,1762,0,5.787400681044268,1.0,7655.0,0
3405,0,337,7547.950148367953,8450.581798980318,30723.0,41758.32255192878,9988.017067425955,63353.600000000006,0.6498516320474778,1760,0,5.8285681818181825,1.0,7543.0,1
6118,1,408,7433.610784313726,10984.258828256196,52700.0,44437.7056372549,26145.71607191815,239148.0,0.5171568627450981,1760,0,7.056545454545455,1.0,7518.0,0
2382,0,291,2382.091065292096,2475.98675302621,14150.0,22576.71683848797,5935.266394476756,15432.1,0.6185567010309279,1759,0,5.035838544627629,1.0,3123.0,0
1570,0,263,1817.8410646387833,1728.2931610909282,4298.0,19301.772243346008,3474.2572961864075,20463.800000000003,0.5779467680608364,1755,0,4.561663817663818,1.0,2865.0,0
1511,0,335,14719.971940298507,15364.293714118496,63400.0,52978.04656716419,28977.217497096794,806789.0,0.4597014925373134,1754,0,5.813797035347776,1.0,1657.7,1
1237,0,348,13118.136206896554,14953.031155480934,64400.0,68407.37614942528,27179.112320882723,923105.4,0.47413793103448276,1754,0,6.039407069555303,0.0,0.0,1
3307,0,362,2590.683149171271,5893.381980680863,47968.0,45488.514917127075,15262.48836817201,50021.3,0.44751381215469616,1754,0,6.282371721778792,0.0,0.0,0
3378,0,330,4738.990303030303,5082.6276947252745,28160.0,35835.89606060606,8082.9494672756355,22606.399999999994,0.6333333333333333,1753,0,5.7302909298345694,1.0,6387.0,0
989,0,329,1747.5191489361703,1782.7025950182042,5114.0,19135.14224924012,3944.582258054347,18141.4,0.662613981762918,1753,0,5.712926411865374,2.0,3409.0,0
3253,0,321,12801.995015576324,15243.524211732098,57700.0,52091.51806853583,33352.871003157066,449240.39999999997,0.4797507788161994,1752,0,5.577191780821918,1.0,1951.3,0
1626,0,264,9260.680681818183,10780.71315559586,56200.0,40004.50871212121,15211.80599418599,321301.3,0.5075757575757576,1752,0,4.586849315068493,0.0,0.0,1
289,0,381,5619.212598425197,6664.930849844528,26172.0,40959.12230971128,8796.47007863776,47047.6,0.6929133858267716,1750,0,6.627222857142858,2.0,8366.0,0
1987,0,280,8356.897857142856,9430.36717523282,31520.0,36639.750714285714,11804.595239908225,43453.0,0.5857142857142857,1750,0,4.8704,0.0,0.0,0
817,1,361,7265.109695290859,8110.78956438344,32082.0,31340.348753462604,11541.531733440126,43156.200000000004,0.6814404432132964,1749,0,6.282927387078331,2.0,13580.0,0
2228,1,356,9030.531460674158,12303.43919156234,57400.0,46685.10252808989,25831.813130246297,535422.2,0.5842696629213483,1748,0,6.199450800915332,2.0,8498.7,0
904,0,270,8272.47037037037,9241.211305848487,27937.5,60581.32,15922.53820840483,106048.6,0.5703703703703704,1747,0,4.70452203777905,0.0,0.0,1
3824,0,277,4217.64368231047,4199.020881740775,18900.0,24397.005415162454,7232.5494818442585,33576.9,0.5667870036101083,1747,0,4.826491127647396,1.0,6198.0,0
3599,0,273,2195.9065934065934,2238.900710521575,12900.0,23877.553846153845,5020.344526237885,32142.1,0.5934065934065934,1747,0,4.756794504865484,1.0,3257.0,0
22,0,310,6772.4725806451615,7094.945268706783,27600.0,40694.426451612904,12165.621760862023,35740.10000000001,0.6193548387096774,1744,0,5.410779816513762,1.0,6352.0,0
470,0,438,2443.9070776255708,2880.0655712278885,11872.0,27593.045662100456,6428.79484974494,34656.9,0.6940639269406392,1744,0,7.6449082568807345,3.0,5276.0,0
1273,0,327,7609.462079510704,8913.031724723052,30727.5,50743.75290519877,15656.969300834828,79497.7,0.6452599388379205,1742,0,5.7140528128587835,1.0,3863.0,1
237,0,314,1035.8818471337581,1180.8907395449005,6200.0,14020.713057324841,2368.3323139942727,14668.5,0.6464968152866242,1742,0,5.4868886337543055,2.0,1940.0,0
59,0,385,4681.507272727273,5622.197913984306,22880.0,45484.691688311694,14314.291782316914,79811.9,0.6805194805194805,1740,0,6.735287356321839,2.0,6885.0,0
572,0,439,5510.338496583144,7644.24545402413,29703.0,44188.884738041,10205.498577030485,78296.20000000001,0.7312072892938497,1740,0,7.679977011494253,4.0,8094.0,0
1269,0,381,4008.7753280839893,4775.24343944013,18193.5,29408.94908136483,8406.678810025202,51049.0,0.6666666666666666,1739,0,6.669143185738931,2.0,7439.0,0
855,0,332,5344.543975903614,5888.593706690176,35680.0,40519.243674698795,14181.6019078885,71758.20000000001,0.6114457831325302,1739,0,5.811431857389304,1.0,6608.0,1
3183,0,312,2463.298076923077,2685.5903594387055,14500.0,27310.77115384615,5928.149531138548,29114.599999999995,0.6314102564102564,1735,0,5.473936599423631,1.0,3024.0,0
1969,0,302,4372.451655629139,4534.786292449361,17600.0,22058.57119205298,7096.1092512385185,33610.0,0.6059602649006622,1734,0,5.301545559400231,1.0,5403.0,0
2799,0,432,10425.669907407408,14125.187756032687,65900.0,51096.656481481485,28781.576218199745,663613.4,0.6203703703703703,1733,0,7.588043854587421,3.0,8406.0,1
1042,0,281,5261.995729537367,6001.273910594458,29200.0,43701.79074733096,8585.24511244977,49502.4,0.5836298932384342,1733,0,4.935741488747836,0.0,0.0,0
1158,0,310,2248.1748387096773,2404.8825614126913,8900.0,32917.100967741935,9583.927854190875,41651.8,0.6290322580645161,1733,0,5.445124062319677,1.0,2171.0,0
2713,0,281,2467.9519572953736,2655.0869912042854,14500.0,32611.265480427046,10719.048821972961,54374.1,0.5907473309608541,1733,0,4.935741488747836,1.0,3387.0,0
740,0,104,1147.4269230769232,1871.3396477209014,13800.0,21545.405769230772,3020.5250235077165,22732.4,0.25961538461538464,1732,52,1.8278060046189377,0.0,0.0,0
493,0,284,7471.47676056338,8294.98198455683,25694.0,46759.43028169014,11487.445079353569,35061.0,0.5915492957746479,1731,0,4.99419988445985,0.0,0.0,1
2067,0,294,2591.3139455782316,5186.517867570107,45276.0,44857.55476190476,21110.649326614544,86927.90000000001,0.47959183673469385,1729,0,5.176032388663968,0.0,0.0,0
3804,1,450,8711.622,11579.517294928402,47436.0,45728.54866666666,17218.13771902147,543308.7000000001,0.6933333333333334,1729,0,7.922498554077502,3.0,10371.7,0
4259,1,458,11875.13886462882,16227.574713514268,66165.0,55903.99213973799,20964.193355581858,498015.2,0.7052401746724891,1728,0,8.06800925925926,3.0,15089.0,0
2886,0,328,2485.406707317073,2484.802920633571,21500.0,26664.245121951222,5631.859273433234,16836.2,0.573170731707317,1728,0,5.777962962962963,1.0,3472.0,0
761,0,93,1458.389247311828,1917.0436226615893,12800.0,40521.44946236559,16226.74347515895,69230.2,0.21505376344086022,1727,47,1.639212507237985,0.0,0.0,0
1918,0,296,2797.185472972973,2789.844175496359,10400.0,19553.516554054055,6288.998691438201,20922.5,0.5844594594594594,1726,0,5.220301274623407,1.0,4231.0,0
3036,0,243,8254.256378600823,11632.730660532203,49490.0,37042.14444444444,18853.68962722554,309124.3,0.51440329218107,1726,31,4.285585168018541,0.0,0.0,0
3259,0,378,1252.3854497354498,1275.6295432626557,8700.0,37705.408201058206,11148.117418800117,51704.5,0.6164021164021164,1725,0,6.670330434782609,2.0,2262.0,1
4408,0,327,12511.893272171254,14269.655221156912,53800.0,64835.21376146789,25942.40026110629,674477.1,0.5321100917431193,1725,0,5.770365217391305,2.0,8935.9,0
2009,0,361,7740.200831024931,9945.01181542644,41120.0,54863.4675900277,11729.998164567303,58897.29999999998,0.6869806094182825,1722,0,6.38144018583043,2.0,4263.0,1
1194,0,332,7978.804518072289,9746.164879960797,46400.0,47846.84246987951,12707.297868610962,80671.9,0.6536144578313253,1721,0,5.872213829169088,1.0,3171.0,1
3718,0,335,1450.1671641791045,1493.3408760334512,12500.0,27534.31671641791,7214.63603564625,41168.799999999996,0.5850746268656717,1720,0,5.928720930232559,1.0,2107.0,0
3201,0,373,3279.7849865951744,3483.9380442884826,14064.0,32152.459785522788,9496.809173325599,62750.6,0.6327077747989276,1719,0,6.605072716695753,2.0,6250.0,0
460,0,258,2450.0282945736435,2391.2798084110923,7450.0,23475.172480620156,8177.858894509027,43382.100000000006,0.5736434108527132,1718,0,4.571315483119907,1.0,3554.0,0
784,0,476,5914.884663865547,9347.217113573997,34596.0,34567.44348739496,12943.527032555881,21655.899999999998,0.7584033613445378,1717,0,8.43881188118812,4.0,3510.0,0
3714,0,492,7616.622764227642,12329.24291430785,62100.0,55755.13943089431,23960.020903106528,442578.4,0.6910569105691057,1715,0,8.73264139941691,4.0,4233.0,1
2154,0,267,1308.5385767790262,1349.0320232473503,8200.0,17590.899250936327,3176.43324294982,15918.599999999999,0.5917602996254682,1715,0,4.739055393586006,1.0,2126.0,0
1256,1,409,4549.53520782396,5779.555201411209,22908.0,32609.14205378973,8605.136267605561,38910.7,0.7139364303178484,1715,0,7.259451895043732,3.0,8602.0,0
1353,0,346,5635.424566473988,6607.3108055869925,24204.0,32561.299132947977,11080.096327453613,40673.70000000001,0.6676300578034682,1715,0,6.141247813411079,2.0,7297.0,0
1820,0,297,6874.49090909091,6992.294871824659,25156.5,31976.86835016835,9908.652603683377,29686.600000000017,0.6127946127946128,1714,0,5.274609101516919,1.0,7794.0,0
2494,0,433,11244.770438799076,15779.30037570184,60236.0,53107.57020785219,20253.514573732446,777606.4,0.6720554272517321,1713,0,7.69440747227087,3.0,7146.0,0
2399,0,327,2392.508868501529,5360.9037414855,46183.0,33067.30672782875,11106.148259167856,37673.6,0.41590214067278286,1710,0,5.820982456140351,0.0,0.0,0
343,0,316,1563.6572784810128,1622.6570362758196,12100.0,18922.267405063292,5002.509426219045,18456.500000000004,0.5822784810126582,1710,0,5.625169590643275,1.0,2505.0,0
575,0,341,3292.731671554252,3842.434525546479,22200.0,22192.528739002933,7188.365382464828,28892.3,0.6480938416422287,1710,0,6.070198830409357,2.0,6085.0,0
900,0,296,3742.6243243243243,3818.4443153958946,13387.5,20403.574662162162,6481.532957763627,22847.6,0.581081081081081,1710,0,5.26914619883041,1.0,5950.0,0
1467,0,297,7886.544107744108,8313.233106163092,29396.0,57275.90404040404,13405.5698258243,77758.4,0.6161616161616161,1709,0,5.290040959625512,1.0,6814.0,1
31,0,383,15163.648825065275,14765.329400202487,61700.0,57445.495039164496,28548.5090546284,777888.7,0.49869451697127937,1709,31,6.821837331772967,1.0,10202.0,0
1375,1,358,6783.541620111731,8009.140861902601,30436.0,51307.78379888269,12943.02517955366,84826.70000000001,0.6759776536312849,1709,0,6.376547688706847,2.0,7819.0,0
1371,0,256,1954.85234375,1915.7525929734975,8100.0,21367.715625,3482.676690841594,25697.0,0.57421875,1709,0,4.559765944997075,1.0,3074.0,0
844,0,375,15114.171733333334,18517.426654741856,70160.0,54357.5344,21937.56109793867,632741.2,0.6346666666666667,1708,0,6.683255269320843,2.0,14171.0,1
908,0,271,2232.7664206642066,6602.372588991647,49016.0,28857.40258302583,14299.720642480865,19861.3,0.5129151291512916,1707,0,4.8325951962507325,0.0,0.0,0
3134,0,323,7381.581114551084,8743.276655583466,34080.0,47165.64179566564,11853.710523727521,71929.5,0.6470588235294118,1707,0,5.759882835383714,1.0,3268.0,0
2092,0,290,10154.619999999999,12826.072840657604,62500.0,42836.70620689655,26325.660641141683,225342.6,0.5517241379310345,1707,0,5.171411833626245,1.0,7598.0,0
3747,1,421,3044.824465558195,3175.6415479238226,12861.0,17848.629928741095,6757.346622856897,17077.899999999998,0.66270783847981,1705,0,7.516269794721408,4.0,12081.0,0
277,0,299,10858.391973244148,13488.961742551423,56400.0,61413.62842809364,29506.525623450547,517059.2,0.48494983277591974,1705,0,5.3381583577712615,1.0,2682.3,1
3595,0,317,4669.002208201892,4931.279504401781,17704.5,22538.16309148265,6516.896377634809,29928.499999999996,0.6088328075709779,1705,0,5.659519061583579,1.0,7868.0,0
2511,0,358,4556.382960893855,5181.525417427339,20096.0,39080.2874301676,10208.396580054476,43575.90000000001,0.6731843575418994,1705,0,6.3915073313783,2.0,5755.0,0
1388,0,243,10481.84938271605,11571.833321429938,40900.0,43848.394650205766,15099.748196124876,63400.200000000004,0.5308641975308642,1704,0,4.3409154929577465,0.0,0.0,1
4245,0,295,6282.900677966101,6980.853248907949,41600.0,50843.935932203385,12261.754868135942,55310.5,0.6033898305084746,1704,0,5.269835680751174,2.0,6197.0,1
3838,0,251,6019.659760956176,6374.96936159652,18860.0,31418.99123505976,9535.824095433118,49245.399999999994,0.545816733067729,1704,0,4.483826291079812,0.0,0.0,0
543,0,412,1153.5703883495146,1310.193148498199,9700.0,17506.668932038832,3888.2638762991774,16393.8,0.6868932038834952,1703,0,7.364227833235467,3.0,2388.0,0
3653,0,377,6985.647745358091,8973.200451551551,33090.0,46309.379575596824,11945.939706211839,81572.0,0.7002652519893899,1703,0,6.738625954198473,2.0,5336.0,0
524,0,308,7460.578571428572,9090.02557768635,49900.0,35618.52337662337,13721.345582518192,92233.00000000001,0.6298701298701299,1703,0,5.505296535525543,1.0,5768.0,0
82,0,332,14580.790060240963,15582.835174205522,61100.0,61863.38765060241,28634.31997346079,783733.1,0.48493975903614456,1703,0,5.93428068115091,0.0,0.0,0
3912,0,342,1963.241812865497,2211.3668650329414,7250.0,29961.321345029242,5944.271883845308,42383.5,0.6695906432748538,1702,0,6.1166157461809645,2.0,2728.0,0
1949,0,480,3124.7685416666664,4470.866145284384,18400.0,33583.105,7545.498732227993,39859.7,0.7375,1702,0,8.584723854289072,4.0,7525.0,0
1865,0,313,2215.0255591054315,2381.9953905283874,10900.0,28902.440894568692,6152.903295869542,21833.8,0.6389776357827476,1702,0,5.597955346650999,1.0,1915.0,0
451,0,102,1217.4803921568628,1826.7868751812564,12300.0,22842.91176470588,4521.417943090179,16783.000000000004,0.27450980392156865,1701,21,1.825326278659612,1.0,7208.0,0
50,0,377,5084.626525198939,6401.57860411946,24195.0,37433.39124668435,13082.010427520208,86129.0,0.6896551724137931,1700,0,6.750517647058824,2.0,7293.0,0
1184,0,299,14942.515050167223,16393.245219047385,56686.0,59551.67525083612,20104.66758573263,864152.0,0.5250836120401338,1700,0,5.353858823529412,0.0,0.0,0
363,0,336,13888.569642857145,15220.35801944326,58700.0,68598.0482142857,28905.89111829323,565587.0,0.5119047619047619,1700,0,6.016376470588235,0.0,0.0,1
2454,0,341,2943.4967741935484,7063.316623972733,49363.0,33441.49384164223,15205.1850302703,35955.6,0.44281524926686217,1699,0,6.109499705709241,0.0,0.0,0
2847,0,324,3295.3725308641974,3268.265337802815,11667.0,37080.951234567896,10430.93119261387,48770.7,0.5833333333333334,1698,0,5.808339222614841,1.0,5185.0,0
2740,0,265,10164.364528301887,11464.487492487562,35900.0,37768.30528301887,17859.973985467142,23667.399999999987,0.569811320754717,1698,0,4.750647820965842,0.0,0.0,0
1871,0,286,9798.347902097903,10352.464503582856,34552.0,40264.83706293706,12740.030387427909,524038.3,0.5209790209790209,1696,0,5.13316037735849,0.0,0.0,0
8405,1,532,5007.274436090225,7481.957685123711,33190.0,36648.25,11312.433263761697,42280.0,0.6766917293233082,1696,0,9.548396226415095,4.0,12286.0,0
266,0,325,18558.04246153846,21083.321009741238,74628.0,69207.50707692308,24666.297530557116,923074.6,0.5507692307692308,1695,0,5.836578171091445,1.0,4975.2,1
1879,0,319,1041.110971786834,1090.771298962458,5300.0,14131.491222570534,2193.5969731360515,16733.2,0.64576802507837,1693,0,5.735593620791494,2.0,2026.0,0
2259,0,265,1812.2584905660378,1767.1351587829392,4950.0,17746.058867924527,3887.6378976817177,16748.5,0.5962264150943396,1692,0,4.767494089834515,1.0,2520.0,0
609,0,361,856.4443213296399,1011.057264081706,4680.0,20332.568975069255,4102.220392568086,26136.4,0.703601108033241,1691,0,6.4984269662921355,3.0,1970.0,0
9750,1,416,10353.194711538461,13694.346187940213,64000.0,47080.86995192307,27197.510428390244,1068152.4,0.43990384615384615,1690,0,7.492923076923077,1.0,3160.7,0
2375,0,358,7686.079329608939,9626.918470619958,35226.0,54939.75977653631,14033.560171526167,94298.40000000002,0.6899441340782123,1690,0,6.4482366863905325,2.0,7301.0,0
216,0,343,2047.2673469387753,2249.0245303750926,8600.0,25681.614868804667,5727.467163179951,20686.7,0.685131195335277,1690,0,6.178059171597633,2.0,2999.0,0
56,0,293,6013.3392491467575,6400.147100759889,29600.0,34957.8590443686,10353.502942054209,57568.4,0.5972696245733788,1690,0,5.277467455621302,1.0,8080.0,0
7824,1,339,10046.266666666666,13910.360883130072,66600.0,36164.1209439528,25441.299603452007,448712.2,0.6283185840707964,1689,0,6.109626998223802,3.0,11584.8,0
649,0,322,12364.716770186335,14827.761377606681,62400.0,53507.53881987578,26913.687182433943,884597.6,0.5031055900621118,1689,0,5.80324452338662,1.0,3430.1,0
2996,0,464,3489.5150862068967,5191.271698565278,23500.0,42751.60086206897,10279.365089233535,65273.0,0.7413793103448276,1689,0,8.36243931320308,4.0,7798.0,0
1509,0,349,4881.432091690544,5563.082365004966,21282.0,23597.16246418338,7946.416956318945,17093.800000000003,0.6790830945558739,1687,0,6.297308832246592,2.0,7263.0,0
2170,0,442,14000.306561085972,19042.042948973372,74770.0,73274.6375565611,26845.3614135407,627801.5,0.6787330316742082,1687,0,7.975388263189093,3.0,12317.0,1
2001,0,339,13708.367551622418,15280.394712084817,58653.0,60919.11268436578,20148.287704692222,488428.6,0.616519174041298,1687,0,6.1168701837581505,1.0,12524.0,1
2903,0,301,8839.750166112955,9246.43016254967,33170.0,45044.25382059801,13769.778503501562,21064.799999999992,0.627906976744186,1687,0,5.431203319502075,1.0,7826.0,0
3717,0,287,6580.496515679442,6680.605245751935,23373.0,22203.331010452963,8455.691432128044,116642.5,0.5714285714285714,1686,0,5.181660735468565,2.0,12285.2,0
4195,0,350,14606.484857142857,15997.684836493201,61800.0,63157.17971428571,26369.68623314063,462692.9,0.5142857142857142,1685,0,6.322848664688427,0.0,0.0,0
2496,1,317,3170.9362776025237,3022.118387711562,11210.0,21484.486750788645,5823.231407579156,20778.800000000003,0.5930599369085173,1685,0,5.726694362017804,2.0,7734.0,0
9583,1,421,12920.585510688836,13651.249764697246,62800.0,65320.469358669834,28303.541944977165,1046527.5,0.498812351543943,1684,0,7.61,2.0,17748.7,0
3636,0,428,3359.188785046729,4773.593948084126,45440.0,44459.79672897196,14307.69344027304,63862.799999999996,0.6658878504672897,1684,0,7.736532066508313,3.0,6515.0,0
1826,0,301,7749.741860465116,8104.468121304558,33600.0,42224.69634551495,11541.826458076439,45910.29999999999,0.6212624584717608,1684,0,5.440878859857482,1.0,9921.0,1
2227,1,420,13005.104047619048,13686.20295126467,62800.0,62734.05023809524,31329.607910124327,1074302.1,0.5023809523809524,1684,0,7.591923990498812,2.0,17259.7,1
2749,0,364,12863.069505494504,13318.394379994852,61000.0,57951.62664835165,31478.86164699434,694289.7,0.46153846153846156,1683,0,6.583576945929887,1.0,14520.0,1
535,0,414,5939.830917874396,8147.638075839959,31010.0,38178.326328502415,10928.334587073608,40388.0,0.7318840579710145,1682,0,7.4923662306777645,3.0,7848.0,0
4066,0,372,10380.561290322581,11974.157615244749,48368.0,39786.60537634409,15679.933760138876,272716.8,0.6639784946236559,1682,0,6.732271105826397,3.0,17363.5,1
2662,0,257,2280.067704280156,2217.3013850261423,7600.0,20871.89688715953,4562.901173782861,29397.4,0.5836575875486382,1682,0,4.651058263971462,1.0,3625.0,0
1053,0,366,3275.854918032787,4096.636591572908,31840.0,26312.33087431694,6637.671117484921,35862.9,0.6693989071038251,1681,0,6.627626412849495,2.0,3482.0,0
11333,0,368,8955.966032608696,12549.921170279624,62800.0,46304.25407608696,29645.1260646139,860445.7,0.42391304347826086,1680,0,6.667809523809524,1.0,3286.7,0
1838,0,261,9944.968582375479,12136.108386473808,53000.0,47388.77816091954,23927.05767251518,486178.0,0.4827586206896552,1680,0,4.729071428571428,2.0,11012.1,0
3037,1,269,8637.745724907063,11779.870658522565,63000.0,33307.294052044606,26408.61790330999,137918.8,0.5947955390334573,1680,31,4.87402380952381,1.0,7718.7,0
3372,0,301,9358.894019933556,9943.378321068623,41120.0,57468.266112956815,17091.858162216144,87891.09999999999,0.627906976744186,1680,0,5.453833333333334,1.0,9838.0,1
985,0,259,1375.6969111969113,1450.1669460663106,7950.0,19132.59922779923,4012.967012055343,20891.5,0.5868725868725869,1677,0,4.701228384019082,1.0,2227.0,0
6924,1,376,7799.980319148936,9188.456098061939,36536.0,38530.31409574468,13461.421300784476,430659.60000000003,0.648936170212766,1674,0,6.837180406212664,2.0,8644.5,1
3484,0,310,9273.014516129033,11022.519630405237,42700.0,34864.78322580645,14738.766813637185,63774.49999999999,0.6419354838709678,1674,0,5.637037037037037,1.0,6634.0,1
700,0,357,1745.1943977591036,1804.210745438927,9700.0,24723.082913165264,8968.37234837925,51082.4,0.6162464985994398,1674,0,6.49168458781362,2.0,2762.0,0
3289,0,374,4078.505347593583,4627.625571627177,18994.5,35998.9064171123,11266.355392432439,58021.0,0.6684491978609626,1673,0,6.804877465630605,2.0,7260.0,0
2638,0,417,5649.072182254197,7811.01000284296,30121.5,45858.946043165466,10837.473832099095,86523.1,0.7314148681055156,1673,0,7.587256425582786,3.0,6284.0,1
8316,1,422,10682.702369668248,14123.643597715545,62900.0,62731.97322274881,26995.465790601098,654033.6,0.490521327014218,1671,0,7.687420706163974,1.0,5616.2,0
1634,0,275,6238.445454545455,7119.873718786485,26000.0,57108.94981818181,15974.510382900153,100512.5,0.5890909090909091,1671,0,5.009575104727708,0.0,0.0,1
4825,1,301,4486.569767441861,5280.138030662609,26300.0,29747.964451827243,7993.733562153472,240400.7,0.5548172757475083,1671,0,5.4832076600837825,1.0,1783.2,0
3650,0,322,4596.912111801242,5261.383969986867,29300.0,43229.61583850932,9069.985139623348,39629.7,0.6118012422360248,1670,0,5.869269461077844,1.0,7858.0,0
10942,1,441,14230.557142857144,14894.2382388917,63000.0,59423.17936507937,28435.83524805382,462623.7,0.5668934240362812,1670,0,8.038347305389221,2.0,15714.0,0
2922,0,276,12012.26920289855,14737.095286245674,57900.0,49953.61847826087,26525.699633171236,261467.9,0.5144927536231884,1669,19,5.0338166566806475,0.0,0.0,0
693,0,311,6733.819614147909,7479.185886744962,38240.0,36272.281672025725,12662.848432986635,18207.099999999988,0.6366559485530546,1669,0,5.672162971839425,1.0,6329.0,0
2260,0,281,3823.294306049822,3793.958691492724,18400.0,7484.895373665481,13105.710439693281,-2824.4999999999955,0.6263345195729537,1668,0,5.128081534772182,0.0,0.0,0
538,0,250,1717.6932,1660.4873493717005,5300.0,16910.0652,4290.923915136569,24043.300000000003,0.556,1668,0,4.562350119904076,1.0,2692.0,0
548,0,353,1991.6770538243627,2428.519469562853,9850.0,23899.84447592068,5716.227067994608,16686.0,0.6855524079320113,1668,0,6.442038369304556,2.0,1813.0,0
941,0,278,2652.2809352517984,2600.940878918243,9800.0,19016.522661870502,6134.10870268402,25574.1,0.564748201438849,1667,0,5.076376724655069,1.0,3871.0,0
2155,0,353,1224.885552407932,1312.5467234500784,8200.0,19462.092634560908,4467.376715728111,15356.6,0.6487252124645893,1667,0,6.445902819436113,2.0,2269.0,0
4519,0,92,1347.732608695652,1903.0961846832013,10200.0,43303.26413043478,11060.237951582329,57591.4,0.20652173913043478,1667,47,1.6799520095980804,0.0,0.0,0
3539,0,300,2665.8796666666667,6011.529710316108,48151.0,38969.59333333333,14125.432647418082,39845.5,0.43333333333333335,1667,0,5.478104379124176,0.0,0.0,0
6511,0,276,11058.83768115942,13442.299187040904,55600.0,47291.23985507246,30267.102779331617,877291.2,0.38768115942028986,1665,0,5.04590990990991,1.0,1924.7,0
2569,0,351,2057.1868945868946,2470.3233808666296,11900.0,24723.625071225073,4962.881744338053,22569.8,0.6951566951566952,1665,0,6.417081081081082,2.0,2334.0,0
43,0,321,8852.606542056075,10204.660034779497,38560.0,60897.162305295955,12558.043675832068,60766.700000000004,0.6510903426791277,1663,0,5.8756704750451,1.0,6589.0,1
1047,0,288,2793.628125,2810.998648503615,9763.5,24240.905555555553,6879.846807571265,33084.899999999994,0.5833333333333334,1662,0,5.274801444043321,1.0,4339.0,0
3479,0,361,4622.6875346260385,5432.674722335701,26720.0,38619.01274238227,14264.147627612987,61399.4,0.6509695290858726,1661,0,6.615797712221553,2.0,9156.0,0
2868,0,251,2061.6450199203186,2023.7113399111795,7600.0,20405.203984063744,4042.9854330462417,28002.100000000002,0.5816733067729084,1660,0,4.60267469879518,1.0,3306.0,0
4328,0,274,2933.117883211679,3227.766784712335,22200.0,25715.000729927007,7764.8768394809185,12043.5,0.5693430656934306,1658,0,5.030494571773221,0.0,0.0,0
5628,1,313,5256.884664536741,5846.315875312481,31360.0,34890.908626198085,9491.76568341568,40558.1,0.6325878594249201,1658,0,5.746513872135103,1.0,3757.0,0
3160,0,322,8149.646894409937,9236.610077002566,34504.0,49871.7701863354,16597.624732630098,95155.5,0.6583850931677019,1656,0,5.9188888888888895,1.0,8364.0,1
1856,0,286,1163.8356643356644,1204.8698822319182,5160.0,23705.14160839161,4916.640642643535,30876.199999999997,0.6328671328671329,1656,0,5.257149758454107,2.0,2174.0,0
154,0,316,5044.649050632912,5736.885076600899,21114.0,53880.85949367089,18932.32742447918,92360.3,0.6487341772151899,1654,0,5.815622732769045,1.0,3891.0,0
3030,0,310,1043.2309677419355,1173.3724215356433,5100.0,20010.734838709675,3721.2938110163473,24550.8,0.6612903225806451,1653,0,5.70865093768905,2.0,2088.0,0
1938,0,315,8830.738730158731,10076.32591221917,36225.0,46434.76793650794,12720.551427668874,67291.90000000001,0.6507936507936508,1650,0,5.811272727272727,2.0,7232.0,0
1870,0,237,10460.110548523207,11145.792259113774,32150.0,50492.61983122363,12272.649106858356,57455.40000000002,0.5358649789029536,1650,0,4.372290909090909,0.0,0.0,1
3275,0,347,2422.6671469740636,2825.642304159585,10380.0,23292.306340057636,6037.7367323006365,21634.7,0.6570605187319885,1646,0,6.4171810449574735,2.0,3176.0,0
8492,1,422,3307.3130331753555,4330.408891891143,27680.0,41859.69502369669,13815.655634366747,79561.3,0.566350710900474,1646,0,7.804179829890645,2.0,5834.0,1
10093,1,470,9992.61404255319,14079.35288164857,60566.0,44400.90531914894,19429.176023074182,477220.6,0.725531914893617,1644,0,8.70243309002433,4.0,16611.0,0
3805,0,314,4565.445859872611,4783.635641484208,17745.0,35365.87611464968,8284.28392221492,41879.2,0.6178343949044586,1643,0,5.81750456482045,1.0,5908.0,0
200,0,243,4290.274074074074,5331.80255807471,47200.0,68127.95267489713,27507.382206354545,98905.8,0.5308641975308642,1642,0,4.504823386114494,0.0,0.0,1
2471,0,469,10865.49104477612,17340.359786568868,68100.0,76095.821108742,21205.711332330502,308684.5,0.7292110874200426,1642,0,8.694494518879415,4.0,5192.0,1
352,0,273,1682.2871794871796,1781.9871503022644,11250.0,20656.39633699634,4121.716708937737,19997.600000000002,0.6007326007326007,1641,0,5.0640585009140775,1.0,1992.0,0
1291,0,328,1547.3560975609755,1857.8149379892272,11000.0,19958.174085365852,4769.2432947924435,22888.000000000004,0.6676829268292683,1641,0,6.084290067032298,2.0,1668.0,0
161,0,304,1555.7575657894736,1881.2510843544555,14450.0,20418.719407894736,4037.6504557016083,14837.500000000002,0.6414473684210527,1641,0,5.639098110907984,2.0,2281.0,0
711,0,312,4091.4108974358974,4491.727175154602,19040.0,36338.043269230766,12193.886844650777,36195.4,0.6185897435897436,1639,0,5.794557657107993,1.0,3243.0,0
964,0,253,2440.132806324111,6039.059753657423,39873.0,41622.04624505928,14491.669183943608,48393.600000000006,0.43478260869565216,1637,0,4.704532681734881,0.0,0.0,0
1012,1,412,7505.293689320389,9405.444362556069,36818.0,39696.38616504854,15567.134087625749,1181930.4000000001,0.4684466019417476,1636,0,7.665819070904646,1.0,4090.8,0
4276,0,311,13047.727974276528,15822.181267956892,71400.0,63316.48231511254,33220.72401104335,734954.2,0.4887459807073955,1636,0,5.786577017114914,1.0,2895.2,0
901,0,271,1729.858671586716,1734.596182910339,4618.0,27904.98560885609,5837.458289718186,43560.899999999994,0.5977859778597786,1635,0,5.045406727828746,1.0,1910.0,0
7765,1,327,9195.694189602447,12907.73788282021,63200.0,42331.13363914373,26107.10910629998,195560.0,0.5871559633027523,1635,0,6.088,2.0,10549.0,0
90,0,457,6214.078336980306,8833.032166090146,36459.0,31181.580962800876,14441.159927495468,24126.999999999996,0.7592997811816192,1632,0,8.523946078431372,4.0,9882.0,0
5574,1,382,14292.454973821988,17887.7052937918,71565.0,60027.17722513089,24283.281103048863,547737.8,0.6649214659685864,1631,0,7.129417535254445,2.0,15597.0,0
741,0,309,3195.722653721683,7078.046931181276,48926.0,46339.09061488673,16091.041408710238,56589.10000000001,0.47249190938511326,1631,0,5.766989576946658,0.0,0.0,0
2819,0,372,5553.130913978494,7050.683162402701,47040.0,51328.163978494624,16744.078365130197,60105.100000000006,0.6935483870967742,1629,0,6.951307550644567,2.0,9461.0,0
478,0,282,9423.39255319149,10000.555213674854,36320.0,48300.86170212766,13564.020918674118,92283.1,0.6170212765957447,1629,0,5.2695395948434625,1.0,8137.0,1
2615,0,233,4986.07296137339,6890.152902086894,48200.0,30031.91287553648,11045.628471520668,62753.4,0.5364806866952789,1628,0,4.356584766584766,0.0,0.0,0
3503,0,261,8617.864367816092,9938.617541492962,39360.0,51664.400383141765,17298.000505566433,84221.00000000001,0.5823754789272031,1628,0,4.88012285012285,0.0,0.0,1
3921,0,277,12217.992779783393,14807.318450477818,60900.0,57985.079422382674,27434.31928446827,347699.2,0.5054151624548736,1628,0,5.179287469287469,0.0,0.0,0
662,0,258,2374.529069767442,2395.734797860741,14720.0,23848.621317829457,5876.56208514098,18086.899999999998,0.5503875968992248,1627,0,4.82699446834665,1.0,3330.0,0
2654,0,272,2380.3988970588234,2432.9939849515836,9550.0,21533.25294117647,4477.097230319326,18168.9,0.6176470588235294,1624,0,5.098325123152709,1.0,3861.0,0
9627,1,360,13069.84861111111,15474.696773690212,70200.0,63065.89222222222,30494.30343381603,252989.3,0.5555555555555556,1623,0,6.751940850277264,1.0,5091.3,0
2470,0,400,5352.4572499999995,7167.87380146874,40800.0,34519.5735,10468.91256035643,44461.299999999996,0.725,1622,0,7.506781750924785,3.0,7658.0,0
427,0,313,8337.986261980832,9426.63656105749,34622.0,54020.07092651757,16240.579362688602,86880.1,0.6421725239616614,1621,0,5.877680444170266,1.0,8166.0,1
709,0,281,10209.523131672599,13420.481452333495,58700.0,48613.1743772242,27827.719950107785,612816.0,0.49466192170818507,1620,0,5.280024691358024,0.0,0.0,0
629,0,304,1582.5549342105264,1702.8579587365293,9800.0,16269.992105263156,4114.02036676476,27163.100000000002,0.6611842105263158,1620,0,5.712197530864198,2.0,2707.0,0
2606,0,298,1534.9832214765102,1725.9932993538828,4499.0,22636.76375838926,5570.925415084364,30671.4,0.6543624161073825,1618,0,5.606378244746601,2.0,2474.0,0
6738,1,288,7478.692708333333,8407.149319365037,28431.0,37719.56388888889,11682.572946513445,224845.9,0.59375,1617,0,5.421595547309834,1.0,3159.0,0
2912,1,369,15204.012737127372,15927.819833423711,67200.0,67985.41707317073,27551.258328427317,685860.2999999999,0.5094850948509485,1615,0,6.955021671826626,1.0,6336.0,1
4995,1,308,10054.091233766234,12715.309687240459,64900.0,43608.41428571429,25092.620277214428,774401.9,0.5194805194805194,1613,0,5.8124736515809055,1.0,3583.0,0
1022,0,287,11743.518466898953,14423.133879303836,64000.0,67102.03867595819,28187.25524823522,694189.8,0.42160278745644597,1613,0,5.416168629882208,0.0,0.0,0
1797,0,331,5314.415709969789,6465.701007844651,44160.0,49998.316314199394,14019.211278308561,58130.0,0.6586102719033232,1613,0,6.246522008679479,2.0,7850.0,1
3497,0,407,5379.4965601965605,7513.65799135299,43040.0,45820.92162162162,12594.284770309096,83053.5,0.7272727272727273,1612,0,7.685533498759305,3.0,7379.0,0
1848,0,263,2359.07072243346,2288.3957209341943,8000.0,19095.835741444866,5063.018662234768,28199.999999999996,0.5551330798479087,1610,0,4.972496894409938,1.0,3473.0,0
582,0,243,1789.527160493827,1755.011727210873,7650.0,16796.49218106996,3771.9695832993266,21257.5,0.5596707818930041,1609,0,4.597215661901803,1.0,2812.0,0
3167,0,254,9178.29094488189,10317.80005352605,31886.0,55531.84133858267,13281.297716198831,100113.50000000001,0.5826771653543307,1606,0,4.814296388542965,0.0,0.0,1
1579,0,310,4349.866774193548,5141.822305384989,40800.0,42394.04677419355,10928.047965888658,79665.09999999999,0.632258064516129,1605,0,5.879376947040498,1.0,3377.0,1
610,0,253,11518.618577075098,12293.201978839783,57800.0,67671.04031620553,18294.39193624699,435638.1,0.5138339920948617,1603,0,4.804316905801622,0.0,0.0,1
3536,0,281,2341.708540925267,2321.387696769435,8300.0,22941.79359430605,5206.85911959561,16596.5,0.6192170818505338,1603,0,5.336019962570181,1.0,2589.0,0
1017,0,351,6745.773504273504,8808.387996437355,31737.0,46475.70455840456,11489.243212236477,47124.100000000006,0.698005698005698,1603,0,6.665277604491578,2.0,4969.0,0
3017,0,433,4983.744110854504,7265.3839324878445,28791.0,28571.853348729794,10216.200914743758,32446.800000000014,0.7551963048498845,1602,0,8.227540574282147,4.0,6948.0,0
3112,1,439,10986.98861047836,14677.27271893173,60700.0,73383.99362186788,25953.199609820243,382546.8,0.6492027334851936,1602,0,8.341548064918852,3.0,5619.3,1
1360,0,279,2686.8240143369176,6464.312877919033,47370.0,41417.82007168459,17310.49532963022,62722.299999999996,0.4874551971326165,1600,0,5.307975,0.0,0.0,1
2747,0,246,2691.1565040650407,2590.7482200657496,8610.0,23309.193902439027,7104.729196672053,34356.1,0.5487804878048781,1600,0,4.68015,1.0,3826.0,0
9192,0,277,9471.28916967509,11856.613863231205,34845.0,43357.843682310464,22339.674754551263,35783.70000000001,0.4729241877256318,1598,19,5.276520650813517,0.0,0.0,1
1398,0,67,1546.2388059701493,2099.759388809947,13400.0,33711.5552238806,8349.421360213473,31998.0,0.31343283582089554,1596,6,1.2778696741854636,0.0,0.0,0
1246,0,249,2455.1409638554214,2440.8469215012838,11000.0,22723.946184738954,8066.538605465376,39033.7,0.5903614457831325,1596,0,4.749097744360902,1.0,3239.0,0
1592,0,294,1405.9275510204081,1646.8638665158753,4604.0,48841.68877551021,18312.41453917115,86172.3,0.6564625850340136,1596,0,5.607368421052631,2.0,1837.0,1
3728,0,245,5248.588571428571,5434.5013752330415,16820.0,30371.828979591835,7627.4077298566135,181931.8,0.5061224489795918,1596,0,4.672807017543859,0.0,0.0,0
4131,0,436,12023.291743119267,14453.526035021183,63200.0,65316.89266055046,28775.114477818828,604495.2,0.591743119266055,1595,0,8.320902821316615,3.0,8190.1,1
377,0,332,13042.140060240963,14256.474991842926,75600.0,51442.51114457831,27385.00031340888,954025.3,0.4307228915662651,1595,0,6.3361003134796245,0.0,0.0,1
1911,0,259,7118.892277992279,8537.599239820587,39040.0,33857.99613899614,13283.67069351337,33684.9,0.5791505791505791,1593,0,4.949127432517264,0.0,0.0,0
635,0,425,8340.59317647059,13336.821361630828,58100.0,44246.12,28591.922287115518,213020.30000000002,0.6988235294117647,1593,0,8.121155053358445,4.0,8097.0,0
3625,0,314,2282.4697452229298,2891.4160350050424,22800.0,21372.586305732482,5201.985956854083,17855.100000000002,0.6751592356687898,1592,0,6.003869346733668,2.0,2011.0,0
3425,0,296,1644.3094594594593,1647.9472048618275,8300.0,36739.08716216216,11853.100119485469,63247.2,0.543918918918919,1590,0,5.6668176100628935,1.0,2646.0,0
1327,0,268,2429.5787313432834,6190.128032132306,49845.0,28637.97014925373,13306.366138807558,19325.499999999996,0.5186567164179104,1590,0,5.130767295597485,0.0,0.0,0
8776,1,359,4133.011977715878,5917.852328345779,25400.0,51764.96378830083,13469.161524121482,85738.9,0.5598885793871866,1590,0,6.872930817610063,1.0,708.0,0
2798,0,305,7397.255081967212,7997.365024727349,29714.0,34989.86655737705,10886.957940669388,374766.4,0.5737704918032787,1590,0,5.839119496855346,1.0,6094.0,0
2401,0,266,2578.8462406015037,2635.024463816293,10900.0,34313.291729323304,6226.688219567844,42268.7,0.6165413533834586,1588,0,5.0988916876574315,1.0,2782.0,0
3612,0,397,4023.3261964735516,5253.121653265703,24160.0,46053.90201511335,16238.313769771526,75732.1,0.7204030226700252,1587,0,7.614795211090107,4.0,8167.0,0
4580,1,366,10737.189071038252,13363.378505399196,61600.0,50401.42103825137,25334.137390665546,597716.8,0.5437158469945356,1587,0,7.020189035916824,2.0,10407.8,1
3226,0,337,1736.4703264094956,1822.8855327435967,9400.0,20896.313649851632,4944.449725798017,25810.100000000002,0.6142433234421365,1586,0,6.4680201765447665,2.0,2798.0,0
7523,1,386,6060.565025906736,7572.088629062925,30950.0,33971.73471502591,11674.973892025073,33509.7,0.582901554404145,1585,0,7.413148264984228,1.0,8013.0,0
3533,0,279,1496.2082437275985,1473.9500488044516,10000.0,29621.717562724014,4705.823620303876,29297.7,0.5448028673835126,1585,0,5.358208201892745,1.0,2127.0,0
422,0,245,11383.08693877551,12302.789869701317,42800.0,43172.39265306122,14665.881423021463,334836.3,0.5306122448979592,1585,0,4.705236593059937,0.0,0.0,1
3608,1,352,7397.928125,10477.004879773714,64900.0,44887.08522727273,21293.208726607667,414738.7,0.6079545454545454,1584,0,6.764444444444445,2.0,7610.0,0
1105,0,308,3151.8759740259743,3442.0034776191096,13173.0,23571.475974025972,8251.29640633634,43621.40000000001,0.6493506493506493,1582,0,5.9263716814159295,2.0,5854.0,0
2596,0,246,1377.0487804878048,1507.149340886032,7560.0,22268.232926829267,5435.853084236292,27471.6,0.573170731707317,1581,0,4.736394686907021,1.0,2285.0,0
9006,1,433,10415.231177829099,13986.550348561475,65400.0,56833.15080831409,26184.54468143613,701515.1,0.5103926096997691,1581,0,8.336824794433904,2.0,8424.0,0
3579,0,305,8773.115081967213,10569.062477358058,40000.0,63186.396721311474,15935.650182559546,76907.69999999998,0.6524590163934426,1581,0,5.87235926628716,1.0,3460.0,0
710,0,244,1975.3266393442623,1937.4209489216187,5300.0,17883.000409836062,3945.679808441197,25247.300000000003,0.569672131147541,1581,0,4.697887413029728,1.0,3200.0,0
7546,1,431,5512.20951276102,7823.787960205603,31462.0,34490.388863109045,12185.12026368364,233322.7,0.7262180974477959,1580,0,8.303569620253166,4.0,7603.8,0
1766,1,483,4538.910351966874,7007.796345107242,29412.0,28752.799585921322,11504.306995549201,45731.299999999996,0.7784679089026915,1580,0,9.305392405063293,5.0,7336.0,1
1292,0,403,3329.7709677419352,4845.861876662127,40160.0,44972.307940446655,10957.758775621636,76971.3,0.7220843672456576,1580,0,7.7641265822784815,3.0,3331.0,0
3797,0,91,1251.8538461538462,1704.5809658621342,9100.0,28770.845054945054,6125.253376315021,32118.7,0.21978021978021978,1580,50,1.7531898734177218,0.0,0.0,0
3478,0,298,3132.314765100671,3086.160480461398,11200.0,26160.360738255033,7150.552851407829,38813.4,0.5738255033557047,1579,0,5.744851171627613,1.0,4906.0,0
8899,1,471,9901.123991507431,13770.682422344276,64500.0,65644.5246284501,28093.44032893959,766221.8,0.5265392781316348,1578,0,9.085703422053232,2.0,5801.8,0
1975,0,443,3651.302708803612,5130.983979379026,28600.0,33646.31693002257,6674.516123438689,24930.7,0.7584650112866818,1576,0,8.556421319796955,4.0,6581.0,0
3049,0,305,1383.5088524590165,1422.5961330781859,9000.0,34755.00131147541,14331.143937661498,62963.8,0.5540983606557377,1575,0,5.894730158730159,1.0,1961.0,0
3730,0,251,1958.9338645418327,2199.309723892614,13950.0,36014.863745019924,12748.001132613705,60884.0,0.5816733067729084,1575,0,4.851073015873016,1.0,1944.0,0
1714,0,245,1978.538367346939,1938.977537280742,4951.0,22068.13224489796,4536.463991088175,30506.7,0.5959183673469388,1575,0,4.735111111111111,1.0,3028.0,0
518,0,293,1999.8798634812288,2090.9238877148114,8400.0,21464.38566552901,4440.509389798624,18249.6,0.6621160409556314,1574,0,5.666404066073698,2.0,3353.0,0
6321,0,264,10834.656439393939,12700.458887112241,52500.0,41224.50681818182,22725.704566012966,227588.7,0.5227272727272727,1573,23,5.108811188811189,0.0,0.0,0
3926,0,254,2050.7866141732284,2243.925328996621,14950.0,36412.72283464567,6831.697403240056,47488.600000000006,0.610236220472441,1572,0,4.918422391857507,1.0,2232.0,0
1878,0,243,9286.640329218108,12336.813874292884,49725.0,30995.71234567901,24146.966700179946,559373.6,0.5020576131687243,1570,0,4.711414012738854,0.0,0.0,0
3712,0,247,2472.1012145748987,2592.351055916682,17400.0,21072.953846153843,5337.9954717856635,18739.800000000003,0.5991902834008097,1570,0,4.788968152866242,1.0,2499.0,0
2030,0,275,8926.62509090909,10012.289714083774,33816.0,61572.027272727275,15957.794154614288,76928.7,0.6218181818181818,1570,0,5.331847133757962,1.0,4325.0,0
3869,0,388,14373.626030927837,15515.101277506521,64700.0,74724.22938144329,27581.036357424546,414405.3,0.5567010309278351,1570,0,7.522751592356688,2.0,7608.5,1
1908,0,267,2454.7235955056176,2546.657745056488,11500.0,22644.809363295877,5462.21918419521,19182.8,0.6067415730337079,1570,0,5.176738853503185,1.0,3594.0,0
3142,0,309,1939.5216828478963,2094.2677379914835,6100.0,20238.57055016181,4554.782900061745,23657.0,0.6796116504854369,1569,0,5.994875717017209,2.0,3228.0,0
1301,0,133,3578.3270676691727,8056.502114094758,46251.0,22532.91052631579,11853.83607561131,16970.7,0.5112781954887218,1568,0,2.5819642857142857,0.0,0.0,0
3288,0,259,2124.894208494208,2147.0214637175854,6800.0,21211.4583011583,6006.501796099711,18232.4,0.6177606177606177,1568,0,5.028035714285714,1.0,2471.0,0
318,0,290,2343.4093103448276,2610.8203263377222,25200.0,30734.11965517241,7414.550107670899,36593.5,0.5379310344827586,1567,0,5.633439693682195,1.0,2858.0,0
3336,0,237,2422.434599156118,2533.4657862105664,17600.0,20024.998734177218,5912.173533090834,15797.8,0.5780590717299579,1564,0,4.612710997442456,1.0,2974.0,0
1653,0,276,9567.11304347826,10729.53658368813,36345.0,55530.694927536235,14116.43539788258,74268.0,0.6268115942028986,1564,0,5.371764705882353,1.0,4656.0,0
577,0,294,4319.139795918368,4683.862320290978,17656.0,39538.05680272108,16951.21050869344,80483.9,0.6258503401360545,1563,0,5.7257581573896354,1.0,5120.0,1
2960,0,272,5496.425367647059,5752.385457986173,23700.0,29673.404779411765,9663.36008350525,35956.5,0.6029411764705882,1563,0,5.2973000639795265,1.0,8884.0,0
2267,0,277,9683.827075812274,12810.928089077053,49708.0,48506.675090252706,22329.21335232589,583440.1,0.555956678700361,1563,0,5.394676903390915,1.0,3143.0,0
1989,0,238,1723.4941176470588,1768.7989397225358,10250.0,21325.789915966387,5093.354389068219,28740.399999999998,0.5840336134453782,1562,0,4.638104993597952,1.0,1982.0,0
1352,0,432,6283.326851851853,9556.398905667473,37200.0,53775.81689814814,12673.297965715608,63417.99999999999,0.7592592592592593,1560,0,8.429538461538462,4.0,7004.0,0
851,0,358,9416.999162011174,13447.525815434525,61800.0,50257.92849162011,27962.884150218008,508423.3,0.5977653631284916,1560,0,6.985589743589744,3.0,6225.0,0
716,0,250,8538.7368,9599.034891397723,36480.0,44171.8324,13076.084659645447,67141.0,0.588,1558,0,4.884467265725289,0.0,0.0,1
3555,0,276,8416.557608695652,8650.538265710622,30822.0,31667.94855072464,11037.626207983381,333650.7,0.532608695652174,1557,0,5.395915221579962,2.0,14632.8,0
6,0,246,2632.3865853658535,2655.069679492832,11600.0,34547.34918699187,7331.751694091648,47667.9,0.5975609756097561,1556,0,4.812493573264782,1.0,3954.0,0
1828,0,464,9918.677586206897,14243.064289465166,64800.0,58396.15409482759,25662.956169965717,597552.4,0.6573275862068966,1555,0,9.083061093247588,5.0,9694.5,0
1333,0,279,3938.5455197132615,4104.215337625057,14644.0,23589.45519713262,7106.482352442411,25175.000000000004,0.5985663082437276,1554,0,5.465096525096525,1.0,6508.0,0
11359,1,378,7799.157142857142,10346.185899710477,40521.0,36105.77195767196,16732.929108484153,134259.0,0.716931216931217,1552,0,7.413865979381444,3.0,9274.3,1
3457,0,231,1771.621212121212,1709.0530241679614,4194.0,19127.247186147186,4322.818180788441,26377.3,0.5541125541125541,1552,0,4.53069587628866,1.0,2796.0,0
2627,0,291,1647.840206185567,2212.126132432706,22200.0,22418.635738831614,7153.338337787204,22636.3,0.6460481099656358,1551,0,5.711179883945841,2.0,2140.0,0
2025,0,268,6200.485074626866,6505.919276991354,23000.0,27730.74141791045,8924.041842404275,44338.80000000001,0.6082089552238806,1551,0,5.259780786589297,1.0,6704.0,0
3975,0,247,1345.9753036437248,1398.326181226347,6750.0,18594.45222672065,3609.539919107024,22846.7,0.582995951417004,1551,0,4.847633784655061,1.0,2269.0,0
2905,0,246,5649.748780487805,6440.836163353463,43360.0,45038.597967479676,14615.254198065728,59375.0,0.5691056910569106,1550,0,4.831122580645162,0.0,0.0,0
3827,0,236,4223.14406779661,4575.581619814216,14400.0,32394.446186440677,6623.121802647809,42918.8,0.559322033898305,1549,0,4.637727566171724,0.0,0.0,0
939,0,246,1264.34837398374,1323.2228496261907,7290.0,18877.525609756096,3059.915069788875,21174.5,0.5813008130081301,1549,0,4.834241446094254,1.0,2108.0,0
1421,0,302,2400.948675496689,5819.917887312903,46883.0,38075.82350993377,14462.699409994802,65484.9,0.4602649006622517,1548,0,5.938552971576228,0.0,0.0,0
1934,0,441,3164.1215419501136,4333.231127111351,29760.0,53851.93310657596,22470.94230720768,75526.4,0.7074829931972789,1548,0,8.67186046511628,4.0,7322.0,0
3878,0,364,1061.1483516483515,1314.5657053314746,8400.0,21477.48434065934,5471.104343510353,22636.0,0.6593406593406593,1546,0,7.166985769728331,3.0,1934.0,0
2363,0,307,2219.557328990228,2656.719339042272,12500.0,27300.44006514658,6262.8626727638975,29192.899999999998,0.6644951140065146,1546,0,6.044683053040104,2.0,2124.0,0
1559,0,293,8600.723890784982,9583.168381089718,43840.0,51545.97576791809,12684.695544831238,54292.899999999994,0.6416382252559727,1545,0,5.772763754045308,1.0,8004.0,1
2195,0,245,7365.269387755102,8511.288539707086,44480.0,66427.1624489796,18068.432853477738,85547.8,0.5714285714285714,1545,0,4.82705501618123,0.0,0.0,1
1205,0,257,1996.489494163424,2027.0147444325635,6200.0,24028.846303501945,5467.572845164802,33386.6,0.5992217898832685,1545,0,5.0634822006472495,1.0,2989.0,0
2059,0,238,5145.623529411764,5762.770647576982,26600.0,34184.54663865546,9518.006770254857,36944.399999999994,0.5672268907563025,1545,0,4.689139158576052,0.0,0.0,1
2333,0,276,3019.867391304348,6735.888947148303,49166.0,34581.696739130435,15467.056607212522,24552.6,0.4963768115942029,1545,0,5.437825242718447,0.0,0.0,0
3074,0,288,12284.416319444445,15075.953195877766,63900.0,48011.03194444444,28993.163881955774,581023.5,0.5069444444444444,1545,0,5.6742524271844665,0.0,0.0,0
2840,0,304,10140.293092105263,12164.348223011299,55000.0,54086.94407894737,26903.94431915297,226968.7,0.555921052631579,1544,0,5.993367875647668,2.0,14839.0,0
2430,0,228,4414.9692982456145,5231.548060621741,40320.0,36869.50570175439,11201.23232865652,62259.00000000001,0.5307017543859649,1544,0,4.495025906735751,0.0,0.0,0
2463,0,266,6240.077067669173,6873.393472945148,23190.0,31056.89285714286,9257.40643334501,50502.5,0.6165413533834586,1542,0,5.250998702983139,1.0,3077.0,0
3860,0,246,5509.507317073171,5487.1491138011825,18800.0,25405.51219512195,8421.095799009507,106508.8,0.556910569105691,1542,0,4.856186770428016,2.0,9571.5,0
2788,0,269,5730.426022304833,6672.017347725511,37400.0,30079.560223048327,11056.740578381507,16625.399999999994,0.6133828996282528,1541,0,5.313666450356911,1.0,3803.0,0
8127,1,392,12240.716326530612,13649.900334196307,63900.0,68464.9443877551,24611.159845956903,534846.4,0.5688775510204082,1540,0,7.748363636363637,2.0,14799.8,1
596,0,248,8293.183064516128,10802.961942857217,62300.0,71175.13064516129,21395.767470624483,87915.40000000001,0.5483870967741935,1540,0,4.902025974025975,0.0,0.0,1
3622,0,305,8854.060655737705,11382.281672014562,69600.0,36978.27901639344,25924.88343415186,424017.3,0.5540983606557377,1538,0,6.0365409622886865,2.0,11984.0,0
1312,0,254,2174.681102362205,2456.138660749274,18000.0,24304.42834645669,5856.5182216111025,31574.999999999996,0.6181102362204725,1538,0,5.027152145643693,1.0,1690.0,0
2742,0,337,5039.793175074185,6414.432040587568,29760.0,42411.01869436202,10355.705985296483,32584.299999999996,0.6913946587537092,1538,0,6.669882964889466,2.0,5006.0,1
654,0,241,2397.134439834025,2513.9065071485757,11500.0,31426.016597510374,8123.597353916344,44405.4,0.5933609958506224,1537,0,4.772960312296682,1.0,2885.0,0
4283,0,236,9485.561016949152,10762.319352424933,40640.0,58919.527118644066,16125.141810332918,100638.4,0.5635593220338984,1537,0,4.673936239427457,0.0,0.0,1
2924,0,243,4737.988888888889,5217.055434171957,27500.0,37951.74444444445,9474.001938628717,34617.3,0.5802469135802469,1537,18,4.812569941444373,0.0,0.0,0
3756,0,304,12391.949342105263,13927.819966475285,62400.0,54471.021710526315,27203.43134321245,448782.60000000003,0.5460526315789473,1536,0,6.024583333333333,1.0,9023.0,1
2790,0,293,6201.364163822525,7193.493731408548,47300.0,63471.53447098977,22538.62914422777,62381.7,0.6040955631399317,1535,0,5.810371335504886,1.0,8862.0,0
67,1,382,11827.65445026178,15660.226445073853,62235.0,56893.32068062827,23399.29479114722,533234.0,0.680628272251309,1534,0,7.580234680573664,3.0,13753.0,0
2949,0,317,2002.8807570977917,2417.904911983587,13950.0,22684.41104100946,4992.132848860179,15553.199999999997,0.694006309148265,1532,0,6.298616187989557,2.0,2051.0,0
3849,0,287,6247.119163763066,7017.473033733503,25600.0,45979.717421602785,14925.737058914812,74659.19999999998,0.6411149825783972,1532,0,5.702532637075719,1.0,4447.0,0
5422,1,480,9763.806666666667,13580.535667679853,64500.0,50416.79125,29749.843709080993,547700.8,0.66875,1531,0,9.543566296538211,4.0,10735.0,0
988,0,263,2524.669961977186,2610.0348565078357,8400.0,32578.174524714832,6820.949828459659,33194.2,0.6273764258555133,1531,0,5.229079033311561,1.0,2512.0,0
3058,0,239,8760.861924686193,9735.30810209435,29269.5,49360.59372384937,12424.595425667385,62492.00000000001,0.5732217573221757,1530,0,4.755006535947713,0.0,0.0,0
1958,0,221,2269.380542986425,2377.3582508229733,12500.0,31925.72488687783,6771.343890057811,45959.1,0.5610859728506787,1529,0,4.399764551994768,1.0,2934.0,0
1441,0,270,2236.8229629629627,2326.7605845222565,6500.0,25430.151481481484,6013.730014293284,42468.200000000004,0.6370370370370371,1528,0,5.378795811518325,1.0,2425.0,0
1109,0,238,8033.449579831933,8875.81385447575,26881.5,49164.557563025206,10265.40358218583,63567.0,0.5714285714285714,1526,0,4.747522935779817,0.0,0.0,0
2536,0,252,2404.29126984127,2628.2825276106446,14950.0,26591.03134920635,5269.147288635232,28515.399999999994,0.6111111111111112,1525,0,5.030085245901639,1.0,3136.0,0
1295,0,265,2408.7773584905663,2427.711397814067,10600.0,18990.2758490566,5292.826139807797,17832.0,0.5849056603773585,1525,0,5.2895737704918036,1.0,3282.0,0
3419,0,375,3531.9306666666666,4323.101130216415,17772.0,24418.8,6491.41574745938,16375.999999999998,0.7066666666666667,1524,0,7.490157480314961,3.0,7898.0,0
1993,1,243,8930.863374485596,12911.857070506558,64400.0,33456.906995884776,21701.243787176994,51911.8,0.5967078189300411,1523,0,4.856808929743926,1.0,5700.3,0
1076,0,335,3927.9462686567163,4557.077104785543,19100.0,41816.21820895522,15077.11981586182,83638.0,0.6567164179104478,1523,0,6.695600787918582,2.0,7087.0,0
960,1,369,11889.723848238482,15107.728886680867,60016.0,55426.47425474255,22672.10246661042,1038642.1,0.6205962059620597,1520,0,7.38971052631579,2.0,9091.0,1
201,0,289,5935.078200692042,6458.93889420482,23752.0,34993.96747404844,9740.941041950606,43995.60000000001,0.6401384083044983,1520,0,5.787605263157895,1.0,9584.0,0
1168,0,415,2579.032048192771,3554.9892242862975,14593.5,23099.726506024097,6751.491009454507,17928.299999999992,0.7518072289156627,1519,0,8.316392363396972,4.0,4358.0,0
2365,0,241,2035.2489626556016,2006.5709606006963,5500.0,23266.664315352697,4673.05912439107,30709.0,0.5809128630705395,1518,0,4.83270092226614,1.0,3061.0,0
973,0,239,2365.054393305439,2425.8501561766375,13650.0,31154.01338912134,6805.9817716257785,24106.000000000004,0.5774058577405857,1517,0,4.795754779169413,1.0,2909.0,0
3663,0,294,9080.550000000001,10147.129025677026,36993.0,58117.00442176871,14078.506588418786,46063.699999999975,0.6530612244897959,1516,0,5.903271767810027,1.0,7862.0,1
3576,0,283,1335.8081272084805,1473.7802876793248,4300.0,23445.385865724384,4601.688416278174,30728.899999999998,0.6643109540636042,1515,0,5.6861518151815185,2.0,1668.0,0
4082,0,226,9615.236725663717,13255.129079239932,60600.0,38915.45707964602,29894.05244890575,435177.1,0.4557522123893805,1514,0,4.543883751651255,0.0,0.0,0
2541,0,378,3928.134656084656,5166.1527948693465,27040.0,39885.73439153439,10048.838491838129,67714.9,0.7063492063492064,1514,0,7.59994715984148,3.0,5957.0,0
4476,1,406,3791.621921182266,5105.534152689972,21513.0,27463.69827586207,7269.864918188859,24909.699999999997,0.7463054187192119,1512,0,8.173703703703705,4.0,7843.0,0
2572,1,375,13995.486933333332,18900.411401988087,73228.0,60046.58373333333,26524.414321150027,881892.4,0.5146666666666667,1509,0,7.564612326043738,1.0,7500.0,0
2377,0,282,1473.9960992907802,1710.6497953819319,7900.0,18827.297517730498,3411.803755703359,22686.100000000002,0.6631205673758865,1509,0,5.688588469184891,2.0,1957.0,0
1554,0,286,6531.506293706294,7345.292339209616,35680.0,43098.555944055945,10332.994410165353,56718.0,0.6433566433566433,1507,0,5.776934306569343,1.0,6551.0,1
5632,1,326,13825.125153374232,15526.160215928741,59000.0,58264.63803680982,29592.125694603204,685050.8,0.50920245398773,1507,0,6.584897146648972,1.0,4760.0,0
940,1,297,13575.520538720539,16496.998513976752,63200.0,72794.25656565656,21428.088738391263,637488.7999999999,0.569023569023569,1507,0,5.999124087591241,1.0,4738.0,1
1583,1,339,11282.517994100295,13265.798575848008,61800.0,38211.250147492625,31739.422007519017,604968.0,0.5103244837758112,1505,0,6.856584717607974,1.0,8094.2,0
2218,1,306,14315.7454248366,17737.7251942043,61557.0,69319.46699346404,23557.204891873193,451617.3,0.6111111111111112,1501,0,6.2056229180546305,1.0,3034.0,1
1708,0,299,5109.460535117057,6036.744037270796,25100.0,28289.959531772576,9258.159494077985,29823.899999999994,0.6622073578595318,1501,0,6.0636642238507665,2.0,7858.0,0
449,0,276,1559.155072463768,1919.447924703065,12600.0,18029.018840579713,4466.671296224568,14879.999999999995,0.6557971014492754,1500,0,5.600960000000001,2.0,1953.0,0
2044,0,266,7302.81954887218,7745.202896897339,28900.0,46200.211278195486,14591.522058503591,68369.2,0.6203007518796992,1499,0,5.401627751834557,2.0,9278.0,1
11186,1,339,12455.629498525075,14994.24248177097,58870.0,67157.03097345133,22288.580731044185,322048.8,0.6607669616519174,1498,0,6.888624833110814,2.0,16351.2,1
29,0,367,5138.786648501362,6832.63155131087,26667.0,32130.32152588556,9411.602992054777,37551.90000000001,0.7275204359673024,1498,0,7.457596795727637,3.0,7708.0,0
3752,1,320,5503.64,6839.252099684181,25603.5,54388.825937500005,12093.730595230521,89291.99999999999,0.6875,1497,0,6.50688042752171,2.0,4765.0,0
2028,0,217,11169.064976958525,14688.815751135444,63400.0,42950.99953917051,30635.8018208189,364587.1,0.4470046082949309,1496,0,4.4154278074866316,0.0,0.0,0
1294,0,306,4905.66339869281,6661.095839887317,41700.0,29438.068954248363,10729.20930091631,60080.200000000004,0.673202614379085,1495,0,6.2305284280936455,2.0,3581.0,0
106,0,282,6577.221985815603,7531.274050352158,26648.0,45592.49645390071,12776.441660311646,64941.8,0.648936170212766,1495,0,5.741859531772575,1.0,3735.0,1
2707,0,382,9220.491623036649,12683.193382009184,64500.0,56461.40602094241,24662.500154295394,778523.4,0.5602094240837696,1495,0,7.777979933110368,2.0,5578.0,1
2027,0,225,2171.048888888889,2196.5181656778477,11900.0,22280.907555555557,5588.054733255778,32793.200000000004,0.5733333333333334,1494,0,4.5843373493975905,1.0,3476.0,0
3369,0,309,1931.3398058252428,2174.319772059779,10600.0,29513.155987055015,8740.70865122068,53995.2,0.5857605177993528,1491,0,6.308490945674045,2.0,3033.0,0
9731,1,346,5871.894797687862,7227.586101358639,28446.0,31905.483236994216,10290.234586582888,197475.19999999998,0.6763005780346821,1491,0,7.0638765928906775,3.0,9447.7,0
1578,0,231,1589.095238095238,1574.8733128686642,4128.0,32011.80346320346,10339.228785245068,51156.2,0.5714285714285714,1491,0,4.716056338028169,1.0,1825.0,0
8411,1,392,6024.196428571428,7916.867422914676,33096.0,31612.16862244898,11488.77295910856,40181.000000000015,0.6147959183673469,1490,0,8.008375838926174,3.0,12996.3,0
1919,0,333,7975.846546546546,10915.613790325482,60800.0,78237.63633633633,20583.486920190328,107652.10000000002,0.6696696696696697,1488,0,6.812177419354839,2.0,4887.0,1
1307,0,269,2474.924163568773,2501.5509446103847,20000.0,21214.701858736058,5502.7764327171,12733.8,0.5464684014869888,1487,0,5.506630800268998,1.0,3297.0,0
2121,0,309,7651.25501618123,9357.095282066848,37920.0,45582.04789644013,13420.796796331158,24373.00000000001,0.6796116504854369,1487,0,6.325460659045057,2.0,6007.0,0
1436,0,274,2200.890875912409,2056.7803861204134,9000.0,35472.93138686131,7367.569752586744,50407.3,0.5437956204379562,1485,0,5.6165387205387205,1.0,3104.0,0
3489,1,300,5554.789333333333,6710.372892256435,24480.0,43216.354666666666,9000.97601707047,46381.2,0.67,1484,0,6.1536388140161735,2.0,5210.0,0
3348,0,277,6858.916967509025,7605.175736502123,27086.0,52246.87075812274,13215.002666130818,70459.2,0.6353790613718412,1484,0,5.681859838274933,1.0,5787.0,0
2809,0,310,5027.049677419354,5798.791069218628,21986.0,31963.30709677419,7611.731602240382,26708.600000000006,0.6774193548387096,1484,0,6.358760107816712,2.0,8103.0,0
3364,0,366,11237.849453551913,13952.803260683084,63500.0,59337.83442622951,29057.269964281102,837092.9,0.5491803278688525,1484,0,7.507439353099731,3.0,9841.7,0
2546,0,334,5450.102994011976,10087.952984695783,49530.0,37935.12874251497,24276.932218533213,122993.2,0.6946107784431138,1484,0,6.851051212938006,4.0,9513.5,0
2343,1,303,4161.996699669967,4495.124959941133,28160.0,39104.16930693069,9766.511061546653,44533.4,0.6138613861386139,1483,0,6.219366149696562,2.0,8862.0,0
594,0,233,1229.320600858369,1284.365893391855,6330.0,19196.665236051504,4289.501228062945,23726.9,0.575107296137339,1483,0,4.782548887390425,1.0,2054.0,0
4434,0,357,13976.766106442577,15748.957360172386,62900.0,69365.82016806724,28176.7398985252,467622.3,0.5266106442577031,1483,0,7.327768037761295,2.0,6809.0,0
359,0,208,2370.346153846154,2307.5439447162717,11000.0,18520.535096153846,3995.5272629473493,24504.4,0.5528846153846154,1481,0,4.275165428764349,1.0,3544.0,0
3279,0,271,11509.59852398524,13735.095876268726,59500.0,51270.7295202952,26746.910419661956,191573.2,0.5387453874538746,1475,26,5.592705084745763,1.0,11462.0,1
1011,1,323,6724.771207430341,7629.528824046964,30604.0,57193.64643962849,19161.37692120293,301929.5,0.6439628482972136,1475,0,6.665844067796611,2.0,10485.5,0
8856,0,393,10621.714503816793,14074.111501954847,64800.0,75910.506870229,31290.359115819825,311819.8,0.5318066157760815,1474,0,8.1159565807327,0.0,0.0,1
2808,0,140,3934.574285714286,8109.392579177488,46553.0,49450.45428571428,15785.215259452358,60727.200000000004,0.44285714285714284,1474,0,2.891180461329715,0.0,0.0,0
5357,0,231,4534.292640692641,5928.677729388368,38720.0,48809.0658008658,19950.202251410225,86565.2,0.5584415584415584,1474,0,4.7704477611940295,0.0,0.0,1
775,0,320,6412.490625,8515.451615561275,30429.0,56600.5484375,12774.228422934735,85125.40000000001,0.690625,1474,0,6.6084124830393485,2.0,3607.0,0
2524,0,238,2451.5,2552.1526834211286,11400.0,19332.067647058822,4951.119095907538,25761.399999999998,0.6050420168067226,1473,0,4.9183435166327225,1.0,2550.0,0
3903,0,271,6569.234686346864,7103.16193787015,26019.0,34260.24907749078,9196.538863393975,50748.99999999999,0.6346863468634686,1473,0,5.600298710115411,1.0,6583.0,0
802,0,240,2019.5995833333334,2271.841225953356,14900.0,34624.8325,9061.830057678924,44912.299999999996,0.6125,1472,0,4.96304347826087,1.0,1876.0,0
3567,0,325,9111.10923076923,12380.886524358843,63300.0,49210.85753846154,24726.428352535426,602740.9,0.556923076923077,1472,0,6.720788043478261,3.0,12473.3,0
68,0,424,8597.946933962265,13757.485118017503,61000.0,65934.10990566039,21458.151723843665,429103.5,0.7405660377358491,1472,0,8.76804347826087,4.0,3089.0,1
1417,0,279,8822.509677419355,9935.989205264674,36346.0,65305.400358422936,21593.077998988378,102352.6,0.6451612903225806,1472,0,5.769538043478261,1.0,7394.0,1
3643,0,47,1859.5744680851064,1847.637689693904,10300.0,26282.978723404256,6813.647403140268,31800.0,0.425531914893617,1470,30,0.9732517006802722,0.0,0.0,0
10728,1,333,6471.856756756756,7395.546511636242,28994.0,40462.321321321324,13109.476651535879,537491.7,0.5975975975975976,1469,0,6.900285908781484,2.0,7088.5,0
2384,0,235,21011.144680851063,22971.834434304496,71859.0,58293.69744680851,23816.418408289508,200963.4,0.5659574468085107,1469,0,4.869571136827774,1.0,4282.0,0
1835,0,306,5339.565032679739,6378.093099777471,26500.0,55844.019281045745,16593.694731604926,91379.29999999999,0.6633986928104575,1468,0,6.345122615803815,2.0,7369.0,1
3621,0,258,3575.284108527132,3530.222961281803,12640.0,24268.309689922484,7213.178760089272,21133.7,0.5697674418604651,1467,0,5.353456032719837,1.0,5319.0,0
1394,0,270,2068.0588888888888,2614.2370634502486,14450.0,39580.55740740741,11466.092087885987,66188.3,0.6555555555555556,1465,0,5.610102389078499,2.0,2100.0,0
3006,0,240,2530.4058333333332,2605.09060197235,11500.0,22779.6325,5719.330427310838,17983.800000000003,0.5958333333333333,1460,0,5.003835616438357,1.0,3783.0,0
2322,1,460,6810.385217391305,11792.580066068638,61600.0,45504.95891304348,26679.035770452356,178888.0,0.7326086956521739,1459,0,9.597258396161756,5.0,8610.0,0
1331,0,279,4060.178136200717,5073.729350069597,41900.0,25891.24193548387,8727.60585545241,39758.100000000006,0.6415770609318996,1458,0,5.824938271604938,2.0,4416.0,0
2355,0,258,16866.071705426355,18977.04024009069,64900.0,55720.83643410853,21229.45613879127,731590.9,0.5193798449612403,1458,0,5.386502057613169,0.0,0.0,0
3482,0,223,1975.1085201793724,1970.1708079261955,10800.0,15866.465919282511,3041.9874422395596,15617.599999999995,0.5650224215246636,1458,0,4.655775034293553,1.0,3026.0,0
4503,1,293,13284.483276450512,15967.77620247807,63600.0,58129.01535836177,27923.28581098436,617643.2,0.515358361774744,1458,0,6.117229080932785,1.0,2819.8,1
2077,0,235,2090.6570212765955,2316.0069866854265,16600.0,29972.43829787234,9815.729449783523,67648.8,0.49361702127659574,1457,0,4.909677419354839,0.0,0.0,0
685,0,219,12843.630136986301,15054.285329467293,63000.0,59456.54885844749,26327.396009015738,563035.0,0.4429223744292237,1457,0,4.5754015099519565,1.0,3847.2,1
2163,0,316,6127.873734177216,7634.24126487939,28422.0,41434.01835443038,9791.121151052244,54302.49999999999,0.689873417721519,1456,0,6.606483516483516,2.0,5194.0,0
2239,0,320,4770.2090625,5985.406608392278,25900.0,37939.0146875,13769.463405742132,61731.3,0.678125,1456,0,6.69010989010989,2.0,7760.0,0
1706,0,275,1409.714909090909,1401.2807864643448,10500.0,42646.38036363636,13121.43263780186,53928.0,0.5381818181818182,1456,0,5.749313186813187,1.0,2058.0,0
7795,1,355,14076.824507042254,15280.422581055824,63700.0,65701.56225352113,26926.650067182356,462825.5,0.5521126760563381,1456,0,7.42184065934066,1.0,6202.0,1
3128,0,225,3072.4355555555558,3248.1110123778335,10244.0,42598.93644444444,13748.954892486561,65842.4,0.5466666666666666,1455,0,4.707216494845361,0.0,0.0,0
2978,0,260,2304.8373076923076,2296.2623456122988,15100.0,18221.14346153846,4589.796445524253,12546.1,0.5461538461538461,1455,0,5.4394501718213055,1.0,3212.0,0
3141,0,271,5983.969741697417,5486.962379324108,27600.0,43398.21734317343,20889.866845348784,295445.8,0.4575645756457565,1455,0,5.669580756013746,2.0,10992.0,0
3250,0,255,2099.278431372549,2197.101350429816,7100.0,18620.746274509802,5027.468008314114,19940.399999999998,0.6196078431372549,1455,0,5.334845360824742,1.0,1880.0,0
1955,0,218,1215.774770642202,1205.9836461570837,3870.0,14871.173394495412,2641.049553158401,18288.5,0.5825688073394495,1454,0,4.563906464924347,1.0,1964.0,0
5650,1,327,8015.793272171253,9184.117163069366,36975.0,43995.205198776755,13112.617376461336,435586.0,0.6146788990825688,1453,0,6.85057123193393,2.0,14638.3,0
3641,0,226,1318.0823008849557,1402.177259343013,7710.0,20309.90486725664,3292.1160318856387,27608.2,0.5973451327433629,1452,0,4.737906336088154,1.0,2163.0,0
2923,0,216,1781.822222222222,1676.7258032877212,4179.0,18303.875462962962,3832.518916605539,15251.200000000004,0.5787037037037037,1451,0,4.531385251550655,1.0,2786.0,0
8092,1,269,3594.63531598513,4084.702010073547,21500.0,20582.007434944237,7664.2450586067125,13814.5,0.6319702602230484,1450,0,5.647144827586207,2.0,7151.0,0
2421,0,279,1031.1888888888889,1271.6774407990615,4920.0,34251.52688172043,10719.975920830957,51847.299999999996,0.6738351254480287,1450,0,5.857075862068966,3.0,2127.0,1
1437,0,358,959.7203910614526,1346.2784324805593,8200.0,21279.036312849163,4470.332468848267,22467.5,0.7094972067039106,1448,0,7.525911602209945,4.0,2161.0,0
756,0,64,1712.83125,2030.0391536512648,9800.0,55140.290625,20868.121386959177,87421.2,0.140625,1448,38,1.345414364640884,0.0,0.0,1
3244,0,272,1066.1930147058824,1223.031223855986,6450.0,17804.910294117646,3259.789829160699,18006.899999999998,0.6433823529411765,1447,0,5.7219626814098135,2.0,2077.0,0
10630,1,304,5316.360197368421,5020.564943914908,19455.0,27560.838486842105,7477.164667251028,36729.100000000006,0.5657894736842105,1446,0,6.399557399723375,2.0,15563.0,0
3981,0,304,1028.4799342105264,1243.9906243313962,8610.0,16740.91875,3039.972486719298,13775.5,0.7006578947368421,1446,0,6.399557399723375,3.0,2264.0,0
3812,0,226,1916.7429203539823,2013.4722826375469,11100.0,30290.996902654868,8071.515487762531,46327.5,0.5973451327433629,1445,0,4.76085813148789,1.0,2125.0,0
4368,0,228,5833.384210526317,6014.1049649137885,24934.0,43217.247368421056,12418.536118694288,494985.2,0.4517543859649123,1445,24,4.802989619377163,0.0,0.0,1
2729,0,271,4996.136531365313,5683.805475301554,30240.0,48325.35313653136,17635.802947656604,81794.59999999999,0.5977859778597786,1445,0,5.70881660899654,1.0,8733.0,0
2446,0,269,4516.827881040892,4748.065833123523,17811.0,37727.82230483271,10690.31611330606,55928.3,0.6133828996282528,1445,0,5.666685121107267,1.0,6372.0,0
839,0,254,9709.062992125984,10990.700790589708,36828.0,59620.68858267717,15345.209344361523,67231.59999999999,0.6220472440944882,1444,0,5.354404432132965,1.0,4254.0,1
1625,0,385,3237.773766233766,4730.871240911766,22000.0,23974.00779220779,8005.322655563528,26294.50000000001,0.7480519480519481,1444,0,8.115927977839336,4.0,4113.0,0
2563,0,272,2567.368014705882,2689.2291257018223,23520.0,35353.061029411765,9072.186665805204,44593.700000000004,0.5294117647058824,1444,0,5.733850415512466,1.0,2984.0,0
1414,0,346,4642.018497109826,5686.857941320347,23766.0,27896.37687861272,9420.089209700202,37588.0,0.7167630057803468,1444,0,7.293795013850416,3.0,9134.0,0
7562,1,295,13248.565423728813,15612.766832035933,61000.0,66885.80033898306,21064.19500699438,577992.4,0.6,1444,0,6.218698060941829,1.0,6450.2,0
2185,0,236,2019.1762711864405,2154.0662614979856,12600.0,27439.438983050844,6248.65655882394,30223.199999999997,0.614406779661017,1443,0,4.978406098406099,1.0,2004.0,0
1446,0,270,6496.349629629629,7372.030125444722,26780.0,57786.36703703704,17520.8717684157,93766.00000000001,0.6444444444444445,1443,0,5.695634095634096,1.0,4877.0,1
915,1,330,11944.666666666666,14147.73651252245,58041.0,51495.359696969696,20091.25386530124,508665.6,0.6303030303030303,1443,0,6.961330561330562,2.0,20740.0,0
3777,0,286,993.2367132867133,1203.7486166788217,7140.0,22034.180419580418,4362.284477008817,27071.3,0.6818181818181818,1442,0,6.0373370319001385,3.0,2148.0,0
2414,0,257,1030.3070038910507,1121.305280805925,5400.0,14911.389105058366,2479.54097094595,18618.5,0.6459143968871596,1442,0,5.425159500693481,2.0,1966.0,0
9814,1,407,8986.131941031941,12610.149253858699,69000.0,60051.068796068794,30144.188313615003,768874.3,0.3955773955773956,1442,0,8.591595006934813,1.0,8013.7,1
2681,0,279,8499.682795698925,10112.085386685412,35907.0,62084.47562724014,16541.26522114649,95253.1,0.6594982078853047,1442,0,5.889570041608876,2.0,6222.0,1
484,0,392,2481.230867346939,3328.3442976000865,14114.0,25523.14158163265,5921.3829901978215,24454.1,0.7474489795918368,1441,0,8.280693962526025,4.0,5167.0,0
217,0,245,4601.094285714286,4937.36109313301,19700.0,25752.53795918367,6694.75144714156,24285.700000000015,0.6040816326530613,1441,0,5.175433726578765,2.0,4112.0,0
9030,1,384,4626.195572916667,6709.922269339704,36960.0,46860.132031249996,10143.337624314057,58224.7,0.625,1440,0,8.117333333333333,3.0,6660.0,0
2352,1,400,5092.527,7828.950680142343,42080.0,53113.79075,12662.583896180464,63982.399999999994,0.755,1440,0,8.455555555555556,4.0,6443.0,0
1526,0,248,3000.0370967741933,2823.4886886857676,9975.0,46529.508467741936,15588.399726459136,80730.8,0.5362903225806451,1439,0,5.2460875608061155,1.0,4433.0,1
3841,0,256,1563.6890625,2040.3395926201194,14350.0,22427.95703125,9495.798729644139,36926.0,0.64453125,1439,0,5.415316191799861,2.0,1663.0,0
270,0,258,9173.88062015504,10309.271304527894,36960.0,63277.7007751938,17332.6801289419,89226.8,0.627906976744186,1438,0,5.461418636995828,1.0,5462.0,1
1914,0,313,2435.2226837060703,2901.6376127403814,28320.0,42254.64217252396,18824.698262840695,79418.3,0.5846645367412141,1437,0,6.630285316631872,2.0,3335.0,1
2054,0,333,6046.526726726726,7679.719969177021,29853.0,44282.26636636636,12781.739356492104,53695.0,0.7087087087087087,1437,0,7.053945720250522,3.0,8738.0,1
2111,0,298,13192.888590604027,14806.619578488924,62500.0,68177.12718120805,25561.52166468923,706840.8,0.47651006711409394,1436,0,6.316935933147633,1.0,4619.9,1
1769,0,209,2682.346889952153,3319.3941771026634,22240.0,22587.884210526314,8317.12300820106,18464.100000000002,0.507177033492823,1436,0,4.430334261838441,0.0,0.0,0
2663,0,235,2444.3370212765954,2508.842962648401,11100.0,21770.859999999997,4684.973868257582,33204.8,0.6085106382978723,1436,0,4.981476323119778,1.0,3877.0,0
4103,0,271,14146.38966789668,17285.969686333934,70200.0,57791.172324723244,37690.41121019067,342757.6,0.5018450184501845,1436,0,5.744596100278552,0.0,0.0,0
5735,1,315,10213.498095238096,12537.295702560257,56400.0,51671.240952380955,29668.654144181794,540825.1,0.5396825396825397,1436,0,6.677298050139276,1.0,4845.0,0
3362,0,276,4301.55,4516.48844353865,18100.0,35227.89347826087,7102.177212184053,29317.399999999994,0.6195652173913043,1436,0,5.85058495821727,1.0,7294.0,0
2755,0,268,1951.3828358208955,2101.45214766308,6300.0,23087.55223880597,4804.084228777217,16722.2,0.6604477611940298,1435,0,5.684961672473868,2.0,3767.0,0
3235,0,261,7069.965900383142,7992.810561548068,38880.0,40715.38275862069,17552.611631633925,95598.7,0.632183908045977,1435,0,5.536473867595819,1.0,6149.0,1
795,0,266,2451.525939849624,2647.7539043648494,21800.0,42123.45413533835,14390.811213223642,75695.5,0.5263157894736842,1434,0,5.646471408647141,1.0,2976.0,0
1548,0,206,1370.078640776699,1349.5240712409068,4900.0,16877.725242718447,3569.8687284663056,22113.8,0.558252427184466,1434,0,4.372831241283124,1.0,2106.0,0
650,0,259,2448.236293436293,2620.767003579252,9300.0,25178.666023166024,4431.715355727391,27458.8,0.6447876447876448,1433,0,5.501716678297279,1.0,1697.0,0
11042,1,321,11444.60093457944,13408.768752840635,54286.0,56111.00965732088,18988.46748158109,404704.9,0.6542056074766355,1432,0,6.823491620111732,2.0,14467.8,1
3421,0,270,6782.792592592593,7627.966003106896,37440.0,49075.99481481481,16052.379228687827,67367.6,0.6259259259259259,1429,0,5.751434569629112,1.0,8640.0,0
1112,0,227,8199.580176211453,9815.519312563816,47520.0,57808.40881057269,16738.017967471278,84478.3,0.5726872246696035,1427,0,4.842242466713385,0.0,0.0,1
3583,0,226,2147.5261061946903,2286.893346836343,13750.0,25321.98053097345,6004.196888841569,26330.5,0.5796460176991151,1427,0,4.820911002102313,1.0,3084.0,0
4001,0,84,1235.327380952381,1829.5756926195713,12800.0,18192.59642857143,4076.8926964270045,13767.5,0.2619047619047619,1426,16,1.7930995792426367,0.0,0.0,0
393,0,295,8520.666101694915,10646.64263080614,37149.0,40424.92745762712,13083.222298789757,32522.100000000002,0.6745762711864407,1426,0,6.297194950911641,2.0,6222.0,1
2718,0,224,2578.867410714286,5837.313531211818,46598.0,25354.211607142857,9301.724132265987,19639.899999999998,0.46875,1425,0,4.784954385964912,0.0,0.0,0
1496,0,334,4458.838023952096,5874.057134376479,22089.0,33806.19850299401,9275.661066159211,34537.5,0.7095808383233533,1425,0,7.134708771929825,3.0,7125.0,0
2968,0,309,11679.239805825244,15191.658823407655,56400.0,56538.015857605176,20698.606216025248,317350.7,0.6472491909385113,1425,0,6.600673684210527,2.0,3678.0,1
1889,0,225,2256.4644444444443,2286.053539258247,9450.0,30079.052,6351.490070968726,41575.3,0.6044444444444445,1424,0,4.809691011235955,1.0,3298.0,0
789,1,294,2021.9969387755102,2146.3672052133047,8538.0,17913.513265306123,4794.626822890295,20756.699999999997,0.6598639455782312,1424,0,6.284662921348315,3.0,5316.0,0
7614,1,283,14049.903180212015,16293.33371448754,60108.0,63984.098586572436,20995.373219776986,366846.0,0.6219081272084805,1422,0,6.0580309423347405,1.0,6678.7,1
8159,1,331,3406.452265861027,4196.90211037596,17241.0,39429.22628398792,11999.418612987089,58866.49999999999,0.7039274924471299,1422,0,7.085541490857947,3.0,5827.0,0
2151,0,333,3132.6963963963963,3881.530880667748,15156.0,22017.696996996994,7137.840737111226,37965.49999999999,0.6786786786786787,1422,0,7.128354430379748,3.0,6736.0,0
3865,0,251,7844.450199203187,8325.053413514532,29200.0,52098.184462151396,11991.738552932087,33182.6,0.6215139442231076,1421,0,5.376805066854328,1.0,5947.0,0
4109,0,244,2389.313524590164,5075.8210069251945,44941.0,39287.93893442623,13024.018440115864,32966.100000000006,0.3729508196721312,1421,0,5.226854327938072,0.0,0.0,0
515,0,211,1769.6559241706161,1720.0156455269803,6000.0,15523.71279620853,2938.041257899759,20831.0,0.5497630331753555,1421,0,4.519943701618579,1.0,2750.0,0
3817,0,264,3935.2962121212117,4055.0005926383496,14691.0,24939.939393939392,6327.1803451489495,28077.799999999996,0.5909090909090909,1420,0,5.659267605633803,1.0,6529.0,0
2268,1,286,8081.111888111888,10085.69953481636,35469.0,55270.51818181818,14030.48118313105,74334.8,0.6748251748251748,1419,0,6.135193798449612,2.0,6303.0,0
388,0,263,4311.586311787072,4431.610714635419,20300.0,39764.74828897339,21279.63727289225,99934.0,0.5551330798479087,1419,0,5.641804087385483,1.0,6524.0,1
3623,0,284,1539.4267605633804,1709.8307467294985,10600.0,23238.99190140845,5056.353319731759,14560.000000000002,0.6197183098591549,1418,0,6.096586741889986,2.0,2595.0,0
1967,1,302,12189.458609271524,13854.283880577514,62300.0,45595.75496688742,28533.20898749873,213640.5,0.5695364238410596,1417,0,6.487565278757939,2.0,19358.0,0
4727,1,353,10215.467422096317,13805.524470682449,53613.0,57480.771671388095,19542.905977563525,519138.8,0.6742209631728046,1417,0,7.583147494707128,3.0,9926.0,0
3466,0,353,6589.989801699717,9848.238271268614,36076.0,59089.99801699717,18179.35480779176,105687.19999999998,0.7337110481586402,1414,0,7.59923620933522,3.0,3346.0,0
3297,0,213,7319.473708920187,7739.4641278201525,29600.0,37441.45399061033,9995.650656280535,41330.7,0.5586854460093896,1413,0,4.588619957537155,0.0,0.0,0
607,0,212,1318.8608490566037,1320.8013191500338,6700.0,16281.19245283019,3203.828896899189,14757.3,0.5801886792452831,1413,0,4.567077140835103,1.0,2082.0,0
1858,0,234,2551.6397435897434,2676.840214200722,14250.0,24182.096153846152,4911.702059379608,24690.499999999996,0.6153846153846154,1412,0,5.0445892351274795,1.0,3764.0,0
3978,0,345,6409.554202898551,8971.336138832376,33327.0,39296.68463768116,14984.097872790411,42489.00000000001,0.7246376811594203,1412,0,7.437535410764873,3.0,6305.0,0
70,0,245,3735.5938775510203,3888.255956640151,20320.0,38459.73959183673,8816.650302872362,42423.30000000001,0.5877551020408164,1412,0,5.28172804532578,1.0,4150.0,0
781,0,222,1245.8545045045046,1227.5861664156582,3300.0,15404.986936936937,2411.139763485177,13526.5,0.5990990990990991,1411,0,4.789284195605953,1.0,2054.0,0
10884,1,363,6286.265564738292,7868.261086838807,45900.0,46865.74269972452,16914.28094425976,606657.2,0.6198347107438017,1410,0,7.8366808510638295,3.0,8888.0,0
2688,0,204,1848.5053921568626,1769.5594380379277,5200.0,14795.561274509804,3498.3644869942277,14969.9,0.5637254901960784,1410,0,4.404085106382978,1.0,2802.0,0
1772,1,330,14660.564545454545,18191.018132563557,72298.0,67825.57787878788,24644.533432085766,799052.3,0.6151515151515151,1410,0,7.124255319148936,2.0,17627.0,0
2490,0,310,4550.73129032258,5811.620170896004,26000.0,44276.698387096774,14313.3387834745,68229.5,0.6870967741935484,1409,0,6.697232079489,2.0,4175.0,0
2047,0,209,1937.7114832535885,1872.1349920412245,5400.0,34661.08086124402,6909.267108705496,43324.5,0.5741626794258373,1409,0,4.515230660042584,1.0,2670.0,0
3839,0,234,12888.20811965812,14053.497979035606,46082.0,51313.17905982906,18773.11901186815,421643.5,0.5341880341880342,1409,0,5.055330021291697,1.0,3072.1,1
1633,0,228,2049.8061403508773,2221.2793669111525,11150.0,29437.223684210527,6302.280733744377,17588.600000000002,0.6096491228070176,1408,0,4.929204545454546,1.0,2145.0,0
763,0,260,4556.1069230769235,4852.503154865822,23520.0,30904.67653846154,9466.144488888036,40756.600000000006,0.573076923076923,1407,0,5.62501776830135,1.0,7417.0,0
4161,0,218,4945.4325688073395,5547.306766383389,27100.0,42661.19587155963,12988.31501391794,75307.1,0.5596330275229358,1407,0,4.71636105188344,0.0,0.0,1
2431,0,348,2147.552011494253,2554.117253716206,18720.0,32979.245977011495,9722.605602395086,56580.9,0.6494252873563219,1407,0,7.5288699360341145,4.0,5286.0,0
3753,0,246,2080.799593495935,2261.058153428061,7500.0,33672.325609756095,9336.428320934814,48399.5,0.6341463414634146,1406,0,5.325917496443813,1.0,1540.0,0
1778,0,268,5732.6529850746265,6527.4401738315355,24320.0,43719.91194029851,10496.978958026453,74649.8,0.6455223880597015,1405,0,5.806348754448399,1.0,3432.0,1
2911,0,334,3498.1907185628743,4236.484093918176,17052.0,30758.852095808383,11621.384237289953,67726.5,0.6706586826347305,1405,0,7.236270462633452,4.0,8629.0,0
3710,0,262,4515.447709923665,4790.026320964336,17322.0,30950.747328244273,9027.078426781763,17678.099999999995,0.6221374045801527,1405,0,5.676355871886121,1.0,4633.0,1
1702,0,264,3330.1041666666665,3341.6529850383977,12201.0,25399.384090909094,5658.491883124063,27452.3,0.5946969696969697,1403,0,5.72784034212402,1.0,4689.0,0
3737,0,273,2206.7249084249083,2606.4238612277336,10100.0,29935.585714285717,7546.235016791848,40682.700000000004,0.6593406593406593,1401,0,5.931563169164883,2.0,3834.0,0
190,0,385,4483.875584415585,6306.592695518138,26334.0,32975.58233766234,10634.000453872874,69474.90000000001,0.7480519480519481,1400,0,8.371,4.0,9110.0,0
2865,0,374,3220.222459893048,5114.288432301246,31100.0,32238.71550802139,9659.378221765943,27594.0,0.7486631016042781,1399,0,8.137641172265903,4.0,3493.0,0
3014,0,265,12614.905283018868,14985.744214845488,64400.0,57966.89660377358,28104.132100693096,722109.9,0.4339622641509434,1399,0,5.765975696926375,1.0,4187.0,1
2680,0,249,7550.281124497992,7844.64933292352,25502.0,32192.605220883535,14765.537679962767,913013.8,0.42570281124497994,1399,0,5.417841315225161,0.0,0.0,0
1129,0,310,7796.209354838709,9987.334199950354,36884.0,45052.29548387096,14097.019074606438,60961.69999999999,0.7,1399,0,6.745103645461043,2.0,6689.0,0
3233,0,284,11031.177112676056,13503.160817193379,64900.0,51596.10704225352,24227.839180222123,478131.89999999997,0.5352112676056338,1399,0,6.1793852751965685,1.0,9044.0,0
1287,0,353,6162.0399433427765,7870.952156474332,31569.0,48043.33399433427,14898.10429388052,488624.9,0.6487252124645893,1398,0,7.6862088698140205,3.0,9767.0,0
9897,1,382,5207.999214659686,6184.048031324339,27122.0,30307.698952879582,9903.653724139536,261032.5,0.6570680628272252,1398,0,8.317653791130187,4.0,15812.5,0
30,0,281,16234.175088967972,17289.00629082845,75600.0,56750.192170818504,31682.2213090347,567747.6,0.46619217081850534,1398,1,6.118483547925608,1.0,2480.2,0
2367,0,291,6674.626116838488,7627.984319257138,29724.0,40768.07285223367,10537.855013007005,57085.0,0.6769759450171822,1398,0,6.3362231759656655,2.0,9279.0,0
3826,0,260,3107.7603846153843,2996.542655234658,16640.0,34299.02,10292.653623661105,57024.5,0.5576923076923077,1397,0,5.665282748747316,1.0,4518.0,0
376,0,265,9061.278490566037,10175.759224293073,36775.5,40557.52452830189,12454.542922432225,68647.6,0.6490566037735849,1397,0,5.774230493915534,1.0,7097.0,0
1108,0,241,1596.0941908713694,1874.7972516735729,7850.0,38589.30622406639,11719.436535591316,56428.700000000004,0.6390041493775933,1393,0,5.266360373295047,2.0,2366.0,1
108,0,241,6360.267634854772,6924.478754566884,34720.0,52509.60248962655,10863.499296531649,56976.5,0.6099585062240664,1392,0,5.270143678160919,1.0,4803.0,1
1802,0,266,1656.2097744360901,1764.028869586405,8600.0,27892.942105263155,5233.521206984482,15278.599999999995,0.650375939849624,1392,0,5.81683908045977,2.0,2508.0,0
3230,1,264,11790.417424242425,15295.790557796747,63600.0,47050.96439393939,27613.503306963255,628872.2,0.5416666666666666,1391,0,5.777253774263121,1.0,2144.0,0
3989,0,191,1825.1057591623037,1974.6140931220284,12000.0,24145.987434554972,4686.68004460224,22693.199999999997,0.5445026178010471,1391,0,4.179755571531273,1.0,2097.0,0
2723,0,253,3580.254150197629,3594.9935338971695,17440.0,26565.262055335967,7012.994110593644,31155.100000000006,0.5849802371541502,1390,0,5.540517985611511,1.0,5546.0,0
7859,1,260,13306.943076923078,15640.105553272953,60000.0,76453.60769230769,21568.180338625636,608792.4,0.5769230769230769,1388,0,5.702017291066283,1.0,6010.2,1
7606,1,402,10185.40671641791,12963.639968948475,63300.0,55607.88606965174,27151.942462077095,561699.5,0.6169154228855721,1387,0,8.82255227108868,3.0,13321.8,0
158,0,260,9251.514615384614,11090.823139935559,36822.0,43642.471153846156,14822.212615365848,17265.799999999992,0.65,1387,0,5.706128334534967,1.0,3420.0,0
6397,1,264,6726.129166666667,7665.570299977614,27150.0,41255.21742424242,12473.262000855138,492228.3,0.5681818181818182,1387,0,5.793914924297044,1.0,3016.7,0
150,0,244,2231.122950819672,5239.240803156775,46079.0,39392.877868852454,17058.96607120974,19767.600000000002,0.4672131147540984,1386,0,5.3588455988455985,0.0,0.0,0
3402,0,380,11578.499210526315,14219.321898201393,63100.0,67224.48315789473,28313.69006738447,585769.7,0.5657894736842105,1386,0,8.345743145743146,3.0,9177.0,0
2810,0,368,3103.8888586956523,4195.291263860248,17118.0,26304.628260869562,5700.257810467268,31839.099999999995,0.7255434782608695,1386,0,8.082193362193362,4.0,7608.0,0
586,0,217,2931.496313364055,7146.718154469978,49632.0,31055.230875576035,16408.154765049323,22608.300000000003,0.48847926267281105,1386,0,4.765858585858585,0.0,0.0,0
1261,0,262,8305.187022900764,9381.111232181343,34359.0,50313.38244274809,17832.4348431043,92267.0,0.6450381679389313,1384,0,5.762485549132948,1.0,9222.0,1
2856,0,248,5626.877016129032,5990.803922646029,22700.0,28680.142338709677,8918.502883800742,32379.500000000004,0.625,1384,0,5.454566473988439,1.0,6599.0,0
288,0,253,1828.7545454545455,2036.997747237606,5315.0,23997.82727272727,5335.118025063404,25418.9,0.6561264822134387,1384,0,5.564537572254335,2.0,3464.0,0
3750,0,266,7392.78909774436,8164.92048496988,30349.5,43052.9560150376,17267.913278108757,60005.90000000001,0.6466165413533834,1384,0,5.850462427745665,1.0,7774.0,0
1174,0,343,6093.254518950437,8694.937308758881,32856.0,59119.64868804665,16801.05491370654,81298.3,0.7317784256559767,1381,0,7.560405503258508,3.0,4731.0,0
1306,0,346,4807.088728323699,6267.058144631454,25574.0,32721.147398843932,9149.242874034207,39338.7,0.7283236994219653,1380,0,7.632057971014493,3.0,7853.0,0
5541,1,343,2570.685131195335,3511.6740365596697,27700.0,34800.16647230321,11671.555098743067,65177.0,0.6530612244897959,1378,0,7.576865021770682,3.0,4442.0,0
1,0,239,1569.7677824267782,1732.1809857769135,12600.0,15994.008368200837,3656.8904365440962,13466.5,0.5732217573221757,1378,0,5.279506531204644,1.0,2452.0,0
981,0,299,7316.993979933111,9779.667736349049,34638.0,61230.987959866216,18447.09628647297,104435.19999999998,0.6923076923076923,1377,0,6.609702251270879,2.0,3838.0,1
767,0,390,4703.111794871795,7231.1681734142985,28182.0,36148.443846153845,10580.163801741053,20407.60000000001,0.764102564102564,1376,0,8.627616279069768,4.0,4199.0,0
608,0,208,1925.9870192307692,1886.3982596945195,6100.0,17494.08173076923,4324.536725711989,23777.300000000003,0.5817307692307693,1375,0,4.604741818181819,1.0,2895.0,0
1757,0,241,17833.441078838172,19548.44352206881,66152.0,59574.888381742734,23030.82483341144,498891.3,0.5601659751037344,1375,0,5.335301818181819,0.0,0.0,0
6609,1,281,8003.1782918149465,13636.59849621305,74000.0,38553.8462633452,33779.476575978304,187571.9,0.6725978647686833,1375,0,6.220829090909092,3.0,7176.0,0
870,0,240,2957.249166666667,2889.9212783648186,10266.0,22697.644583333335,5372.519551945572,21327.800000000003,0.575,1375,0,5.313163636363637,1.0,4562.0,0
227,0,257,16790.01089494163,18928.193507690274,67038.0,48098.73657587549,20730.393294466612,340584.8,0.6070038910505836,1374,0,5.693653566229986,1.0,9381.0,1
568,0,214,5435.391121495327,6172.903547096115,28300.0,34868.99158878505,9758.673795730556,65405.700000000004,0.5654205607476636,1374,0,4.741018922852985,1.0,1408.0,0
1254,0,268,12955.717164179105,14827.062933253867,64100.0,63964.64328358208,27165.345700222126,740076.6,0.48134328358208955,1374,0,5.937350800582242,0.0,0.0,0
1540,0,296,7464.322635135135,9291.533131758753,35018.0,54516.067905405405,20440.345631479,99431.49999999999,0.6925675675675675,1373,0,6.56244719592134,3.0,8761.0,0
1692,0,196,8476.80051020408,11365.17847331972,48692.0,29719.463775510205,18101.067817397252,145230.9,0.5663265306122449,1373,23,4.345404224326293,0.0,0.0,0
1249,0,339,1247.1233038348082,1520.6528422310926,10200.0,35055.87728613569,9796.092226926365,57504.799999999996,0.6637168141592921,1372,0,7.52125364431487,3.0,2457.0,0
95,0,217,10525.39124423963,11793.767216308333,35890.0,54172.318894009215,15327.51757447063,80441.90000000001,0.576036866359447,1372,0,4.814489795918368,0.0,0.0,1
1561,0,272,1649.2672794117648,1994.0281815405253,8550.0,39041.24080882353,9368.567945081713,45750.7,0.6654411764705882,1370,0,6.04356204379562,2.0,1975.0,0
2540,0,272,2448.589705882353,5998.362000407938,47371.0,36378.45955882353,11148.76320218339,43790.00000000001,0.4338235294117647,1370,0,6.04356204379562,0.0,0.0,1
248,0,208,11610.811057692308,11810.573512625184,37274.0,40076.16201923077,13609.228983550636,400680.7,0.4951923076923077,1369,0,4.624923301680059,1.0,2484.9,0
9493,1,302,7527.682119205298,8883.409293341983,35378.0,48719.67152317881,16611.26851328886,456282.0,0.6225165562913907,1369,0,6.715032870708547,2.0,10733.8,0
5126,1,292,2931.5616438356165,3340.646255352919,12549.0,25314.75719178082,7080.770691345602,21359.999999999993,0.6541095890410958,1368,0,6.497426900584795,2.0,4632.0,0
231,0,227,1190.4837004405285,1221.5706562028988,3110.0,16568.75066079295,2669.0561235651653,17145.8,0.5991189427312775,1368,0,5.051081871345029,1.0,2073.0,0
2203,0,247,2396.349392712551,2523.749112755825,12650.0,23409.05910931174,5260.8458028814275,19610.3,0.631578947368421,1367,0,5.500131675201171,1.0,2320.0,0
6910,0,234,12836.30170940171,15010.936251474588,63100.0,60928.329487179486,32768.13104938719,578560.2000000001,0.4700854700854701,1367,0,5.2106510607168985,1.0,2391.5,1
1986,0,255,4663.125490196078,4978.167141291175,18504.0,25212.633333333335,9656.92118894805,46609.0,0.6313725490196078,1367,0,5.678273591806877,1.0,5451.0,0
2839,0,378,5161.368253968254,7377.537117580007,30880.0,38740.58941798942,12225.252086881155,37567.200000000004,0.7513227513227513,1367,0,8.417205559619607,4.0,8577.0,0
1479,0,253,1416.2312252964427,1411.0365236114749,9600.0,22745.528458498025,6070.682313392729,15014.500000000002,0.5731225296442688,1367,0,5.63373811265545,1.0,2162.0,0
3147,0,380,3221.3834210526315,4831.630749251465,18993.0,45160.31421052631,13676.992794551916,63599.700000000004,0.7368421052631579,1366,0,8.467935578330893,4.0,7827.0,0
6289,1,280,12424.029285714287,15133.086185125992,60800.0,63959.08321428572,29411.694694618163,560717.6,0.5321428571428571,1366,0,6.239531478770132,1.0,1784.5,0
1590,0,375,3140.5890666666664,4339.073547584867,19360.0,33527.088,8279.13694084293,33076.899999999994,0.7253333333333334,1364,0,8.368768328445748,4.0,7550.0,0
7418,1,377,4177.474535809019,6481.582484390385,22708.0,16124.028912466845,14073.905224933544,81176.1,0.47745358090185674,1364,0,8.413401759530792,1.0,2523.2,0
19,1,303,5199.722442244224,6866.62550282049,22708.0,16253.0699669967,12127.927553809539,75261.3,0.4884488448844885,1364,0,6.761964809384165,1.0,2523.2,0
842,0,205,2105.8926829268294,2062.825012418155,7400.0,16475.283902439027,3414.4849421947793,17884.0,0.5560975609756098,1364,0,4.574926686217009,1.0,3278.0,0
1821,0,238,8317.707142857143,8521.428860657603,30571.5,33430.633613445374,12141.18135732083,30636.299999999992,0.6176470588235294,1364,0,5.311378299120235,1.0,9385.0,0
206,0,256,2172.25078125,2017.5613195432334,10600.0,26727.815234375,6960.494982294818,35408.2,0.53515625,1363,0,5.717270726338959,1.0,2902.0,0
3109,0,236,7236.466949152542,7829.210163479091,42000.0,25830.04788135593,15840.075253621062,750264.4,0.4406779661016949,1363,0,5.2706089508437275,0.0,0.0,0
7815,1,415,7570.04048192771,11635.518832005364,57600.0,47063.614939759034,22757.037349736718,144220.39999999997,0.6987951807228916,1362,0,9.27503671071953,4.0,11843.8,0
7136,1,379,8252.138786279684,12951.435071854998,54800.0,55798.64459102903,25261.32850830366,517382.6,0.6807387862796834,1362,0,8.470455212922174,4.0,5921.0,0
1228,0,226,1915.236725663717,2053.9366281743796,13700.0,33001.38274336283,8337.52745183759,38195.49999999999,0.5973451327433629,1362,0,5.0509838472834065,1.0,1980.0,0
893,0,215,9604.679069767442,10847.278922839912,46400.0,67463.48604651162,15116.61017603164,91227.20000000001,0.5813953488372093,1359,0,4.815746872700515,0.0,0.0,0
3702,0,251,6396.767330677291,7015.2679066653245,35200.0,46799.19721115538,14665.6652665398,79849.8,0.5856573705179283,1358,0,5.626244477172312,2.0,10068.0,0
4852,1,275,3662.5505454545455,3091.8516716432446,13600.0,24255.47272727273,6622.763144988536,22870.599999999995,0.5454545454545454,1358,0,6.164212076583211,2.0,10719.0,0
2750,0,295,2351.797288135593,2525.7986034176665,16200.0,33850.84237288136,7816.6010299161,43721.4,0.6271186440677966,1358,0,6.612518409425626,2.0,3979.0,0
1046,0,256,4399.075390625,4587.597076130532,16654.5,30430.608984375,7942.386801081736,38704.49999999999,0.59765625,1357,0,5.742549742078113,1.0,7399.0,0
3729,0,201,1881.932338308458,1801.8675025925204,6100.0,16972.644776119403,3011.2019417476927,16069.6,0.5771144278606966,1357,0,4.508798820928519,1.0,2941.0,0
1862,1,275,13812.927636363636,16142.12716212945,59415.0,59719.83818181818,19944.493697380505,1048326.7,0.5309090909090909,1356,0,6.1733038348082605,1.0,6601.7,1
1309,0,257,14733.073151750972,16841.86069808935,59296.0,54339.07509727627,21087.262181629907,385741.0,0.5797665369649806,1356,0,5.769233038348083,2.0,12799.0,1
1315,0,335,2919.3349253731344,3405.8789536374384,14112.0,32794.94567164179,8501.966204385468,20038.399999999998,0.7014925373134329,1354,0,7.531314623338257,3.0,6272.0,0
3321,0,270,2754.3414814814814,6069.738795178338,47654.0,39246.65592592592,13343.242864601467,40445.8,0.42962962962962964,1353,0,6.074501108647451,0.0,0.0,0
3231,0,212,2240.238679245283,2252.4523700303007,9600.0,23719.55990566038,5481.909273422364,25603.8,0.5943396226415094,1353,0,4.769608277900961,1.0,2636.0,0
5724,1,417,6653.076978417266,10174.381611604473,43605.0,34838.12829736211,14723.7449713845,561561.1,0.7362110311750599,1352,0,9.388668639053254,5.0,9599.0,0
3823,0,94,3603.9957446808507,8028.807055871491,47349.0,22846.191489361703,12819.758552032095,31962.4,0.5,1352,9,2.116390532544379,0.0,0.0,0
2726,0,256,8325.981640625,9676.74320217287,34083.0,61960.212890625,18906.020856831063,77232.5,0.6484375,1351,0,5.768053293856403,1.0,5297.0,1
1038,0,247,1085.0323886639676,1272.1933547513677,4590.0,17451.372469635626,2956.5751421655987,21964.2,0.6558704453441295,1351,0,5.565270170244264,2.0,2147.0,0
7861,1,414,4174.142995169082,6587.587212258788,27736.5,56539.46256038648,16738.79992928593,90366.40000000001,0.7729468599033816,1349,0,9.341853224610823,5.0,9564.0,1
819,0,214,8454.595794392524,9442.51538947143,28862.0,43748.964953271025,11735.849416165274,61704.700000000004,0.5747663551401869,1349,0,4.828880652335063,0.0,0.0,1
455,0,235,5182.966382978724,5432.100523000721,24320.0,26006.641276595747,7117.975984399322,30696.299999999996,0.5914893617021276,1348,0,5.306676557863502,1.0,8339.0,0
3930,0,240,7544.155,7960.512694695091,28833.0,26147.45,10566.729440403717,50460.399999999994,0.625,1346,0,5.4276374442793465,1.0,9101.0,0
4423,1,335,8097.128955223881,11849.489180744382,48100.0,43375.64656716418,25462.878713329737,452964.60000000003,0.6179104477611941,1345,0,7.581710037174722,3.0,7343.0,1
267,0,211,1975.447393364929,1902.5259440144132,4847.0,19586.438862559244,4210.876653699675,16940.6,0.5971563981042654,1345,0,4.775345724907064,1.0,3074.0,0
922,0,334,1835.7526946107785,2426.993168815932,22720.0,34720.72874251497,13575.698961195221,62816.6,0.6347305389221557,1344,0,7.564702380952381,3.0,2805.0,0
3735,0,318,12666.224528301887,15406.417252743833,59200.0,55679.66257861635,30076.39287509684,298957.8,0.5943396226415094,1344,0,7.2023214285714285,2.0,7475.0,1
3449,0,225,2008.9173333333335,4910.531880116015,43659.0,44406.84,14253.243550993167,51167.600000000006,0.4666666666666667,1344,0,5.095982142857143,0.0,0.0,1
2751,0,289,2374.2124567474048,2530.2702904965086,9882.0,38148.755709342564,8005.615604593921,50528.6,0.629757785467128,1343,0,6.550379746835444,2.0,3783.0,0
404,0,312,9945.236538461539,12754.810008676679,48572.0,58680.98333333334,19167.811447359392,680161.0,0.6346153846153846,1343,0,7.071690245718542,2.0,5013.0,1
2547,0,249,9249.077911646586,10718.497536943778,36915.0,62957.19156626506,14048.514753956959,89305.6,0.6385542168674698,1343,0,5.6437527922561435,1.0,5492.0,1
1248,0,221,2460.0221719457013,2455.735594389515,8900.0,22955.811312217193,4421.396625893494,26138.100000000002,0.6153846153846154,1342,0,5.012846497764531,1.0,3176.0,0
2331,0,230,1157.9895652173911,1253.8065968973808,6900.0,17501.65695652174,3619.8978936864487,13858.8,0.6304347826086957,1342,0,5.21698956780924,2.0,2075.0,0
1010,0,289,12290.244982698961,14435.561612426585,63700.0,49619.0401384083,25554.148037145664,255200.40000000002,0.5986159169550173,1340,0,6.565044776119404,0.0,0.0,0
54,0,210,1346.5457142857142,1441.4793077745899,8070.0,18798.17095238095,4698.278045546797,26815.8,0.5761904761904761,1339,0,4.774010455563854,1.0,2280.0,0
2364,0,235,2161.7651063829785,2246.0082724062713,6900.0,22100.317021276594,5171.1157577748445,21101.999999999996,0.6212765957446809,1338,0,5.346337817638266,1.0,2033.0,0
1280,0,207,1964.4666666666665,2027.5682256367224,8300.0,29148.42657004831,10519.836960437815,55667.799999999996,0.5700483091787439,1338,0,4.70932735426009,1.0,2491.0,0
2931,0,202,1791.4440594059406,1754.4173491261377,4326.0,18544.301485148513,4076.8910649135487,26360.9,0.5594059405940595,1337,0,4.599012715033658,1.0,2884.0,0
10351,1,260,2696.504615384615,2720.660815661928,11800.0,17325.22,4756.643830469755,14960.399999999998,0.5961538461538461,1337,0,5.919521316379956,2.0,6258.0,0
3936,0,324,1230.4117283950618,1562.3756792007468,11300.0,28555.27314814815,5527.097176709831,17390.600000000002,0.6728395061728395,1337,0,7.37663425579656,3.0,2418.0,0
5194,0,324,10352.20524691358,12410.896980765978,59200.0,46521.002469135805,26106.214881292723,298690.9,0.5833333333333334,1336,0,7.382155688622754,0.0,0.0,0
3464,0,288,2688.9819444444447,2809.910500432248,11283.0,33739.18090277778,10756.14032005376,56328.0,0.6284722222222222,1336,0,6.561916167664671,2.0,4654.0,0
533,0,256,2921.559375,3419.6521407871583,20400.0,18931.902734375,6419.5723321876,29352.4,0.6328125,1334,0,5.841559220389805,2.0,4746.0,0
3940,0,224,7706.302232142857,8182.086962281432,26842.0,40552.6,11993.578733508235,461271.7,0.49107142857142855,1334,0,5.11136431784108,0.0,0.0,1
4538,0,69,1352.9666666666667,2069.0361751355654,14000.0,33520.884057971016,8571.52401272793,24354.699999999997,0.2608695652173913,1334,44,1.5744827586206898,0.0,0.0,0
454,0,254,3598.0027559055115,3596.713264856836,14080.0,29028.61692913386,6538.545472137839,31677.100000000002,0.5708661417322834,1334,0,5.79592203898051,1.0,5687.0,0
1183,0,268,1889.5671641791046,1892.2915088585833,10900.0,28713.62276119403,5438.6014300781235,14390.399999999998,0.6082089552238806,1333,0,6.119969992498125,2.0,2928.0,0
2323,0,256,8196.298046875,9318.518273279673,33584.0,54449.875390625,11181.065905786838,77125.5,0.6484375,1333,0,5.845941485371343,1.0,6446.0,0
463,0,256,8336.521484375,9677.353207013857,48300.0,67593.1421875,19680.778852397038,105340.69999999998,0.6484375,1333,0,5.845941485371343,1.0,6385.0,0
285,0,203,8992.549753694582,9945.975623835906,45120.0,66899.77192118227,15668.432073242411,101148.8,0.5517241379310345,1333,0,4.635648912228057,1.0,667.0,0
4105,0,270,2208.108148148148,5379.149400469629,48207.0,33245.27185185185,14066.380234456903,48592.00000000001,0.4148148148148148,1333,0,6.165641410352588,0.0,0.0,1
2525,0,271,3071.8719557195573,3231.1799179171917,15840.0,19278.41918819188,7452.931260328784,18852.499999999996,0.6273062730627307,1333,0,6.18847711927982,2.0,5337.0,0
6434,1,244,10719.853688524589,13409.548520368227,60700.0,48492.10368852459,22017.168570651967,163815.50000000003,0.6188524590163934,1333,0,5.571912978244561,2.0,9480.2,0
2919,0,238,5588.639495798319,5808.350941215913,20944.5,22396.247478991598,9319.177253890175,30299.39999999999,0.6176470588235294,1331,0,5.443065364387679,1.0,7331.0,0
1741,0,199,1947.3447236180903,2045.648846723407,12400.0,23288.08743718593,5641.178053832674,33604.0,0.5829145728643216,1331,0,4.551134485349362,1.0,2366.0,0
746,0,196,2138.716836734694,2075.5075593441134,5178.0,24459.369387755105,5038.183499338506,34902.899999999994,0.576530612244898,1331,0,4.482524417731029,1.0,3452.0,0
256,0,206,8659.956796116505,9832.421054243416,34200.0,45544.271844660194,16766.295974946166,17041.499999999996,0.5776699029126213,1327,0,4.7254257724189905,0.0,0.0,1
3845,0,245,9294.541224489796,10649.457235009762,47100.0,34863.15428571429,12869.550618781412,44704.999999999985,0.6408163265306123,1327,0,5.620045214770159,1.0,8866.0,0
4014,0,277,15100.036823104694,15863.219616909157,81900.0,58024.7678700361,32546.745368894,585876.0,0.47653429602888087,1326,0,6.358883861236802,0.0,0.0,0
2178,0,252,8331.91507936508,9208.864877036516,34132.5,51015.99087301587,14755.825898863324,59210.99999999999,0.6547619047619048,1326,0,5.784977375565611,1.0,7959.0,0
2935,0,203,1266.5738916256157,1277.4820048947186,4290.0,16378.683743842364,2587.945933254267,19544.9,0.5911330049261084,1326,0,4.660120663650075,1.0,2100.0,0
544,1,254,8629.023228346456,9809.118440700342,47400.0,53438.30708661417,15589.796921127778,736148.7,0.5078740157480315,1326,0,5.830889894419307,1.0,3798.2,1
1720,0,16,2087.5,2629.290145013796,10400.0,16187.5,5568.94663887765,11400.0,0.5625,1325,845,0.36757735849056605,0.0,0.0,0
875,0,205,2617.077073170732,2569.5275646700566,6607.0,33058.94487804878,7220.523244845117,43025.2,0.5902439024390244,1324,0,4.713141993957704,1.0,3837.0,0
733,0,274,14366.839781021898,16187.33398496016,62300.0,65133.22883211679,29195.035998124804,607314.1,0.5072992700729927,1324,0,6.2995166163142,0.0,0.0,0
3251,0,188,1247.497340425532,1226.422773082404,3032.0,23918.52872340426,7064.155717651954,35081.9,0.5585106382978723,1323,0,4.3255631141345425,1.0,2021.0,0
5358,1,267,8400.546441947565,9995.233074479725,36463.5,50175.3202247191,13341.09225342801,68246.29999999999,0.6704119850187266,1323,0,6.143219954648527,2.0,10330.0,0
2521,0,248,8873.45806451613,10288.251153457273,36063.0,52197.143548387096,12913.219666213905,80356.0,0.6491935483870968,1322,0,5.710378214826021,1.0,6002.0,0
10963,1,284,11652.888380281689,14028.031226438552,53200.0,60348.87394366197,24998.59530409187,548621.5,0.545774647887324,1321,0,6.544254352763059,1.0,3216.7,0
57,0,255,7670.041176470589,9139.601372843288,31962.0,43838.77686274509,12434.03504142844,63004.899999999994,0.6588235294117647,1320,0,5.880454545454546,1.0,4107.0,0
4589,0,210,2469.6995238095237,2741.7010848747905,14560.0,20325.075714285715,7907.786944000452,16959.9,0.5333333333333333,1319,0,4.846398786959819,0.0,0.0,0
490,0,199,1276.8341708542714,1253.8596378996053,4700.0,15076.904522613066,2266.0465051861383,15084.4,0.5829145728643216,1318,0,4.596024279210926,1.0,2042.0,0
3386,0,262,12316.092748091602,13683.870768531495,57300.0,49384.094274809155,30762.476192793543,766817.3,0.46564885496183206,1318,0,6.051047040971169,0.0,0.0,1
8998,0,208,8824.54375,12508.860655522727,52100.0,28371.125,26535.21921502296,187185.5,0.47596153846153844,1317,27,4.807532270311314,1.0,3798.1,0
11349,1,304,13017.671710526316,16081.925061866841,64800.0,48769.447039473685,20573.358546494823,492736.2,0.6348684210526315,1315,0,7.037079847908745,2.0,17884.0,0
2969,0,43,1955.8139534883721,1870.612622541126,11000.0,26797.674418604653,6742.067238865066,37700.0,0.3488372093023256,1315,25,0.9953764258555133,0.0,0.0,0
1530,0,193,2418.9062176165803,2332.4785405547977,8800.0,19306.506735751293,5513.378048221496,18119.300000000003,0.5699481865284974,1314,0,4.4710197869101975,1.0,3700.0,0
1642,0,216,2529.513425925926,2519.1024147049666,7300.0,17432.75324074074,3767.249009949593,14933.3,0.6064814814814815,1314,0,5.003835616438356,1.0,3597.0,0
6358,1,282,11302.852482269504,12695.695362852171,50696.0,47479.59680851064,16369.166636425243,317464.39999999997,0.624113475177305,1314,0,6.532785388127854,2.0,18708.8,0
10001,1,248,5865.198790322581,7311.40749835506,24126.0,56285.162500000006,15714.901625751581,78919.70000000001,0.6451612903225806,1313,0,5.74952018278751,1.0,529.0,0
3186,0,254,7611.859448818898,8497.66520147348,31250.0,40199.35078740157,9423.980415602287,52446.70000000001,0.6535433070866141,1313,0,5.888621477532369,1.0,7456.0,0
1059,0,238,1134.1823529411765,1348.3297528065234,8500.0,15526.999159663865,2913.375540068194,14077.800000000001,0.6512605042016807,1311,0,5.526102212051869,2.0,2146.0,0
3624,0,188,10753.857978723405,13683.270590022536,49573.0,36961.788829787234,25707.499360316568,206169.30000000002,0.526595744680851,1311,0,4.36515636918383,1.0,11953.0,0
1974,0,63,1125.7857142857142,2134.060237975666,14000.0,21491.14761904762,7681.991411230031,16324.5,0.25396825396825395,1309,49,1.4650267379679145,0.0,0.0,0
2559,0,235,4612.761276595745,5350.454955836397,37280.0,40145.45106382979,12717.900613730026,56255.29999999999,0.6,1309,0,5.464782276546982,1.0,5123.0,0
11069,1,256,8930.721875,13162.554826797903,63100.0,54140.816015625,24062.109266786265,393888.80000000005,0.5859375,1308,0,5.9576758409785935,1.0,2482.0,0
3874,0,247,3745.4914979757086,3638.92946996317,13600.0,37085.32348178138,11793.31633279896,53948.8,0.5546558704453441,1308,0,5.74822629969419,1.0,5861.0,0
3520,0,200,7691.924,8163.803326384303,25016.0,32134.3545,10085.938879448933,187075.19999999998,0.53,1306,0,4.66156202143951,0.0,0.0,0
2018,1,244,2328.034836065574,2055.640435718885,8800.0,17777.078278688525,4788.670797068319,18120.899999999998,0.5450819672131147,1306,0,5.687105666156202,2.0,6325.0,0
2877,0,267,15540.116853932584,18681.257760623354,66615.0,69488.46067415731,22993.87233289213,420711.6,0.6217228464419475,1306,0,6.223185298621746,1.0,5305.0,1
2642,0,325,3822.655692307693,5183.410382034818,28960.0,27069.732615384615,11739.195132471981,3974.6999999999957,0.7230769230769231,1305,0,7.5808429118773955,3.0,3899.0,0
553,0,270,1877.472962962963,4786.466272457207,37298.0,29640.67111111111,11210.536740018782,41620.5,0.4148148148148148,1304,0,6.302760736196319,0.0,0.0,1
1092,0,235,4664.717446808511,4915.771473897376,17980.0,25302.87319148936,8590.939001666033,20064.200000000008,0.6297872340425532,1304,0,5.485736196319018,1.0,5664.0,1
471,0,360,2640.057222222222,3618.493434188109,14962.0,36267.90277777778,10969.74900976093,49867.0,0.725,1303,0,8.410130468150424,4.0,6081.0,1
53,0,197,1828.0091370558375,1736.8833124710998,4277.0,18613.801522842637,3676.4674589172223,15130.199999999999,0.5583756345177665,1303,0,4.602210283960092,1.0,2851.0,0
1413,0,294,4351.867346938776,5591.784393107301,21244.0,28388.0537414966,9624.750242438527,33180.6,0.7074829931972789,1303,0,6.8682732156561785,3.0,6113.0,0
5774,1,303,5959.416831683168,7482.414053682291,29418.0,34951.45577557755,9978.126280404871,53225.69999999998,0.7128712871287128,1302,0,7.0839631336405535,3.0,9855.0,0
3392,0,227,4011.313656387665,4023.9146997128164,14169.0,26954.274449339206,7062.42758420758,39654.600000000006,0.5770925110132159,1302,0,5.3071274961597545,1.0,6139.0,0
1465,0,278,1323.931294964029,1577.3747497951967,10600.0,23087.411870503598,8624.529537822664,34071.3,0.6187050359712231,1302,0,6.499477726574501,2.0,2122.0,0
1420,0,217,1915.6617511520735,2090.5985091246785,10150.0,25677.159907834102,5800.054863933199,42304.99999999999,0.5990783410138248,1302,0,5.073333333333333,1.0,1794.0,0
1620,0,213,2244.962441314554,2488.289862876891,12050.0,28192.7220657277,7956.613374255923,43040.6,0.6197183098591549,1302,0,4.979815668202765,1.0,1931.0,0
4121,0,216,3004.9324074074075,6693.413567441156,40995.0,25374.645833333332,10485.671842843287,17526.600000000002,0.5046296296296297,1302,0,5.049953917050692,0.0,0.0,0
754,0,247,2075.9259109311743,2236.800529751144,7100.0,26045.37692307692,5370.326619860047,22085.299999999996,0.6680161943319838,1302,0,5.774715821812596,2.0,3083.0,0
3045,0,225,2230.6795555555555,2223.4267571479813,6200.0,23885.88,5650.1244458482,17126.5,0.64,1302,0,5.260368663594471,1.0,2366.0,0
3453,0,226,8963.060619469026,9474.93442165509,32992.0,40141.99867256637,14457.6685194305,58506.10000000001,0.6150442477876106,1302,0,5.283748079877112,1.0,7062.0,0
1696,0,209,1253.0004784688995,1290.8310928018432,3960.0,17156.65885167464,3653.5441707242685,23803.5,0.583732057416268,1301,0,4.890053804765565,1.0,2159.0,0
2139,0,335,7908.582388059702,10221.32086382263,42494.0,34987.71432835821,15161.470256586303,381449.5,0.6686567164179105,1301,0,7.838124519600307,3.0,13166.0,0
1793,0,249,4560.844578313253,5070.998312333603,19000.0,33736.044176706826,8945.397433347527,50708.700000000004,0.642570281124498,1300,0,5.8304307692307695,2.0,6527.0,0
3725,0,239,6254.859832635983,6814.346000307677,25489.5,48701.700836820084,16692.321575190777,80799.09999999999,0.6359832635983264,1299,0,5.6005850654349505,1.0,7642.0,1
896,0,225,4009.0764444444444,5233.07005314227,45700.0,24779.678666666667,9574.890488635589,15241.8,0.6177777777777778,1299,0,5.272517321016166,1.0,3220.0,0
3252,0,279,868.473476702509,1044.9038919071747,3066.0,20056.5541218638,4894.874709845172,30004.5,0.6881720430107527,1298,0,6.542958397534669,3.0,2044.0,0
808,1,286,4852.735314685315,6140.670469180402,23130.0,18051.83811188811,10288.362481198958,30105.900000000005,0.5524475524475524,1297,0,6.712289899768697,1.0,4492.0,0
3601,0,216,2137.061111111111,2328.656151271097,13350.0,35807.585648148146,8162.560648850649,40748.8,0.625,1297,0,5.069421742482652,1.0,1794.0,0
131,0,212,4508.344339622641,5004.416423446085,33000.0,25011.782075471696,9374.522780430727,36355.4,0.5754716981132075,1297,0,4.975543562066307,1.0,6904.0,0
3124,0,321,4196.036760124611,5637.194823448936,22548.0,31979.364797507787,8677.487698142422,42533.399999999994,0.7320872274143302,1297,0,7.53372397841172,3.0,5336.0,1
7618,0,274,8100.599635036496,10289.826846880904,47100.0,28211.202919708026,16387.761605532705,653384.1,0.41605839416058393,1297,0,6.430655358519661,1.0,2362.4,0
807,0,251,8303.95577689243,8159.299948465951,30344.0,37471.58047808765,11518.567397584533,456268.9,0.5059760956175299,1297,0,5.890855821125675,1.0,12579.0,1
3847,0,319,5642.014106583072,7762.554625418044,30370.5,49784.305642633226,13613.748496400189,67736.1,0.7272727272727273,1297,0,7.486784888203547,3.0,6390.0,1
223,0,126,4988.370634920635,9815.01496964782,46867.0,37356.3619047619,13194.167859789302,24979.899999999998,0.49206349206349204,1297,0,2.9571626831148805,0.0,0.0,1
2328,0,227,2296.377973568282,2586.9535368144093,13450.0,50578.81057268722,12846.322290951031,65133.4,0.6431718061674009,1296,0,5.331697530864197,1.0,1846.0,1
1519,0,245,7603.129795918368,8820.349949377145,31335.0,66828.06244897959,14860.861653536485,75864.40000000001,0.6448979591836734,1296,0,5.754475308641975,1.0,3443.0,1
10019,1,250,10427.723199999999,13185.988788972683,58700.0,52650.036799999994,27465.269648377343,420782.0,0.544,1295,19,5.876447876447877,1.0,5415.0,0
458,0,239,6258.497071129707,6842.865465304129,25278.0,44652.92092050209,9248.551104969967,62964.39999999999,0.6359832635983264,1294,0,5.622225656877898,2.0,10617.0,0
120,0,245,8684.962857142857,12506.81700539193,64800.0,45758.13020408164,23968.09338571378,286075.9,0.5306122448979592,1294,0,5.76336939721793,2.0,5864.0,0
1846,0,181,1337.0099447513812,1340.7018132350172,7560.0,18414.13259668508,4137.1136439536085,25586.399999999998,0.5524861878453039,1293,0,4.2611291569992265,1.0,2062.0,0
2096,0,274,4943.65401459854,5678.064213155756,22633.5,38701.371532846715,9828.416777115284,48170.799999999996,0.6715328467153284,1293,0,6.450549110595515,2.0,9172.0,0
2297,0,276,1583.7177536231884,1869.4622665092343,9600.0,18340.99927536232,4875.217994260678,21001.7,0.6630434782608695,1292,0,6.502662538699691,3.0,2960.0,0
7184,1,370,5544.45972972973,8329.196883567487,34486.0,37220.16027027027,15194.306034508923,52849.69999999999,0.7702702702702703,1291,0,8.724089852827266,5.0,12765.0,0
2781,0,269,2568.133457249071,6166.716999646343,48611.0,44820.9594795539,17171.994468931127,58159.899999999994,0.4275092936802974,1290,0,6.347565891472868,0.0,0.0,0
1031,0,320,4862.3553125,6572.465666897182,25808.0,42034.5459375,12354.2185993306,52733.29999999999,0.71875,1290,0,7.551007751937984,4.0,8166.0,0
3810,0,207,2457.4971014492753,2625.5908831944644,11800.0,33352.535265700484,12690.330314772042,52809.5,0.5990338164251208,1288,0,4.892142857142857,1.0,2862.0,0
1151,0,250,8455.3476,10323.990530957853,36022.0,67363.782,20410.820581871205,97894.5,0.656,1287,0,5.912975912975914,1.0,3263.0,1
1728,0,219,3639.2931506849313,3761.8667542330954,17600.0,19736.832420091323,9052.720900572873,43940.799999999996,0.5662100456621004,1287,0,5.1797668997669,1.0,4954.0,0
9235,1,286,4897.617482517483,6699.604526540665,23547.0,42474.9993006993,12390.611346391788,75088.2,0.548951048951049,1286,0,6.769704510108865,1.0,1735.0,1
3363,0,193,1848.6865284974094,1932.4503842878455,14500.0,23651.04974093264,5596.2389672209465,23388.100000000002,0.5803108808290155,1286,0,4.568367029548989,1.0,2463.0,0
3436,0,180,1457.911111111111,1502.7823832797505,8790.0,24293.526666666665,5876.237992797771,28175.6,0.55,1286,0,4.260653188180404,1.0,2243.0,0
2533,0,207,2636.2164251207732,3852.3921277364034,41120.0,26049.434782608696,12068.878455701382,48416.399999999994,0.4782608695652174,1283,0,4.911208106001559,0.0,0.0,0
99,0,248,10136.984274193548,13482.13813771119,64900.0,48417.26129032258,25871.626081726405,198939.3,0.5967741935483871,1283,31,5.883959469992206,2.0,9185.0,0
638,0,293,5343.301023890785,6733.51721825424,25971.0,29503.021501706487,10789.09410631461,26274.8,0.7064846416382252,1282,0,6.9570358814352575,3.0,8028.0,0
2292,0,320,1076.0353125,1473.5248318881916,13100.0,24313.4721875,4063.26223862301,19772.9,0.665625,1281,0,7.604059328649493,3.0,1996.0,0
1725,0,237,18363.920253164557,20187.64218247068,71805.0,61261.9447257384,25164.053873464727,671049.1,0.540084388185654,1277,0,5.649397024275646,0.0,0.0,0
3410,0,321,4198.385981308411,5832.86359727871,22264.5,37521.75514018692,8912.976819558175,50725.49999999999,0.719626168224299,1277,0,7.651714956930305,3.0,3794.0,0
1597,0,229,2364.4096069868997,2529.818403508809,9750.0,26136.798689956333,8939.662367728963,31873.400000000005,0.62882096069869,1276,0,5.462978056426333,1.0,2376.0,0
2041,0,200,2392.1725,2472.161545333329,10300.0,32960.89,10323.101050137828,57914.1,0.51,1275,0,4.774901960784314,0.0,0.0,1
5742,1,243,10118.792181069959,13272.516338123869,64200.0,49002.03456790124,24929.64261596275,596226.5,0.4897119341563786,1275,0,5.8015058823529415,1.0,4845.0,0
4415,1,397,5564.436020151134,8241.462040180408,36486.0,49231.184382871535,13874.181180291087,46492.7,0.7707808564231738,1275,0,9.478180392156863,5.0,14653.0,0
4330,0,250,10782.098800000002,15095.710148076418,58200.0,47000.356,29006.061949823736,389645.1,0.592,1275,0,5.968627450980392,3.0,10535.6,0
3458,0,238,1435.171848739496,1495.0148674047107,4280.0,18789.994957983192,4162.453560584801,25062.500000000004,0.6428571428571429,1273,0,5.691060487038492,2.0,2678.0,0
3330,0,248,14308.867741935484,15838.84685904562,63400.0,63252.66169354838,28669.292979958773,215232.8,0.5524193548387096,1272,0,5.9348427672955975,2.0,9364.7,0
6649,1,186,10793.659139784946,14156.776303887878,55700.0,52747.20376344086,25449.136051059515,280051.0,0.5268817204301075,1272,0,4.4511320754716985,1.0,1671.0,1
3779,0,312,3269.2266025641024,4469.678655680479,23000.0,45016.89294871795,10083.474133577301,59153.5,0.7019230769230769,1272,0,7.466415094339623,3.0,3981.0,0
1103,0,189,10039.967195767196,10621.272215944507,31444.0,42766.201058201055,16733.37819368119,31273.399999999998,0.544973544973545,1271,0,4.526483084185681,0.0,0.0,0
731,0,190,1736.947894736842,1695.0817209220354,6000.0,14619.681578947368,2933.790066683906,17135.7,0.5526315789473685,1269,0,4.5576044129235616,1.0,2706.0,0
2307,0,229,1834.4270742358078,2184.147198717907,13250.0,17853.268558951964,4306.673826103589,22917.4,0.62882096069869,1268,0,5.497444794952682,2.0,3459.0,0
3474,0,278,951.1046762589928,1200.8036309431932,8850.0,19589.258273381296,3534.990772048667,20398.7,0.6942446043165468,1268,0,6.673753943217666,3.0,2202.0,0
625,0,213,14939.738497652581,16209.88963687424,62900.0,48645.10281690141,30491.508674446726,308036.7,0.5023474178403756,1268,0,5.113343848580442,2.0,14064.2,0
1075,0,255,2575.338431372549,3228.262645321571,25100.0,36517.216078431375,11224.03627035323,53652.1,0.5686274509803921,1267,0,6.1264404104183114,2.0,4076.0,0
2281,0,233,5493.5364806866955,6027.5742804744905,28500.0,30893.22660944206,9741.391203841038,29662.8,0.6351931330472103,1267,0,5.597884767166535,1.0,5720.0,0
3895,0,225,4154.392444444445,4539.0230521188005,26000.0,25295.691555555553,7801.174838415463,29319.09999999999,0.6177777777777778,1266,0,5.409952606635071,1.0,4414.0,0
5263,1,273,3547.7117216117217,3459.2594456456386,30560.0,36227.401831501826,13238.413033963978,66574.09999999999,0.5567765567765568,1266,0,6.564075829383886,2.0,8555.0,0
5794,1,229,8432.135807860263,12178.113984043724,48900.0,42213.86768558952,29994.43008480549,265609.5,0.5676855895196506,1266,0,5.506129541864139,1.0,2060.0,0
1220,0,195,2158.9307692307693,2164.9209052424044,5764.0,37760.10512820513,12678.96348863578,65180.299999999996,0.5948717948717949,1265,0,4.692332015810277,1.0,2770.0,1
1568,0,308,3923.310064935065,5244.4209234333875,20896.0,46073.11006493506,8081.706403032517,61218.299999999996,0.7272727272727273,1265,0,7.411478260869566,4.0,7103.0,1
1344,0,219,15722.9,16392.572779127466,61800.0,55531.59086757991,27361.311389584498,164115.1,0.5114155251141552,1264,14,5.274018987341772,0.0,0.0,0
8547,1,339,10054.15545722714,13385.719616751137,78300.0,55377.95575221239,28904.063375266258,533015.7,0.4631268436578171,1263,0,8.170356294536818,1.0,4806.5,1
1135,0,210,1818.404761904762,1894.0826182513538,5106.0,29697.122857142855,9315.232929567925,46903.799999999996,0.6238095238095238,1263,0,5.061282660332542,1.0,1735.0,0
4263,0,126,4723.75873015873,10103.515194246167,49269.0,34497.11746031746,16139.669495674709,39667.99999999999,0.5,1263,18,3.0367695961995254,0.0,0.0,0
3532,0,200,5277.5380000000005,5910.076975831811,22000.0,26792.062,10835.200855793253,25056.400000000005,0.57,1262,0,4.824088748019018,0.0,0.0,0
1251,0,206,8700.730097087378,12234.589493872592,59700.0,32863.046116504855,24340.83601763555,347490.4,0.5194174757281553,1262,0,4.968811410459589,1.0,7870.0,0
1936,0,193,1274.2937823834197,1298.469040656909,4410.0,18203.683937823833,3338.3076304969873,23953.5,0.5906735751295337,1262,0,4.655245641838352,1.0,2141.0,0
2244,0,223,2478.153363228699,2621.053951150613,8000.0,28719.07937219731,6700.922331125082,21397.0,0.6412556053811659,1261,0,5.383124504361618,1.0,1690.0,0
2310,0,230,3223.947391304348,3318.2586814212086,11833.5,38240.94782608696,13188.037882752556,62810.7,0.5652173913043478,1261,0,5.552101506740682,1.0,5259.0,1
1994,0,355,8230.705915492958,12807.964568092284,54600.0,44317.15802816901,22930.32807799848,295464.2,0.6901408450704225,1261,0,8.5695479777954,4.0,4729.0,1
720,0,213,2668.5136150234744,2570.205194501415,10300.0,22278.059154929575,5152.003955494166,14918.200000000003,0.5586854460093896,1260,0,5.1458095238095245,1.0,3916.0,0
1472,0,251,3240.2808764940237,3375.742039936233,13281.0,29319.98605577689,6627.911425684925,29671.299999999996,0.6374501992031872,1260,0,6.06384126984127,2.0,5902.0,0
2144,0,220,11228.382272727273,15059.912407081049,58100.0,36344.40045454545,31627.6032762717,428348.3,0.509090909090909,1259,0,5.319142176330421,0.0,0.0,0
953,0,269,1161.5078066914498,1321.2715119383013,8300.0,31341.420817843864,6001.542601189577,26298.4,0.6133828996282528,1258,0,6.509030206677266,2.0,1953.0,0
4081,1,215,5014.360465116279,5154.715243825309,17817.0,10176.759069767442,10629.766568370003,7056.499999999996,0.5953488372093023,1258,0,5.202384737678855,1.0,5746.0,0
10018,0,326,5475.1358895705525,7617.927074144575,30264.0,23585.597239263803,12684.438030823747,28283.100000000006,0.6165644171779141,1257,0,7.894542561654734,0.0,0.0,0
2553,0,223,6886.9408071748885,7190.967151030601,26239.5,27874.21390134529,9937.334271011256,41458.600000000006,0.6188340807174888,1256,0,5.404554140127389,1.0,9687.0,0
2520,0,194,1587.2268041237114,1738.0661742629918,12200.0,17443.744845360823,4145.968599142654,20850.8,0.5567010309278351,1255,0,4.705466135458168,1.0,2355.0,0
1252,1,240,9001.230000000001,10313.5202411139,37032.0,42941.0075,13743.222730435302,492117.8,0.5708333333333333,1254,0,5.825837320574163,1.0,4114.7,0
3357,0,207,2538.088888888889,2681.5135345623353,9000.0,28412.81739130435,6298.337260266794,37321.2,0.6135265700483091,1254,0,5.024784688995216,1.0,1841.0,0
6985,1,283,12966.316607773852,14612.308682575285,64100.0,59926.38021201414,27706.551242908572,233451.4,0.5971731448763251,1253,0,6.87511572226656,2.0,15854.5,0
2957,0,241,7798.96265560166,9182.320692854988,42400.0,46809.60746887967,13647.596233025577,56778.79999999999,0.6473029045643154,1252,0,5.859456869009585,1.0,4640.0,0
4948,1,237,8867.422784810127,11467.834119684381,60000.0,42951.06793248945,20591.007411204755,233542.4,0.6075949367088608,1251,0,5.766810551558753,2.0,10706.2,0
1803,0,276,1383.1239130434783,1552.511049390835,8600.0,49130.9170289855,13230.678340329825,74829.0,0.6086956521739131,1251,0,6.715779376498801,2.0,2303.0,1
2577,0,197,2399.7685279187817,2404.1357122217464,12800.0,23999.143147208124,5273.842787141645,23525.2,0.5989847715736041,1250,0,4.797344,1.0,3347.0,0
1009,0,252,15368.352777777778,18068.829167847176,66434.0,55702.64682539683,21313.28275330529,587152.9,0.6031746031746031,1248,0,6.146538461538461,1.0,7521.0,1
2265,0,245,14358.748979591837,15198.809197513707,62300.0,50055.41387755102,28658.103007074085,626442.3,0.4857142857142857,1246,0,5.985393258426966,0.0,0.0,0
675,1,263,3756.470342205323,3917.67393154742,14560.0,38258.0,12515.655716323536,66956.5,0.596958174904943,1246,0,6.425136436597111,2.0,8062.0,1
5033,1,321,2054.271028037383,2490.5906967904734,10734.0,28142.604672897196,8942.103100523072,41097.8,0.6978193146417445,1246,0,7.842086677367576,4.0,5720.0,0
1971,0,241,3951.851867219917,4496.523564035174,27300.0,44156.348132780084,10117.060337630544,50817.1,0.5975103734439834,1245,0,5.892401606425703,1.0,6624.0,0
2830,0,274,4526.070437956205,5320.581391367223,25900.0,30122.409489051097,9357.286034294446,34598.100000000006,0.6715328467153284,1245,0,6.699244979919679,2.0,9131.0,0
1927,0,194,1365.2953608247421,1463.8222008773723,8610.0,20590.071134020618,4948.070797124801,23960.1,0.5721649484536082,1245,0,4.743261044176707,1.0,2283.0,0
5118,1,305,2600.2344262295082,3171.992531977774,15360.0,34816.92131147541,7806.965013504107,31798.3,0.7016393442622951,1244,0,7.463183279742766,3.0,4650.0,0
3203,0,195,1300.4538461538461,1291.4577871948682,3400.0,15124.86564102564,3224.0151175106307,13025.300000000001,0.5743589743589743,1242,0,4.779227053140096,1.0,2111.0,0
3270,0,214,7755.3855140186915,7852.519542155246,28695.0,49291.47336448599,10221.193280808917,65717.3,0.6074766355140186,1241,0,5.249121676067688,1.0,7806.0,1
1520,0,208,2161.4735576923076,2214.983465794242,6005.0,29361.690865384615,6620.780866133218,40428.5,0.625,1241,0,5.101950040290089,1.0,2943.0,0
4681,1,294,6124.379931972789,7242.211379924445,30492.0,36298.74863945578,10859.194325983353,151356.5,0.6802721088435374,1241,0,7.211410153102337,3.0,12919.0,0
3902,0,259,3464.077606177606,3842.391661195368,14880.0,27044.859845559848,7000.984495830714,18894.100000000006,0.6486486486486487,1241,0,6.352908944399678,2.0,6435.0,0
8327,1,339,7587.209734513274,11504.318773232406,57900.0,48589.12831858407,23786.76752340238,224846.50000000003,0.56047197640118,1241,0,8.315197421434327,3.0,11804.2,1
1203,0,348,5081.580747126437,8043.624962872511,30934.0,61620.9540229885,16922.696222182058,90816.90000000001,0.7614942528735632,1240,0,8.542838709677419,4.0,4161.0,1
2608,0,231,3382.7268398268398,3497.7179618652435,12858.0,26323.575757575756,5500.755404347046,27686.7,0.6103896103896104,1240,0,5.670677419354838,1.0,4788.0,0
2206,0,224,3088.4044642857143,3158.5985392255716,21440.0,36328.171875,8702.7218150938,56831.4,0.5133928571428571,1239,0,5.503276836158193,1.0,3930.0,0
3216,0,279,11162.466666666667,13329.038503094596,56000.0,51362.778136200715,26969.77186625214,487836.60000000003,0.5734767025089605,1238,0,6.860064620355412,3.0,11297.3,1
1122,0,184,4594.720652173913,5379.262233558182,27700.0,24315.65652173913,7740.518596417638,13206.600000000002,0.5543478260869565,1237,0,4.527857720291027,0.0,0.0,0
786,0,270,5483.255185185185,7070.802459785423,28000.0,55283.229999999996,12328.428295584023,66240.90000000001,0.6962962962962963,1237,0,6.644139046079224,2.0,5318.0,0
3631,0,170,2223.7376470588238,2117.500932646252,5224.0,39049.532352941176,10954.825947761632,53389.4,0.5470588235294118,1236,0,4.186731391585761,1.0,3407.0,1
2514,0,232,5911.337931034483,6769.436753605564,24622.0,56135.26896551724,15807.048885504506,82336.4,0.646551724137931,1236,0,5.713656957928803,1.0,4001.0,1
75,0,215,5050.630232558139,5777.634132460076,20300.0,24760.117209302327,7181.39270700834,25295.5,0.6186046511627907,1236,0,5.294983818770227,1.0,3369.0,0
3679,1,299,5553.208361204013,6155.1524125381475,25862.0,32884.133779264215,10310.579407164229,43773.299999999996,0.6321070234113713,1234,0,7.3756564019448945,3.0,18285.0,0
2562,0,188,1350.0654255319148,1385.777464879263,6570.0,16393.384574468084,2736.6317163117405,21340.3,0.5904255319148937,1234,0,4.6375364667747165,1.0,2235.0,0
2280,0,228,6593.314912280702,7195.502215566749,26172.0,39021.61798245614,12045.18869794685,64983.8,0.6271929824561403,1232,0,5.633376623376623,1.0,6841.0,0
3896,0,260,11179.23,14635.019291505077,63100.0,59588.94846153846,22295.99697295869,476497.8,0.6153846153846154,1232,0,6.424025974025974,2.0,4244.0,0
11138,1,325,16527.956923076923,16733.64590192032,64200.0,73259.4236923077,29368.229103814876,310220.4,0.5661538461538461,1231,0,8.03655564581641,1.0,3744.7,1
5213,1,301,13399.673089700997,18232.785324973625,70071.0,47205.476744186046,25007.816740201943,845558.7999999999,0.5116279069767442,1231,0,7.443086921202275,1.0,6687.0,1
531,0,185,1255.7572972972973,1286.6982032990843,3216.0,22526.543783783785,6536.184586506697,33665.1,0.5837837837837838,1231,0,4.574654752233957,1.0,2144.0,0
6856,1,319,5689.947648902821,8682.383089437342,63000.0,32102.031661442004,17124.754159257314,136668.9,0.6927899686520376,1230,0,7.894601626016261,4.0,13770.0,0
5024,0,185,4174.338378378378,4554.000133469329,17500.0,25183.32108108108,9712.671084550986,6470.6,0.5513513513513514,1229,0,4.5820992676973145,0.0,0.0,0
560,0,231,3807.7679653679656,4107.286820021927,17200.0,29609.65324675325,7347.297489457411,29596.400000000005,0.5930735930735931,1229,0,5.721432058584215,1.0,5683.0,0
11382,0,253,10368.228853754941,13469.054422211288,52800.0,36379.72845849803,21471.795839466395,506499.10000000003,0.4624505928853755,1229,0,6.26633034987795,0.0,0.0,0
2855,0,172,1716.5796511627907,2006.1642696245012,14850.0,32683.350000000002,11027.404842755312,50719.7,0.5523255813953488,1228,0,4.263583061889252,1.0,1589.0,0
2858,0,265,3376.716603773585,3758.603070657181,20000.0,33073.560000000005,8543.052057634583,43839.9,0.6264150943396226,1227,0,6.5742461287693565,3.0,6619.0,0
3763,0,266,3535.4748120300756,3811.6097672229753,15424.0,25904.314661654134,6242.983947051495,29118.300000000003,0.6578947368421053,1226,0,6.604437194127243,2.0,6855.0,0
995,0,219,1167.0972602739726,1346.7869527995108,4740.0,20506.82694063927,4001.344625884729,28272.3,0.6484018264840182,1226,0,5.437487765089722,2.0,2296.0,0
3315,0,180,5436.280555555555,5720.659203577378,17814.0,58913.84388888889,19873.508209705877,101628.5,0.5388888888888889,1225,0,4.472816326530612,0.0,0.0,1
3582,0,190,1184.7473684210527,1231.5786617907213,6600.0,19376.502105263156,3985.5279386862208,17550.0,0.5947368421052631,1223,0,4.729026982829109,1.0,1961.0,0
420,0,224,4452.500892857142,4800.86596990436,17366.0,44537.73794642858,16198.058088580243,78698.2,0.5982142857142857,1223,0,5.575273916598529,1.0,7192.0,0
937,0,195,1704.0784615384614,1747.0651656827088,6700.0,23429.149743589744,4755.292359819551,31141.3,0.6051282051282051,1223,0,4.8534750613246125,1.0,1751.0,0
4258,0,190,13153.04052631579,15558.326669320883,56500.0,55863.613684210526,29846.578810747465,248997.30000000002,0.4789473684210526,1223,31,4.729026982829109,0.0,0.0,1
5066,1,333,7170.586786786786,12293.22644496204,59700.0,43681.700600600605,23238.819981140237,250674.6,0.7267267267267268,1222,0,8.295024549918168,5.0,9207.8,0
2236,1,171,7644.018713450292,10815.278769864559,49016.0,22738.484210526316,17934.537444850623,53556.2,0.5789473684210527,1222,31,4.259607201309329,1.0,3873.7,0
3995,0,297,2867.6481481481483,3697.871122504632,16640.0,32048.073400673402,10879.915414991274,60773.5,0.7037037037037037,1222,0,7.398265139116203,3.0,4999.0,0
894,0,191,2750.50890052356,3017.704848857008,17900.0,17678.996858638744,6172.128680804633,15965.2,0.5863874345549738,1222,0,4.757806873977087,1.0,2914.0,0
418,0,227,7952.10704845815,8648.946136131404,31318.0,46730.483700440534,11887.975119051744,33474.299999999996,0.6387665198237885,1222,0,5.654566284779051,1.0,9316.0,1
3254,0,222,3267.4382882882883,3237.0537947858284,11518.5,26764.472972972973,6057.2345973713145,16581.3,0.5900900900900901,1222,0,5.530016366612111,1.0,5119.0,0
32,0,180,7660.787222222222,8087.600580376908,24822.0,55656.91611111111,12532.701083554935,89719.70000000001,0.5444444444444444,1221,0,4.487469287469287,0.0,0.0,0
213,0,235,8903.03744680851,10333.691391065016,36408.0,51679.22978723404,13928.399463920638,36591.799999999996,0.6553191489361702,1220,0,5.86344262295082,1.0,5625.0,1
2833,0,173,1973.592485549133,1869.449462020264,5400.0,18203.852601156068,3729.190107840399,21349.5,0.5549132947976878,1219,0,4.320032813781788,1.0,2970.0,0
3553,0,177,7432.824858757062,7840.213032084616,23038.0,34810.424293785305,9634.010894843499,38588.00000000001,0.536723163841808,1219,0,4.41991796554553,0.0,0.0,0
9052,1,303,10428.29405940594,13879.85572724384,59900.0,45866.521122112215,31159.12779313242,78009.90000000001,0.5412541254125413,1219,0,7.5663002461033635,1.0,2999.3,0
3139,0,56,7606.328571428572,12288.85692310816,49720.0,22671.30892857143,13821.669194608572,15249.999999999995,0.4642857142857143,1219,27,1.3983921246923707,0.0,0.0,0
1562,0,178,1234.6511235955056,1255.043682866332,7170.0,18671.99550561798,3443.4748766444354,19089.899999999998,0.5674157303370787,1219,0,4.444889253486465,1.0,1933.0,0
1961,0,204,2186.298529411765,2228.411943227068,8700.0,20480.33088235294,5601.887891878909,23052.9,0.6176470588235294,1219,0,5.0941427399507795,1.0,2293.0,0
353,0,219,2188.150684931507,2550.1321637340684,14550.0,45227.157077625576,12561.409744052056,70291.0,0.6484018264840182,1219,0,5.468712059064807,2.0,3566.0,0
1640,0,223,7697.798206278027,8660.960610917855,30205.5,46867.67040358744,12041.509841737858,59091.0,0.6322869955156951,1217,0,5.577748562037798,1.0,4783.0,0
6872,0,220,9030.602272727272,9030.869390489324,30174.0,46248.47045454545,20106.037791202645,1083709.5,0.4090909090909091,1216,0,5.5072368421052635,0.0,0.0,1
532,0,199,16745.165829145728,17159.37053192091,64000.0,66248.80502512562,29549.09369093119,429416.39999999997,0.4221105527638191,1216,0,4.981546052631579,0.0,0.0,0
674,0,199,1833.8180904522612,1883.156499548642,8000.0,23867.550753768843,5372.892262922896,17011.8,0.592964824120603,1216,0,4.981546052631579,1.0,2058.0,0
10365,1,352,8910.681534090909,12314.16555397878,61600.0,48178.84375,26872.693557829465,394809.7,0.65625,1216,0,8.811578947368421,5.0,20064.0,0
430,0,75,1267.1653333333334,1976.7979407394455,11500.0,39824.59733333333,10661.712432255006,64437.4,0.17333333333333334,1216,16,1.877467105263158,0.0,0.0,0
429,0,234,6631.712393162393,7587.263427990724,27596.0,43523.062820512816,11840.155088668353,66378.69999999998,0.6495726495726496,1215,0,5.862518518518519,1.0,5286.0,0
3269,0,215,12629.209302325582,15057.118914373868,64100.0,63361.24558139535,24049.349228575935,372374.8,0.4883720930232558,1215,0,5.3865020576131695,1.0,1951.3,1
1810,0,228,6746.145614035087,7406.841486146829,26552.0,38559.63070175439,9763.481553899017,24099.20000000001,0.6403508771929824,1215,0,5.712197530864199,1.0,5925.0,0
665,0,234,3502.1175213675215,3987.3354187183068,28400.0,56126.56752136753,20058.445631724033,86745.5,0.5854700854700855,1215,0,5.862518518518519,1.0,4149.0,1
3855,0,303,6286.407260726072,8484.225099076602,32890.0,43107.58316831683,12616.39894953607,22703.400000000027,0.7293729372937293,1214,0,7.597462932454696,3.0,7323.0,0
3866,0,61,5393.050819672131,9478.981613436872,42634.0,26824.37868852459,12413.68837496354,34688.5,0.4098360655737705,1213,0,1.53078318219291,0.0,0.0,1
3914,0,227,8022.0528634361235,9230.46842876621,45920.0,59214.47092511013,16308.987945514526,98488.00000000001,0.6343612334801763,1213,0,5.696521022258862,1.0,6118.0,0
3807,0,226,7385.096017699115,8383.484813196428,36640.0,54868.21592920354,10898.409057799354,56129.7,0.6327433628318584,1213,0,5.671426215993405,1.0,4828.0,1
3925,0,301,10876.40830564784,13866.985606164166,54100.0,55545.34750830565,28102.25448645066,416925.7,0.5813953488372093,1213,0,7.553536685902721,2.0,6503.0,0
219,0,255,5835.607843137255,7180.231912745186,26649.0,54036.59333333334,11877.102117887802,47647.2,0.6862745098039216,1212,0,6.404455445544555,2.0,5324.0,1
3552,0,301,3623.73488372093,4609.425793387473,18880.0,56580.638870431896,17525.902510723507,73386.2,0.6710963455149501,1212,0,7.559768976897691,3.0,7648.0,0
7957,1,346,10580.026011560694,12898.672739630038,64400.0,54697.58323699422,27407.662172005676,380669.8,0.6213872832369942,1211,0,8.697142857142858,3.0,15794.0,1
1149,0,93,3632.5236559139785,6775.786194114109,34166.0,35393.91720430108,9669.000777840212,27020.299999999996,0.3763440860215054,1211,8,2.3376713459950453,0.0,0.0,1
1423,0,225,2123.183111111111,2225.0162339654776,8116.0,17534.56488888889,5465.9185321541,14339.399999999998,0.6266666666666667,1210,0,5.660330578512396,2.0,3607.0,0
2853,0,213,1708.0215962441314,1695.961447197565,10200.0,50304.132863849765,20183.327191721037,77446.6,0.49295774647887325,1210,0,5.3584462809917355,1.0,2472.0,0
803,0,206,12545.738349514564,14865.853816833021,66900.0,40520.61990291262,31427.746044545285,447856.7,0.45145631067961167,1209,0,5.186633581472291,0.0,0.0,0
2456,1,265,8711.730943396227,9802.42274840037,37686.0,40951.64490566038,13641.341011683156,611819.5,0.5547169811320755,1209,0,6.672125723738628,2.0,13741.3,0
619,0,260,8335.186153846153,11887.566800502524,63700.0,42212.13307692308,23831.71982745247,175376.4,0.5923076923076923,1209,0,6.5462365591397855,2.0,8267.0,0
301,0,174,1215.7080459770116,1186.4247010998945,2925.0,17132.067816091952,3343.7250948862516,22140.399999999998,0.5689655172413793,1208,0,4.384569536423841,1.0,1950.0,0
372,0,254,7611.249606299212,8941.150483067022,34720.0,32375.0094488189,12622.436234479748,40829.40000000002,0.6732283464566929,1208,0,6.40046357615894,2.0,9933.0,0
3492,0,258,7010.641085271317,8290.658266905995,32302.5,42680.79767441861,12159.364287166098,40546.6,0.689922480620155,1208,0,6.501258278145696,2.0,9447.0,0
6463,0,233,11612.21330472103,13056.712690371838,53600.0,47163.84377682403,35280.196647212804,339604.7,0.5021459227467812,1207,0,5.876155758077879,0.0,0.0,0
3628,0,284,4458.680985915493,6158.161581920083,22945.5,54836.14964788732,11349.75408497311,60822.6,0.7147887323943662,1206,0,7.168291873963516,3.0,3323.0,1
2358,0,192,4201.116145833334,4112.39063590795,13983.0,27932.434375,8395.986400360738,22201.500000000004,0.5677083333333334,1205,0,4.8501908713692945,1.0,6114.0,0
1613,0,175,2675.677714285714,2627.4290532795994,10500.0,18895.124,7415.6906997813085,34210.8,0.5657142857142857,1205,0,4.420746887966805,1.0,3628.0,0
2866,0,222,6625.405405405405,7224.754676231943,26037.0,42329.18063063063,11741.339803540404,36677.200000000004,0.6306306306306306,1205,0,5.608033195020747,1.0,5711.0,0
3010,0,109,2972.0385321100916,6257.413422240445,32110.0,47625.94678899083,16313.99465078514,81055.8,0.41284403669724773,1205,31,2.75349377593361,0.0,0.0,1
3368,0,294,4415.9108843537415,5984.55864250781,38240.0,56074.30612244898,18883.458424437787,93445.00000000001,0.6836734693877551,1204,0,7.433023255813954,3.0,7908.0,0
5125,0,212,10580.179716981133,13282.599957968529,53100.0,35546.38254716981,30999.903897867047,371263.3,0.5188679245283019,1204,4,5.359867109634552,0.0,0.0,0
994,0,237,3040.6164556962026,6963.094689633648,48266.0,40778.626582278484,14111.959645030769,45745.69999999999,0.4641350210970464,1203,0,5.996907730673317,0.0,0.0,0
1674,0,220,3011.745,3324.6933975468733,28480.0,35494.25090909091,10088.754425019733,47111.1,0.5272727272727272,1203,0,5.566749792186202,1.0,3804.0,0
3234,0,193,1883.9658031088084,1819.3875876329419,9300.0,20984.95025906736,5851.74910908166,14020.6,0.538860103626943,1202,0,4.887620632279534,1.0,2659.0,0
1452,0,185,8746.277837837837,9866.913194363475,29914.0,59898.292432432434,15922.699176662412,102868.6,0.5675675675675675,1202,0,4.685024958402662,0.0,0.0,0
9377,1,347,8033.488472622478,11482.764625398124,62800.0,63444.429971181555,24698.12873271164,212513.7,0.5763688760806917,1201,0,8.794904246461282,3.0,10905.0,1
3758,0,216,2989.659722222222,3516.7964660505972,29100.0,38766.171759259254,10727.43850719131,41743.700000000004,0.5324074074074074,1199,0,5.483769808173479,1.0,4009.0,1
138,0,24,2250.0,2414.989422967206,11200.0,15608.333333333334,4979.166742465588,21200.0,0.375,1199,29,0.6093077564637198,0.0,0.0,0
1376,0,167,1817.8413173652696,1735.860598105065,7700.0,20798.75988023952,4526.069392706829,23256.7,0.5508982035928144,1198,0,4.24330550918197,1.0,2731.0,0
3770,0,220,7115.877272727273,8135.43813456335,45760.0,56538.17954545454,19849.48566628525,75540.19999999998,0.6,1198,0,5.5899833055091825,1.0,9060.0,1
11271,1,303,3450.2567656765677,4128.502685757078,16833.0,23287.653795379538,7146.039871491355,46441.2,0.6798679867986799,1198,0,7.698931552587647,4.0,10558.3,0
2353,0,247,5202.628340080972,6166.252825611044,23474.0,49855.6024291498,12179.37369718514,75056.4,0.6558704453441295,1197,0,6.281269841269841,2.0,9700.0,0
1335,0,239,5207.085774058577,6164.693862965338,29600.0,39441.06066945607,8042.11645947075,47778.7,0.6527196652719666,1197,0,6.077827903091061,2.0,6411.0,1
2119,0,213,3731.0910798122068,3623.412547138357,12800.0,27600.978873239437,8763.234518406929,53489.6,0.5586854460093896,1197,0,5.4166416040100245,1.0,5688.0,0
8,0,254,6743.7248031496065,8144.341475140314,40800.0,46819.41299212599,13128.208385387043,72617.29999999999,0.6692913385826772,1197,0,6.459281537176274,2.0,9324.0,0
1704,0,198,2662.911616161616,2632.832618660875,6923.0,19777.72525252525,4251.657714502428,18973.7,0.6111111111111112,1196,0,5.039397993311037,1.0,3285.0,0
1660,0,203,12569.55960591133,14968.083836717835,55700.0,51842.87142857143,30574.062541985797,228457.0,0.5073891625615764,1196,0,5.166655518394649,1.0,2372.6,1
5429,0,156,5095.3993589743595,5045.77659253177,24800.0,5711.300641025641,17323.257458183656,-17227.1,0.5897435897435898,1196,0,3.970434782608696,0.0,0.0,0
3440,0,311,4577.616077170418,6420.835246219573,25944.0,40027.7382636656,13043.407783253595,81447.79999999999,0.7331189710610932,1196,0,7.915418060200669,4.0,9714.0,0
2148,0,225,1314.6248888888888,1601.9277258484735,11400.0,16312.894666666665,4501.247167360156,22557.8,0.6266666666666667,1196,0,5.726588628762542,2.0,2370.0,0
676,0,213,2361.6150234741785,2210.189540804739,9700.0,29227.697183098593,10361.850039884219,42481.200000000004,0.539906103286385,1196,0,5.421170568561873,1.0,3017.0,0
2731,0,215,8790.178139534884,10078.464941036282,34278.0,49073.49209302326,12213.226179352498,68215.5,0.6325581395348837,1192,0,5.490436241610738,1.0,5044.0,1
80,0,176,1384.6539772727274,1397.1091859105068,5250.0,19465.203977272726,4239.289746082622,27350.3,0.5738636363636364,1191,0,4.4982703610411425,1.0,2252.0,0
3417,0,223,2255.2,5701.590439762644,39900.0,24593.057847533633,11105.815232210507,21158.40000000001,0.4080717488789238,1190,0,5.704302521008404,0.0,0.0,0
169,0,210,5022.276666666668,5297.580834364872,19188.0,52138.509523809524,10562.221275147196,67185.29999999999,0.6095238095238096,1190,0,5.371764705882353,2.0,5671.0,0
4047,0,223,10871.844843049326,13159.317850942125,49594.0,52737.67399103139,27965.498341643004,791321.4,0.4439461883408072,1189,0,5.709100084104289,1.0,2988.0,0
7487,0,230,10681.832173913042,13843.716398178489,49900.0,41370.05217391304,30554.682688338286,188381.19999999998,0.5695652173913044,1187,0,5.898230834035384,3.0,14400.9,1
992,0,299,3023.5658862876253,3992.498443336003,20000.0,23206.941471571907,7613.109583145758,25763.4,0.7190635451505016,1187,0,7.667700084245999,4.0,7087.0,0
331,0,201,2560.6711442786072,2563.643905101327,7700.0,21008.31592039801,5328.511317605066,15478.099999999999,0.6069651741293532,1186,0,5.158887015177067,1.0,3528.0,0
2835,0,198,2026.9575757575756,5003.377727939885,46542.0,27953.371717171714,11435.43809781428,16815.6,0.4595959595959596,1185,0,5.086177215189874,0.0,0.0,0
3677,0,186,1384.0086021505376,1406.1162751625322,4400.0,14103.919892473119,3030.6659334180213,14908.8,0.5752688172043011,1184,0,4.781959459459459,1.0,2283.0,0
2565,0,194,2522.8675257731957,5708.445183714078,45797.0,20621.34742268041,11114.909071587426,14543.500000000002,0.41237113402061853,1184,0,4.987635135135135,0.0,0.0,0
4190,1,316,3526.10411392405,4058.919172619237,16557.0,31995.658544303795,8250.155974007439,22074.1,0.6645569620253164,1184,0,8.12418918918919,4.0,12006.0,0
3317,0,184,1319.6608695652174,1376.1172866248985,7020.0,17015.61195652174,3858.65360073398,16904.8,0.5706521739130435,1184,0,4.730540540540541,1.0,2166.0,0
1690,0,198,2532.8282828282827,2708.043051661638,12650.0,24294.035353535353,5934.127400960061,32157.2,0.601010101010101,1181,0,5.1034038950042335,1.0,3311.0,0
1448,0,62,1428.9241935483872,1943.1527349573655,10100.0,18488.99677419355,4831.552472285533,24793.3,0.27419354838709675,1181,41,1.5980355630821337,1.0,7156.0,0
521,0,334,15531.428443113771,15691.299774380992,60900.0,73448.66856287426,25839.947161369015,848129.9,0.5059880239520959,1180,0,8.61606779661017,1.0,4234.0,1
3132,0,279,2158.7462365591396,2633.3134600942367,11200.0,21683.908960573477,5477.556830706961,19073.399999999998,0.6738351254480287,1180,0,7.197254237288136,3.0,4388.0,0
3944,0,253,5681.96719367589,7062.613435936242,25996.0,44019.29565217392,10194.530402487544,58534.899999999994,0.6837944664031621,1180,0,6.526542372881356,2.0,4503.0,0
1427,0,210,4819.920952380952,5280.241361920217,23520.0,45127.30714285714,10163.330933292184,53651.799999999996,0.5904761904761905,1180,0,5.417288135593221,1.0,6046.0,0
1742,0,218,8890.85,10625.451584280303,46880.0,45635.04541284404,15655.55258381249,30485.699999999986,0.6376146788990825,1180,0,5.623661016949153,1.0,3827.0,0
6400,1,287,7155.011846689895,9582.694368393524,49634.0,40908.086759581885,23690.928883300472,432860.8,0.6306620209059234,1179,0,7.409906700593724,4.0,17875.7,0
3486,0,180,1656.0638888888889,1657.6284157055902,4264.0,31417.055555555555,9193.574369031197,45878.7,0.5611111111111111,1179,0,4.647328244274809,1.0,2084.0,0
4473,1,283,7021.64628975265,9187.870673069372,36637.5,55425.13250883392,11915.471208016963,60686.299999999996,0.7243816254416962,1179,0,7.306632739609839,3.0,10619.0,0
2965,0,175,2337.919428571429,2356.1706262906932,12000.0,22237.050285714286,6269.168694692644,25688.299999999996,0.5828571428571429,1178,0,4.52207130730051,1.0,2648.0,0
2301,0,214,7715.7401869158875,8839.916658757393,44960.0,49614.37523364486,12687.349973450731,69888.79999999999,0.6308411214953271,1178,0,5.529847198641766,1.0,6907.0,1
2674,0,198,2785.1000000000004,6537.756991328522,45402.0,29120.685858585857,12046.98671294739,18327.8,0.5202020202020202,1178,0,5.116400679117149,0.0,0.0,0
11,0,186,1387.6349462365592,1467.8908619546607,6700.0,27834.55,7444.828662187212,23187.300000000003,0.5752688172043011,1178,0,4.806315789473685,1.0,2132.0,0
8533,1,296,10587.940202702703,13606.572635818393,64600.0,66296.53310810811,23935.38327768212,591062.7,0.4594594594594595,1178,0,7.648760611205434,1.0,3626.0,1
1089,0,249,4457.03172690763,5743.466255773345,26300.0,29052.493172690763,8212.491151367158,14125.299999999996,0.6867469879518072,1178,0,6.434261460101869,2.0,3718.0,0
5063,0,172,5819.553488372093,8620.338792424958,47986.0,24333.732558139534,20403.217801800427,214809.2,0.4941860465116279,1177,0,4.448326253186067,0.0,0.0,0
1257,0,215,6989.384651162791,8014.543020560071,27958.0,38482.2511627907,10114.634387901599,60012.100000000006,0.6372093023255814,1177,0,5.560407816482583,1.0,4387.0,1
990,0,215,7235.86,7820.029507603817,28608.0,60630.30558139535,12624.513158462516,86497.1,0.627906976744186,1177,0,5.560407816482583,1.0,7538.0,1
1581,0,216,3964.002314814815,4826.175413464528,47360.0,52761.11574074074,14944.664080755882,81327.7,0.5277777777777778,1176,0,5.591020408163265,1.0,5758.0,1
2424,0,288,15698.550347222223,14366.79546608985,63700.0,67690.58784722222,26168.41524655882,592834.9,0.5069444444444444,1175,0,7.461038297872341,1.0,14138.0,1
917,0,207,3292.7628019323674,3405.1602413455744,24960.0,37088.782125603866,10477.226269928558,56837.100000000006,0.5362318840579711,1175,0,5.362621276595745,1.0,4669.0,0
2255,0,171,1298.2461988304094,1316.8834176481387,5850.0,16960.31871345029,3466.5839670641976,22652.5,0.5730994152046783,1174,0,4.433764906303237,1.0,2084.0,0
11362,1,344,3866.3095930232557,5624.657036473811,24212.0,30469.940406976744,10092.374189367774,38530.899999999994,0.7645348837209303,1174,0,8.9193867120954,5.0,10687.0,0
1796,0,254,6389.304724409449,8239.539103205847,30015.0,46918.01023622047,11686.433132028818,53563.8,0.6968503937007874,1174,0,6.585826235093697,2.0,3037.0,0
2834,0,310,5060.872258064516,7137.647047804601,28678.0,52913.24290322581,10929.97300294225,42262.8,0.7451612903225806,1174,0,8.037819420783645,4.0,7579.0,1
8114,1,263,5769.638022813689,7408.736955747907,27963.0,35984.97034220532,10410.970100472572,47755.200000000004,0.7034220532319392,1174,0,6.819182282793867,3.0,8107.0,0
260,0,215,3754.8623255813955,3784.3412551887473,19200.0,37700.053023255816,10928.337768217121,40815.8,0.5720930232558139,1174,0,5.574616695059626,1.0,5247.0,0
1749,0,233,16082.694849785408,18579.615287502897,68412.0,66132.05150214593,23462.01741866631,538000.2999999999,0.5836909871244635,1174,0,6.041328790459966,2.0,14238.8,1
4650,1,269,3093.8408921933083,2989.0783245320395,11500.0,24344.698513011153,10560.516858248748,42051.6,0.5762081784386617,1173,0,6.9806990622335885,3.0,10082.0,0
336,0,217,6866.089861751152,7911.33772716284,27706.0,33134.38064516129,11549.108968055181,56021.900000000016,0.6405529953917051,1172,0,5.636075085324233,1.0,4067.0,0
308,0,42,2280.502380952381,2418.1188386427725,13700.0,25313.257142857143,7652.048437721786,40581.1,0.30952380952380953,1172,32,1.0908532423208193,1.0,1284.0,0
319,1,376,8953.593617021277,13031.162448999929,63700.0,63669.212499999994,26636.57529704554,581641.2000000001,0.6595744680851063,1171,0,9.774073441502988,4.0,9818.5,0
762,0,183,2444.9890710382515,2362.1801255840073,5984.0,16803.29945355191,3894.3506257832205,14299.4,0.5956284153005464,1170,0,4.761128205128205,1.0,3895.0,0
1142,0,211,1433.1938388625595,1417.7985820109766,7800.0,20534.3,5094.6228501468195,25698.300000000003,0.5592417061611374,1169,0,5.494302822925578,1.0,2077.0,0
3200,0,171,11965.970760233919,14395.241840661794,64500.0,58426.90994152047,29697.94292116316,250381.0,0.43859649122807015,1168,0,4.456541095890411,0.0,0.0,0
3646,0,327,12252.589908256881,15052.090035707906,64800.0,69206.52966360855,24394.256819568967,811706.9,0.5565749235474006,1168,0,8.522157534246576,2.0,6037.0,0
1206,0,172,2319.10988372093,2169.8526770175486,6100.0,17711.02034883721,3830.4650538040323,17151.300000000003,0.5697674418604651,1167,0,4.486443873179092,1.0,3279.0,0
501,1,233,11162.856223175966,14055.313063426236,57800.0,63325.49871244635,28017.338146819584,313593.9,0.5493562231759657,1167,0,6.077566409597258,1.0,4382.7,0
2235,0,180,4156.573333333333,4445.608558244828,18100.0,25181.84222222222,10412.72701404073,50619.600000000006,0.5666666666666667,1166,0,4.699142367066895,1.0,3730.0,0
2487,0,311,1529.5700964630225,1979.4213562357677,11200.0,24406.66430868167,5754.114892630575,39852.7,0.6816720257234726,1166,0,8.119073756432247,5.0,4717.0,0
10762,1,245,6292.373061224489,7684.899948825076,28353.0,36905.74571428571,9681.325406083377,50909.79999999999,0.673469387755102,1165,0,6.401545064377682,2.0,7347.0,0
3131,0,212,8107.207075471698,8638.283200620384,31880.0,37885.19858490566,12395.421590116563,225856.3,0.5801886792452831,1165,0,5.539296137339056,1.0,9131.0,1
10520,1,202,11559.106435643564,14864.950668087831,60800.0,56297.661386138614,36723.182871699086,270349.5,0.5346534653465347,1164,0,5.282542955326461,1.0,6959.8,1
2515,0,135,9254.378518518519,12483.99464017939,56100.0,46800.45185185185,24396.22672907729,312015.5,0.43703703703703706,1164,0,3.530412371134021,0.0,0.0,1
2727,0,184,6410.0864130434775,6864.830126075155,21112.0,34040.49456521739,10642.782681048966,17772.299999999996,0.5706521739130435,1163,0,4.815958727429063,0.0,0.0,0
1756,0,210,7021.792380952381,7791.8917915198945,27586.0,53239.43523809524,11390.8969948662,79550.79999999999,0.6285714285714286,1162,0,5.501204819277109,1.0,6307.0,1
2500,0,98,2309.7989795918365,4098.799474890148,23676.0,23320.274489795916,6148.443151521113,25339.1,0.3877551020408163,1162,0,2.567228915662651,0.0,0.0,0
1426,0,165,1746.4975757575755,1647.3905886890955,4022.0,19229.492121212123,4324.49569606011,23200.5,0.5575757575757576,1161,0,4.326098191214471,1.0,2681.0,0
602,0,180,2282.9394444444442,2261.354676371237,9300.0,15403.185555555556,4201.02756441765,18577.5,0.55,1161,0,4.7193798449612405,1.0,3191.0,0
3637,1,280,4595.870357142857,6176.087506786457,23964.0,57448.305714285714,11764.827145575578,74336.09999999999,0.7142857142857143,1160,0,7.347586206896552,3.0,6265.0,0
2481,0,39,2182.051282051282,2568.726060958683,15300.0,17000.0,6485.489877208076,14900.0,0.46153846153846156,1160,20,1.0234137931034484,0.0,0.0,0
3080,0,178,2281.221348314607,2248.462144926792,5600.0,16758.92584269663,3576.5625335811646,24239.799999999996,0.5842696629213483,1159,0,4.674995685936152,1.0,3359.0,0
2621,0,183,2079.928961748634,2008.1237090527825,10800.0,16383.271584699454,5002.577940923285,15649.4,0.5355191256830601,1159,0,4.806315789473684,1.0,2819.0,0
1238,0,185,2334.463243243243,2553.7643517122683,12450.0,27172.84108108108,6032.58557274924,42756.1,0.6054054054054054,1159,0,4.858843830888698,1.0,2256.0,0
10710,0,199,6945.095979899498,10931.004902402497,49862.0,35756.02412060301,24456.30357929519,364968.5,0.3969849246231156,1158,0,5.23105354058722,0.0,0.0,0
2871,0,188,2598.007446808511,2594.6960578800895,8750.0,24575.269148936168,5153.58471846345,27847.799999999996,0.6117021276595744,1158,0,4.941899827288428,1.0,3829.0,0
1403,0,203,6315.7541871921185,6531.062410634559,23314.0,28845.508374384237,11290.210679123249,25214.499999999993,0.6157635467980296,1155,0,5.350060606060606,1.0,9120.0,0
1629,0,177,2132.546327683616,2171.61426462409,10550.0,19358.76440677966,4861.073713408574,30101.100000000002,0.5649717514124294,1155,0,4.664831168831169,1.0,3137.0,0
9353,1,230,10408.640869565217,13269.482007952325,64800.0,54125.57608695652,24990.89086656271,245972.19999999998,0.45652173913043476,1154,0,6.066897746967072,2.0,18099.0,0
820,0,244,4118.763524590164,5480.640121682556,39840.0,44325.222950819676,9865.197568376034,65212.7,0.639344262295082,1153,0,6.441769297484822,2.0,5577.0,0
3384,0,189,2316.0354497354497,2445.1512072990054,11550.0,37033.88253968254,7283.173415399997,47147.1,0.5925925925925926,1152,0,4.9940625,1.0,2935.0,0
257,0,167,9762.453293413173,12481.413657692461,64500.0,38104.72155688623,23145.809028603184,113099.70000000001,0.46107784431137727,1152,19,4.412743055555556,2.0,17982.7,0
479,0,170,1317.0841176470587,1338.926453002924,6750.0,12564.850588235295,2880.192160733574,10905.9,0.5823529411764706,1152,0,4.492013888888889,1.0,2064.0,0
3764,0,214,1733.8584112149533,1826.8874153734944,12300.0,33982.9714953271,6482.408057614685,33174.1,0.5560747663551402,1152,0,5.654652777777778,1.0,2506.0,0
155,0,205,2263.9848780487805,2364.657958086284,14560.0,25613.241951219512,6192.033864974915,19865.3,0.5365853658536586,1150,0,5.426260869565217,1.0,2988.0,0
3945,0,59,1429.579661016949,1993.478699520329,12100.0,32977.20847457627,8206.437868071209,33745.200000000004,0.2033898305084746,1150,40,1.561704347826087,0.0,0.0,0
2157,0,200,5673.096500000001,5933.461219469839,20462.0,21489.987,10259.259797034385,23371.699999999997,0.595,1149,0,5.29852045256745,1.0,9094.0,0
2051,1,224,12916.333928571428,15542.405002043386,62000.0,55195.541964285716,34345.728141400425,346556.8,0.5223214285714286,1149,0,5.9343429068755436,1.0,4898.2,1
3061,0,167,1260.514371257485,1223.593036687761,4100.0,19238.964071856288,4425.825194818131,21258.3,0.5389221556886228,1149,0,4.424264577893821,1.0,1978.0,0
3111,0,215,7197.711162790697,8521.230134839856,37440.0,45641.86325581395,10936.287680546857,38158.30000000001,0.6325581395348837,1149,0,5.695909486510009,1.0,3641.0,0
1691,0,207,977.6695652173913,1019.399433081221,2901.0,17316.671497584543,3452.48979565981,24090.0,0.6280193236714976,1149,0,5.483968668407311,2.0,1934.0,0
1044,0,242,5034.928512396694,6541.955756884503,22886.0,37527.76074380165,11801.469756574417,34230.299999999996,0.6859504132231405,1148,0,6.416794425087109,2.0,3068.0,1
1945,0,166,7952.048192771084,8755.78304393452,47200.0,44864.53072289156,11431.515179604809,51985.59999999999,0.536144578313253,1148,0,4.401602787456446,0.0,0.0,0
9790,1,376,9678.730851063829,12888.078099190445,60800.0,55054.54069148936,26308.569853733352,730139.6,0.6223404255319149,1148,0,9.969895470383277,4.0,15482.0,1
9928,1,249,4119.300401606426,4908.029853674108,31200.0,54166.11365461848,13575.10255060082,66212.2,0.6305220883534136,1148,0,6.60240418118467,2.0,6505.0,0
2580,1,249,4121.77108433735,4907.036193114075,31200.0,53490.099196787145,13476.232629588028,65427.40000000001,0.6305220883534136,1148,0,6.60240418118467,2.0,6505.0,0
1599,0,239,8177.287029288704,10394.690383053117,37372.0,52546.81673640167,13719.175268048479,83179.2,0.6861924686192469,1147,0,6.342772449869224,2.0,5341.0,1
11079,1,246,16430.450406504064,19933.28289104503,73724.0,73271.68821138212,25475.277050993594,567331.2,0.5975609756097561,1147,0,6.5285440278988665,1.0,8191.5,1
968,0,200,4472.406,4618.5466669982015,16341.0,32783.5265,7861.350495731089,28294.8,0.575,1146,0,5.312390924956371,1.0,7262.0,0
810,0,185,1840.3497297297297,1937.5643984563937,8800.0,19535.390810810808,5257.7060613623935,30465.100000000002,0.5837837837837838,1146,0,4.9139616055846425,1.0,2076.0,0
1760,0,206,1556.302427184466,1979.660749291848,12600.0,39012.81941747573,10061.85067465403,51809.9,0.6553398058252428,1146,0,5.471762652705062,2.0,1709.0,1
2550,0,310,3899.2777419354843,5874.6323952627545,28320.0,55978.57806451613,17811.886106882852,96195.7,0.7354838709677419,1146,0,8.234205933682375,4.0,7347.0,1
3572,0,189,2356.8518518518517,2507.7647028479923,11550.0,25562.914285714283,6622.099192288468,36257.4,0.5925925925925926,1145,0,5.024593886462882,1.0,2964.0,0
1030,0,221,1966.4484162895926,2363.051647621572,9600.0,29342.942081447964,8596.916081468524,47186.700000000004,0.6742081447963801,1145,0,5.875318777292577,2.0,1714.0,0
487,0,182,10379.938461538462,13235.061362653694,74100.0,36656.6,27015.471588849894,218878.4,0.5054945054945055,1143,0,4.846964129483815,1.0,10684.0,0
3767,0,230,3974.8391304347824,4853.63579709725,22720.0,40065.19304347826,8288.154590183574,62224.600000000006,0.6565217391304348,1142,0,6.1306479859894925,2.0,4536.0,1
348,0,177,8043.161016949152,9058.395142735693,27429.0,43054.59152542373,15108.249562305904,73105.09999999999,0.5706214689265536,1142,0,4.717933450087566,0.0,0.0,1
1867,0,178,10966.394382022472,12184.97162795599,37395.0,61376.57584269663,14702.614112971538,87883.80000000002,0.5786516853932584,1142,0,4.744588441330999,0.0,0.0,1
2516,1,212,6497.317452830189,6961.690823548525,42400.0,43064.816509433964,13396.292184202044,47060.90000000001,0.6037735849056604,1141,0,5.655810692375109,1.0,9721.0,0
3303,0,177,8986.708474576271,10019.518123284448,30608.0,49709.51525423728,12835.153521678269,79433.0,0.576271186440678,1140,0,4.72621052631579,0.0,0.0,0
933,0,192,2426.6843750000003,2570.685070703698,11250.0,28996.282812499998,4938.73402602935,31213.000000000004,0.625,1139,0,5.131237928007024,1.0,2584.0,0
3229,1,277,8886.12129963899,12034.980606648563,58400.0,53534.15523465704,25501.671630419503,148480.0,0.6498194945848376,1139,0,7.4028797190518,3.0,16491.2,1
1700,0,201,8869.676119402984,9755.742707945243,34419.0,52313.45223880597,13780.05791666013,93990.49999999999,0.6268656716417911,1139,0,5.371764705882353,1.0,6765.0,1
2836,0,209,7403.867942583732,8232.95148577887,45280.0,41271.588516746415,12393.795116608293,38401.999999999985,0.6028708133971292,1139,0,5.585566286215979,1.0,9472.0,1
338,0,176,1555.1926136363638,1643.631939613172,7980.0,16108.87215909091,3800.2492396409825,17531.5,0.5454545454545454,1139,0,4.703634767339771,1.0,2252.0,0
3148,0,201,1659.047263681592,1638.9121981683386,9500.0,20832.990049751243,6199.166114720632,29406.1,0.5373134328358209,1138,0,5.376485061511424,1.0,2478.0,0
1357,0,211,1539.8232227488152,1507.5450922359842,8600.0,38950.19194312796,9541.087150543608,62788.3,0.5260663507109005,1137,0,5.648935795954266,1.0,2290.0,0
3772,0,214,8790.314018691588,9817.943805639477,35361.0,43306.55467289719,12407.999720351234,43442.8,0.6495327102803738,1137,0,5.729252418645559,1.0,7775.0,0
486,0,185,2906.7897297297295,6425.096791256418,46073.0,42942.87243243243,17398.644562697205,105292.5,0.4648648648648649,1136,0,4.9572183098591545,0.0,0.0,1
1395,0,207,2545.2753623188405,2576.2809147058124,16400.0,30589.314975845413,10579.095456598508,51689.6,0.5314009661835749,1136,0,5.546725352112676,1.0,3432.0,0
1341,0,172,1292.2808139534884,1256.669853936779,3540.0,17049.68023255814,2460.8489489975614,17585.9,0.5872093023255814,1136,0,4.60887323943662,1.0,2098.0,0
9017,1,267,3813.9745318352057,5528.240348003039,18792.0,15865.905243445693,9618.445902041483,21413.199999999997,0.4307116104868914,1135,0,7.1607753303964765,1.0,2088.0,0
10411,1,322,7442.078260869565,10227.903560049306,55600.0,53253.451863354036,25492.204997644727,290213.2,0.6645962732919255,1134,0,8.643456790123457,5.0,20024.0,1
2783,0,215,2515.155813953488,6287.069937894202,46054.0,40259.60604651163,16586.834522413705,53336.49999999999,0.3627906976744186,1134,0,5.771252204585538,0.0,0.0,1
2015,0,195,3208.2641025641024,3054.0713298442943,13120.0,28249.810256410256,6442.257220329217,24967.1,0.5538461538461539,1132,0,5.243639575971732,1.0,4535.0,0
2341,0,203,1042.442857142857,1109.1918381182904,3071.0,15712.744827586208,2672.694484455335,20453.5,0.6502463054187192,1132,0,5.4587632508833925,2.0,2047.0,0
565,0,162,2203.85,2132.2786114392375,5264.0,31733.46049382716,6020.098292808475,42415.299999999996,0.5617283950617284,1132,0,4.356254416961131,1.0,3509.0,0
337,0,188,11358.768617021276,14382.196524607507,59600.0,45959.08936170213,25973.26515900725,485226.5,0.48404255319148937,1132,0,5.055406360424029,0.0,0.0,0
3780,0,220,2046.5081818181818,2554.3609477417785,9300.0,16862.909090909092,4180.954369989615,18951.399999999998,0.6681818181818182,1132,0,5.915901060070672,2.0,1611.0,0
557,0,167,1282.4497005988023,1319.6123528035032,7200.0,17630.416766467068,3709.371891519735,19494.7,0.5748502994011976,1131,0,4.494677276746242,1.0,2050.0,0
3490,0,36,2613.8888888888887,2120.397911144816,11300.0,17022.222222222223,4542.944992661612,10500.0,0.5277777777777778,1131,21,0.9689124668435013,0.0,0.0,0
3973,0,190,4488.4157894736845,4490.2216115474275,15618.0,24054.157368421056,7370.613899691913,32200.6,0.5736842105263158,1130,0,5.118230088495576,1.0,6941.0,0
2043,0,201,2861.0238805970152,2783.8962384806773,9825.0,21872.492537313432,5240.825491532227,15775.400000000001,0.5870646766169154,1130,0,5.414548672566372,1.0,4366.0,0
2003,0,206,18239.57427184466,20473.37376341896,70450.0,69525.73932038835,23056.266064312083,522817.9,0.558252427184466,1130,0,5.549238938053098,1.0,2127.0,0
728,0,223,2952.5596412556056,3235.549211171634,12110.0,20078.794618834083,6150.3935786145275,21518.399999999998,0.6367713004484304,1129,0,6.012506643046945,3.0,7125.0,0
3970,0,231,13245.287445887445,14994.208081573943,57232.0,51614.25151515151,19591.737964955155,605479.0,0.5714285714285714,1129,0,6.228201948627104,1.0,8957.0,1
8169,1,259,3470.6455598455595,4092.8448239904105,16518.0,20668.470656370657,7330.556040559734,30328.799999999996,0.6872586872586872,1129,0,6.983135518157662,3.0,7356.0,0
452,0,251,10037.89203187251,14538.131080111236,63700.0,57335.944223107566,24122.786551837587,447359.7,0.601593625498008,1128,0,6.7734397163120565,2.0,5433.0,0
3783,0,196,3785.5183673469387,4162.077580995458,27520.0,27118.031122448978,6310.6389504205445,23123.2,0.5969387755102041,1128,0,5.289219858156028,1.0,3041.0,0
3189,1,196,7408.899489795918,10265.057921080033,52600.0,34328.686734693874,23027.361747752922,267329.1,0.5459183673469388,1128,0,5.289219858156028,1.0,3702.8,0
3689,0,195,11813.701025641027,13104.029632580407,48375.0,45001.114871794874,25733.931718155207,656821.9,0.4461538461538462,1128,0,5.2622340425531915,1.0,4609.9,0
2803,0,214,13128.41121495327,14897.443648566727,59300.0,60324.11822429907,28620.884556872723,506887.2,0.4719626168224299,1126,0,5.785222024866785,1.0,1904.0,1
1901,0,206,7057.117475728155,7470.994664406844,27086.0,30050.459708737864,10610.910281287814,20681.79999999999,0.6359223300970874,1126,0,5.568952042628775,1.0,6355.0,0
3525,0,174,2255.059195402299,2237.1592894989076,8700.0,18308.08620689655,4691.074745897849,23181.9,0.5402298850574713,1126,0,4.703872113676732,1.0,3084.0,0
3320,0,175,1235.0417142857143,1246.4689603944933,3113.0,17880.79542857143,3256.540662255196,21147.899999999998,0.5714285714285714,1126,0,4.730905861456483,1.0,2075.0,0
2851,0,222,3001.2716216216218,7259.921663156143,48037.0,35211.33963963964,15611.494673177165,14760.300000000001,0.42342342342342343,1125,0,6.006826666666666,0.0,0.0,0
2309,0,203,6593.458128078818,6872.651865562393,25152.0,30166.59014778325,9815.59829098066,33593.600000000006,0.625615763546798,1124,0,5.49761565836299,1.0,8604.0,0
2437,0,206,1018.3810679611651,1104.0690957437466,5880.0,16017.654854368931,3049.2966457858306,17176.100000000002,0.6359223300970874,1123,0,5.583829029385575,2.0,1994.0,0
1825,0,241,2895.6489626556017,3511.0818083855584,25200.0,39592.38506224067,9681.446651767792,58259.0,0.6431535269709544,1122,0,6.538360071301248,2.0,4113.0,0
253,0,177,9724.026553672316,11122.831421002009,47680.0,60816.05141242938,16567.938204056092,106815.1,0.576271186440678,1122,0,4.802032085561498,0.0,0.0,1
474,0,238,1391.033193277311,1519.6001266819176,9500.0,22503.732773109245,5598.171527606838,35171.5,0.6176470588235294,1121,0,6.462729705619982,2.0,2300.0,0
633,0,176,2045.2068181818183,2122.974878381504,11950.0,16885.064772727274,3944.211915794435,19094.0,0.5738636363636364,1121,0,4.7791614629794825,1.0,3177.0,0
2374,0,164,1436.6030487804878,1454.7234010875159,4500.0,19632.25243902439,6653.2586907981495,29082.5,0.5426829268292683,1120,0,4.457285714285714,1.0,2331.0,0
1104,0,204,6035.220588235294,6525.149360415565,24128.0,41578.64264705882,9625.706691138952,50919.8,0.6274509803921569,1120,0,5.544428571428571,1.0,8840.0,0
2692,0,170,2337.3135294117646,2443.0298905312,14750.0,30831.489999999998,7027.290490522181,35932.9,0.5588235294117647,1119,0,4.6244861483467385,1.0,3386.0,0
6927,0,169,8636.512426035504,11603.281617541461,49990.0,29698.968639053255,22418.754786342208,214703.0,0.5207100591715976,1119,0,4.597283288650582,0.0,0.0,0
924,0,202,1309.39900990099,1560.4815573230217,10100.0,16336.213366336635,3982.070813102993,19888.2,0.6089108910891089,1118,0,5.499892665474061,2.0,2212.0,0
3305,0,223,2186.8627802690585,2590.725070689042,11850.0,16277.112556053811,4537.806045949128,13236.0,0.6636771300448431,1118,0,6.071663685152058,2.0,2880.0,0
2237,0,255,5440.421176470588,7270.064970711656,35360.0,47307.18392156863,11957.690372747094,61914.19999999999,0.7058823529411765,1114,0,6.967863554757631,3.0,7087.0,1
1917,0,160,1892.55,1789.8303450749024,4415.0,17214.695,3618.8250980517564,21510.800000000003,0.56875,1114,0,4.371992818671455,1.0,2943.0,0
1685,0,143,8852.225174825175,11959.986558458868,46638.0,28579.27972027972,19867.73735585777,50015.79999999999,0.5594405594405595,1114,22,3.907468581687613,1.0,7968.0,1
791,0,162,2043.4216049382715,1985.323751238621,6800.0,18546.51049382716,4042.4699404669236,24633.099999999995,0.5740740740740741,1113,0,4.430619946091644,1.0,3054.0,0
3858,0,196,2637.0270408163265,5618.811068337793,39921.0,29768.12091836735,12066.966508108682,36922.9,0.4642857142857143,1113,0,5.360503144654088,0.0,0.0,1
5001,1,254,12205.929133858268,14164.444553988742,63000.0,54492.879133858274,31793.73048774349,255435.6,0.5826771653543307,1112,0,6.953021582733813,2.0,13880.5,0
1469,0,172,2471.2383720930234,2422.0197023874293,6400.0,26429.76569767442,7462.660970570891,32531.8,0.5930232558139535,1112,0,4.708345323741007,1.0,3574.0,0
3476,0,227,4229.329955947137,4936.973540395746,18914.0,37527.917180616736,7048.762995268358,51824.700000000004,0.6651982378854625,1111,0,6.2195139513951405,2.0,6307.0,1
8039,1,289,6580.65017301038,10890.487590850418,48584.0,49513.42214532872,23284.1520649014,88977.90000000001,0.7024221453287197,1110,0,7.92536936936937,4.0,8815.5,1
3205,0,164,1764.966463414634,1824.7967497636967,7700.0,21127.634146341465,5437.595094216082,32121.3,0.5792682926829268,1110,0,4.497441441441442,1.0,1564.0,0
5477,1,283,12981.241696113073,13497.249677118753,52700.0,68515.29646643109,27980.559310924895,274003.19999999995,0.5830388692579506,1110,0,7.760828828828829,2.0,13621.3,1
1212,0,169,2876.96449704142,2884.0359046735753,13100.0,17928.800000000003,5686.368632622353,16701.800000000003,0.591715976331361,1109,0,4.638737601442741,1.0,2805.0,0
2095,0,172,8866.266860465115,10026.989910272581,29980.0,49945.70813953489,14116.828134971785,54892.700000000004,0.5697674418604651,1108,0,4.725342960288809,0.0,0.0,1
1137,0,166,1293.3915662650602,1269.210965791746,3182.0,15841.781325301206,2692.5851067634417,20535.8,0.5843373493975904,1108,0,4.5605054151624556,1.0,2121.0,0
2570,0,168,1240.7916666666667,1255.3351903653702,3900.0,16138.095833333335,2581.2257856393744,18285.8,0.5892857142857143,1108,0,4.615451263537906,1.0,2051.0,0
3092,0,183,2161.7453551912567,2196.08662862013,9000.0,18756.666666666668,3568.5266344075635,18130.2,0.6229508196721312,1107,0,5.032086720867209,1.0,2311.0,0
5661,0,199,12878.243718592965,15939.089604499082,77700.0,35439.40100502512,31821.487598013133,411994.1,0.48743718592964824,1107,0,5.4720505871725384,1.0,1653.6,0
809,0,192,7809.628125,8169.574574499874,29427.0,23150.908333333336,10563.919357767601,39707.4,0.625,1107,0,5.279566395663957,1.0,8298.0,0
522,0,225,3760.9751111111113,4380.067026772608,16224.0,24365.707555555557,9546.938796049917,26586.2,0.6577777777777778,1107,0,6.1869918699187,2.0,5007.0,0
2630,0,181,8403.417127071823,9583.673014645765,29580.0,29780.107182320444,10571.345395333943,31713.299999999996,0.5911602209944752,1106,0,4.981591320072333,0.0,0.0,0
957,0,204,1477.3862745098038,1560.4046252464411,10400.0,18574.9887254902,4207.403341814247,13037.6,0.5490196078431373,1105,0,5.619692307692308,1.0,2126.0,0
1682,0,181,2381.2303867403316,5250.84122426687,38645.0,37003.21270718232,13313.475329116894,38797.5,0.47513812154696133,1105,0,4.986099547511312,0.0,0.0,0
3587,0,230,1191.5447826086956,1382.4309900710793,11400.0,16270.833913043478,3919.8061973723156,17818.1,0.6347826086956522,1103,0,6.347416137805984,2.0,2167.0,0
4269,0,206,12677.733009708738,15411.332595459768,80700.0,61529.04805825243,28032.28742455649,509449.4,0.45145631067961167,1103,0,5.6850770625566645,0.0,0.0,0
3338,0,174,6077.190804597701,6179.704649042276,20994.0,23359.147126436783,10287.202946197927,49284.0,0.5747126436781609,1103,0,4.80195829555757,1.0,7531.0,0
3655,0,251,4708.410756972112,5862.498324974075,23118.0,29768.115936254977,9583.51739588681,38263.90000000001,0.7051792828685259,1103,0,6.926962828649139,3.0,6996.0,0
84,0,211,11255.514691943128,12736.119203704624,48660.0,47136.309004739334,28438.604467682642,293281.6,0.5165876777251185,1102,0,5.828348457350272,2.0,14161.0,0
4439,0,162,2271.8987654320986,2566.1483408898803,16320.0,23390.92037037037,6558.552280451911,33422.4,0.5061728395061729,1102,0,4.474845735027223,0.0,0.0,0
4462,1,199,9752.94824120603,13965.803448524277,87300.0,31561.578894472364,30072.08540061993,359143.1,0.5175879396984925,1100,0,5.506872727272728,1.0,2770.3,0
3814,0,23,2347.8260869565215,2395.8049634569384,11100.0,19230.434782608696,6194.16402625808,10800.0,0.43478260869565216,1100,440,0.6364727272727273,0.0,0.0,0
2780,0,163,6553.957055214724,6798.229816777644,21008.0,43098.23006134969,10422.981479546996,44789.799999999996,0.5460122699386503,1098,0,4.518870673952642,0.0,0.0,1
3273,1,260,15059.539230769231,20495.278534007848,78900.0,34594.554615384615,29214.69139046738,282201.6,0.5307692307692308,1098,0,7.208014571948999,1.0,7876.0,0
3559,0,196,5414.276530612245,6045.527845534967,21100.0,41269.95867346939,9787.945262433055,60776.99999999999,0.6122448979591837,1097,0,5.438687329079308,1.0,4418.0,1
3968,0,171,7489.00701754386,8346.947451357004,26600.0,59682.374853801164,19937.079698683505,105315.0,0.5730994152046783,1095,0,4.7536438356164386,0.0,0.0,0
2159,0,233,7497.266523605151,9231.54870708997,46400.0,40695.68240343348,14907.132447026179,54621.9,0.6824034334763949,1095,0,6.477187214611873,2.0,8719.0,0
849,0,136,7691.832352941176,11685.81638006413,48778.0,25172.996323529413,25821.31308672312,154848.6,0.4632352941176471,1095,0,3.7806757990867585,0.0,0.0,0
2288,0,199,8013.108040201005,8969.374438364783,31695.0,63542.704522613065,14956.529423316588,80621.29999999999,0.628140703517588,1095,0,5.532018264840183,1.0,5411.0,0
3051,0,337,11551.54005934718,14418.996382524467,54100.0,71166.71394658754,24884.309239498234,485928.2,0.6350148367952523,1095,0,9.368292237442922,3.0,4911.0,1
946,0,174,7751.016666666666,8731.653663003675,26212.0,41133.96034482758,12155.247977463094,33571.7,0.5747126436781609,1095,0,4.837041095890411,0.0,0.0,0
2075,0,234,958.5111111111112,1139.1131775606505,5190.0,18418.01111111111,3016.686363206035,19826.399999999998,0.688034188034188,1095,0,6.504986301369864,3.0,2200.0,0
8931,1,360,10654.2025,14238.736872262043,63800.0,61704.816666666666,30117.109174012476,691624.7,0.5222222222222223,1095,0,10.007671232876714,3.0,11147.7,1
9225,1,264,9705.639015151515,13570.899183686955,64000.0,52243.14772727273,25713.482967682008,398552.7,0.4621212121212121,1095,0,7.33895890410959,1.0,3421.5,0
3278,0,158,10313.029746835442,10940.400442423232,32583.0,55770.737341772154,13879.61294057084,83193.5,0.5316455696202531,1094,0,4.396270566727606,0.0,0.0,0
2811,0,230,14351.670869565216,14434.716297730267,56900.0,61565.47652173913,28428.397012461613,222997.49999999997,0.5304347826086957,1094,0,6.39963436928702,2.0,16564.9,1
1670,0,188,1468.293085106383,1613.7074404367456,10400.0,17940.171808510637,3854.998506849338,24321.9,0.6117021276595744,1094,0,5.231005484460695,2.0,2554.0,0
275,0,208,1117.8009615384615,1267.0419873391054,3390.0,17578.780288461538,3317.7834028690836,18097.4,0.6490384615384616,1094,0,5.787495429616088,2.0,2260.0,0
1455,0,173,3299.1433526011565,3990.1377396701305,30560.0,19472.489595375722,11571.195577486764,9076.600000000002,0.5260115606936416,1093,0,4.81804208600183,0.0,0.0,0
1311,0,194,5802.930927835052,6279.872288747308,29120.0,21178.313402061856,8786.239652090333,17735.4,0.6030927835051546,1093,0,5.402891125343092,1.0,9327.0,0
6678,1,274,14978.199270072993,15000.375469388655,63900.0,66044.00583941606,26269.29422051663,754504.2000000001,0.4854014598540146,1093,0,7.630887465690759,1.0,6133.0,0
145,0,204,3228.8191176470586,3538.8768418316595,28900.0,43671.09362745098,12153.884548405458,62413.9,0.5392156862745098,1093,0,5.681390667886551,1.0,4815.0,0
312,0,197,4650.144670050761,4934.447419483509,17595.0,33743.765989847714,13381.228694179363,60277.3,0.5939086294416244,1093,0,5.486440988106129,1.0,7814.0,0
2233,0,167,2320.1562874251495,2562.4935715827664,11450.0,22669.375449101797,6655.736293726074,44104.9,0.562874251497006,1093,0,4.650942360475755,1.0,2028.0,0
3530,0,182,2393.793406593407,2531.122521195754,8350.0,16209.006593406595,4964.714861275364,14471.199999999999,0.5989010989010989,1093,0,5.0686916742909425,1.0,1977.0,0
7828,0,236,2990.9533898305085,4442.6543977850315,34560.0,34803.80550847457,12221.54335092259,53629.0,0.4406779661016949,1091,0,6.584637946837764,0.0,0.0,0
9024,1,263,4368.276806083651,5788.361238420141,26080.0,26800.231558935364,9702.246100473483,37163.59999999999,0.5817490494296578,1091,0,7.337965169569203,2.0,7742.0,0
1711,0,257,1267.5365758754865,1535.0781093932096,7800.0,23529.08287937743,4350.371665859363,25731.7,0.6498054474708171,1091,0,7.170559120073327,3.0,2529.0,0
2223,0,164,1880.9445121951221,1789.859635969471,4396.0,16219.135975609755,3177.0030867143155,13789.7,0.5548780487804879,1091,0,4.5757653528872595,1.0,2930.0,0
646,0,189,3909.319047619048,3872.2382292824027,13954.0,24151.968253968254,7691.083683814244,19444.099999999995,0.5873015873015873,1090,0,5.278128440366973,1.0,4876.0,0
2548,0,165,2890.10303030303,3921.853186056123,30720.0,30574.640606060606,9684.22011540031,31801.800000000003,0.4727272727272727,1090,0,4.607889908256881,0.0,0.0,0
2567,0,170,1675.4823529411765,1708.2603956110922,7900.0,16442.556470588235,6170.153936413638,23978.8,0.5352941176470588,1089,0,4.751882460973371,1.0,2574.0,0
2153,1,274,8566.142700729928,11366.798848273322,46166.0,33462.46897810219,16922.43837381247,182969.1,0.7153284671532847,1089,0,7.658916437098256,4.0,19392.5,1
1243,0,74,4836.078378378378,9979.534601006042,46024.0,51733.60675675676,22085.83877434569,110553.0,0.33783783783783783,1089,0,2.0684664830119375,0.0,0.0,1
3238,0,231,7247.474025974026,9074.356630916682,34560.0,38765.65800865801,11835.279649370113,58086.49999999999,0.683982683982684,1089,0,6.456969696969697,2.0,8902.0,0
954,0,258,1931.5007751937985,2182.4256322520314,9800.0,32361.281782945738,6511.9123734844,31032.0,0.6550387596899225,1088,0,7.218308823529411,3.0,3505.0,0
9633,1,276,9646.733333333334,12492.126865986553,54400.0,48328.87210144927,25691.40002039701,708191.4,0.463768115942029,1088,0,7.721911764705882,1.0,2476.8,0
2716,0,225,7036.230222222222,8368.690047095208,30804.0,32749.823555555555,13115.38817351879,40086.59999999998,0.6666666666666666,1088,0,6.295036764705882,2.0,8445.0,1
1580,1,208,11338.72403846154,13825.601084444124,63100.0,48646.030288461545,24187.562506658713,243300.2,0.5480769230769231,1088,0,5.819411764705882,1.0,8094.2,1
1483,0,230,2864.9995652173916,3400.75914215129,30080.0,31660.485652173913,12059.639330471691,58298.700000000004,0.5869565217391305,1087,0,6.4408463661453546,2.0,4663.0,0
1263,0,193,12024.405699481864,14738.94862275767,59700.0,60570.106735751295,27281.306734830407,169930.3,0.5077720207253886,1087,0,5.404710211591537,0.0,0.0,0
3966,0,176,1665.0295454545455,1731.4276326552258,7400.0,19759.93238636364,4819.315512385192,26192.0,0.5852272727272727,1087,0,4.928647654093837,1.0,1754.0,0
3937,0,163,2192.8723926380367,2336.452633703874,14800.0,18403.83558282209,4804.954452895996,28023.0,0.5521472392638037,1086,0,4.568802946593002,1.0,3385.0,0
1591,0,180,9493.011666666667,13510.995364381697,57300.0,64614.852222222224,24945.112251352268,258016.09999999998,0.55,1086,0,5.045303867403315,3.0,7859.0,1
658,0,167,1876.6814371257485,1838.7072501520672,4655.0,20773.648502994012,5011.755353021222,28794.600000000002,0.562874251497006,1086,0,4.680920810313076,1.0,2703.0,0
3638,0,202,12584.199999999999,13878.071814634024,55600.0,51904.29653465347,20803.120530012002,337554.39999999997,0.5841584158415841,1086,0,5.66195211786372,1.0,14417.0,0
2605,0,189,2777.3460317460317,2735.4973215524947,10500.0,22972.949206349207,6332.747346729749,38852.399999999994,0.544973544973545,1086,0,5.297569060773481,1.0,4245.0,0
3661,0,152,2141.5513157894734,2017.359879440718,4966.0,19765.672368421056,4757.422539251669,28679.8,0.5592105263157895,1085,0,4.264405529953917,1.0,3310.0,0
2686,0,174,2383.997701149425,2527.8610990676793,9800.0,17756.40977011494,4059.618240240529,16426.4,0.5804597701149425,1085,0,4.881622119815668,1.0,1996.0,0
2944,0,229,2566.607423580786,3641.1503153689387,37600.0,29461.389519650656,11113.651571412838,46469.899999999994,0.5851528384279476,1085,0,6.424663594470045,2.0,3599.0,0
4994,1,206,10195.773300970874,11910.029478045712,52200.0,56216.580097087375,20852.17755570333,469236.5,0.49029126213592233,1085,0,5.779391705069124,1.0,7178.8,0
3949,0,85,4194.128235294118,8594.128943154985,46499.0,32793.93764705882,14617.871114552254,27296.499999999996,0.38823529411764707,1085,0,2.384700460829493,0.0,0.0,1
332,0,199,1631.4386934673366,1776.2565511818575,12600.0,31728.858793969852,5200.616378330182,25840.3,0.542713567839196,1084,0,5.588154981549816,1.0,2385.0,0
69,0,196,2556.811224489796,6192.134772010795,43725.0,29508.924489795918,13399.45388118724,63471.399999999994,0.37244897959183676,1084,0,5.5039114391143915,0.0,0.0,0
3673,0,193,1383.7341968911917,1444.231119031385,8700.0,26625.68652849741,4952.514421675205,15797.500000000002,0.538860103626943,1084,0,5.419667896678967,1.0,1939.0,0
5267,1,233,12308.34721030043,14531.272019204771,63800.0,43747.95836909871,30244.98996322155,576658.9,0.51931330472103,1084,0,6.542915129151292,1.0,5388.5,0
3170,0,198,3181.207575757576,3401.1429865439263,22800.0,32868.0494949495,7376.372904735807,43383.1,0.5404040404040404,1084,0,5.5600738007380075,1.0,4187.0,0
1632,0,221,15866.535746606334,16310.176712295524,64400.0,74616.44389140271,26979.479013128417,183324.4,0.49321266968325794,1083,0,6.211671283471838,1.0,1977.6,0
2143,1,228,7506.293859649123,8841.481207162866,33669.0,33956.61929824561,13254.36374889735,29591.000000000004,0.6842105263157895,1083,0,6.408421052631579,2.0,9249.0,1
1227,0,278,3871.101079136691,5115.069335845239,27520.0,34450.784892086325,10499.32865226242,23640.099999999995,0.7122302158273381,1083,0,7.813776546629732,4.0,8936.0,1
204,0,159,1165.8125786163523,1176.633713626849,2926.0,17153.330188679247,3917.239267659754,25128.2,0.5786163522012578,1083,0,4.469030470914127,1.0,1950.0,0
1093,1,243,14952.230452674898,17753.073709455675,72206.0,47677.04485596708,21965.70408554677,486713.2,0.6213991769547325,1082,0,6.836340110905731,2.0,18283.8,0
1486,0,244,7085.170081967213,9205.067016454248,35110.0,46622.39672131148,11503.880002396438,65355.500000000015,0.7049180327868853,1081,0,6.8708233117483815,3.0,8118.0,1
4253,0,205,15130.900975609757,17566.048101843327,61878.0,64453.61512195122,23496.900507774855,229830.69999999998,0.6146341463414634,1080,0,5.777962962962963,2.0,11469.2,1
1196,0,194,12765.253092783505,13173.806832590179,60700.0,59505.311340206186,29686.19277745782,96427.5,0.5412371134020618,1080,0,5.467925925925925,1.0,12445.0,0
3442,0,162,1345.295061728395,1343.6057190166391,3500.0,16987.076543209874,3618.420374490381,22461.8,0.5864197530864198,1080,0,4.566,1.0,2230.0,0
9051,0,144,5660.520138888889,10599.51931690545,61100.0,21831.83402777778,24056.278003901632,248918.1,0.4375,1079,0,4.062428174235404,0.0,0.0,0
3373,0,201,7064.048258706467,8993.669039597213,47100.0,25976.4184079602,12887.208658534608,36595.7,0.6417910447761194,1078,0,5.6757328385899815,2.0,9211.0,0
1036,0,199,8915.719095477387,10641.563507425159,36248.0,55690.8135678392,13525.565925218849,78262.09999999999,0.6432160804020101,1078,0,5.619257884972171,1.0,4095.0,1
3727,0,241,3989.9896265560164,5034.179051040359,20480.0,51164.93319502075,18031.2126458532,78671.5,0.6514522821576764,1077,0,6.811550603528319,3.0,8464.0,1
2844,0,167,9205.276646706587,10523.648117053313,46400.0,59471.90479041916,15742.066483859919,88165.2,0.5688622754491018,1077,0,4.720037140204271,0.0,0.0,0
10297,1,228,7538.232017543859,8315.556147916177,43680.0,49500.00219298246,17997.991480146393,77686.9,0.6008771929824561,1077,0,6.444122562674094,2.0,18673.0,1
3755,0,230,13595.305217391306,14183.557836464091,51300.0,51505.77478260869,26429.56154550045,392015.0,0.5217391304347826,1076,0,6.506691449814127,2.0,16456.1,0
1298,0,199,4696.342713567839,5200.095956674345,20100.0,28960.2608040201,7634.368909473177,40976.2,0.628140703517588,1076,0,5.629702602230484,1.0,5822.0,0
1139,0,266,10980.987969924812,14498.999854998652,62600.0,69995.91729323308,30461.291111379847,450838.8,0.6203007518796992,1076,0,7.525130111524164,5.0,10247.8,0
660,0,233,5250.792274678112,6634.440047379105,41120.0,40718.686266094424,14573.96389210379,79330.59999999999,0.6652360515021459,1076,0,6.591561338289964,2.0,6572.0,1
335,0,178,2130.738202247191,2141.750016800408,5800.0,23439.423033707862,4619.903648869057,29041.399999999998,0.6179775280898876,1076,0,5.035613382899629,1.0,2697.0,0
412,0,215,10383.282325581396,11083.574214590722,48001.0,58670.5223255814,22818.742401930635,749626.5,0.4790697674418605,1075,0,6.088,1.0,8727.0,1
2863,0,222,3521.9234234234236,4033.6892995309186,22720.0,38456.94639639639,10373.035461802849,51415.0,0.5990990990990991,1075,0,6.286213953488372,2.0,6168.0,0
2274,0,183,2031.5814207650274,4987.059413174464,48069.0,34034.890163934426,12934.567287465348,48615.799999999996,0.4644808743169399,1075,0,5.181879069767442,0.0,0.0,0
2522,0,191,9275.793193717278,10040.899583173537,34839.0,23695.609947643978,17160.487147377877,624467.1,0.47643979057591623,1075,0,5.408409302325581,0.0,0.0,0
4981,1,227,7811.218061674009,9258.660462205471,34960.0,35846.18986784141,14627.255031700886,15770.500000000004,0.6828193832599119,1074,0,6.4337802607076355,2.0,8666.0,0
771,0,225,6659.559555555556,8650.523015304469,33100.0,35725.256,12619.572135111326,35264.90000000001,0.68,1074,0,6.37709497206704,2.0,5030.0,0
3832,0,218,2859.7688073394493,3193.0918580368543,11670.0,22090.07110091743,4974.862927601492,16281.6,0.6376146788990825,1074,0,6.178696461824954,2.0,4336.0,0
1508,0,157,13341.11847133758,15434.320698950572,66300.0,45874.360509554135,26301.297755238487,237174.8,0.5095541401273885,1074,0,4.449795158286779,2.0,10624.7,0
3784,0,226,2783.136283185841,2922.68667149668,11122.0,25976.564159292036,7963.498356682668,39012.8,0.6238938053097345,1074,0,6.405437616387338,2.0,4943.0,0
9645,1,230,11498.068260869566,13822.038699683148,52322.0,45596.187826086956,17455.81246095632,240967.7,0.6478260869565218,1073,0,6.524883504193849,2.0,10076.0,0
3947,0,223,6906.191031390135,9132.304526468299,33120.0,45876.66681614349,14239.083301349408,28188.599999999995,0.6771300448430493,1073,0,6.326300093196645,2.0,3088.0,0
2416,0,182,7173.81978021978,7171.810158352763,25330.5,29570.12307692308,11979.898814126193,6809.200000000001,0.5989010989010989,1073,0,5.163168685927307,1.0,9425.0,0
2243,0,231,4690.964069264069,5778.503436708435,22240.0,38174.63073593073,10280.472286133758,32456.699999999997,0.6796536796536796,1072,0,6.559365671641791,2.0,4437.0,0
3993,0,195,7494.1871794871795,8181.809716707045,30022.0,59291.135897435895,16854.750476625966,82138.5,0.6256410256410256,1072,0,5.537126865671642,1.0,7616.0,0
2225,0,163,1768.1680981595093,1821.1372396507238,10600.0,17122.57055214724,3987.3869053652315,17415.399999999998,0.588957055214724,1072,0,4.628470149253731,1.0,1946.0,0
1759,0,207,3460.7951690821255,4404.188509317876,20800.0,20563.064734299518,10442.771172250366,62708.6,0.6473429951690821,1071,0,5.883361344537816,2.0,3722.0,0
2207,0,163,10199.521472392638,11029.065462859595,33214.0,41246.01288343558,13514.13178593242,36885.99999999999,0.558282208588957,1071,0,4.632791783380019,0.0,0.0,0
3803,0,181,3439.3607734806633,3623.3966037035634,23400.0,23462.76574585635,6207.220766658965,24568.3,0.5580110497237569,1070,0,5.149196261682243,1.0,5188.0,0
2754,1,239,13063.555648535566,17865.188662515393,62868.0,40543.766945606694,21646.249970128334,199697.8,0.6736401673640168,1070,0,6.799214953271028,3.0,10093.3,0
3009,0,146,1860.7082191780823,1800.4598613920007,8300.0,20382.725342465754,4471.9858572629955,22829.399999999998,0.541095890410959,1070,0,4.153495327102804,1.0,2739.0,0
314,1,223,12577.95201793722,14677.433894615076,59900.0,39265.57309417041,17914.321437717572,234441.30000000002,0.6278026905829597,1070,0,6.34403738317757,2.0,16476.0,0
554,0,209,2134.1157894736843,4650.114152640345,33568.0,34221.41244019139,10849.660035707173,24666.6,0.41626794258373206,1070,0,5.945757009345795,0.0,0.0,1
2217,0,36,2647.222222222222,2362.1402052389585,11900.0,20222.222222222223,5175.663441868304,23700.0,0.4722222222222222,1069,19,1.0251075771749298,0.0,0.0,0
262,0,21,2819.0476190476193,2312.2757291506236,9800.0,14104.761904761905,5552.249651310375,22600.0,0.47619047619047616,1069,49,0.5979794200187091,0.0,0.0,0
2214,0,168,5989.405357142857,6410.046349503686,20110.5,35564.7625,10604.517834596434,43944.1,0.5595238095238095,1069,0,4.783835360149673,1.0,948.0,0
976,0,194,8031.661855670102,9111.722703255653,42400.0,46651.150515463916,12412.769918384918,54666.399999999994,0.6237113402061856,1069,0,5.5241908325537885,1.0,5244.0,0
1439,0,161,1296.1105590062111,1276.6879251407959,3183.0,15752.708074534161,2721.0895181658193,19493.8,0.5838509316770186,1069,0,4.584508886810102,1.0,2122.0,0
417,0,186,13283.724193548389,15389.827603853484,61000.0,54333.94892473118,31878.94166191377,559438.3,0.45161290322580644,1069,0,5.296389148737137,0.0,0.0,1
3084,1,200,8215.2605,9887.341426394672,46081.0,31399.733500000002,22503.117800588516,299385.7,0.56,1068,0,5.700374531835206,1.0,7042.0,0
4204,0,57,3856.908771929825,7365.084388331413,36085.0,22243.17894736842,9565.414374261818,14668.600000000004,0.42105263157894735,1067,31,1.6261293345829428,0.0,0.0,0
9504,1,198,14207.610606060605,16591.649838199948,61500.0,44112.28787878788,19259.360611814012,203558.9,0.5959595959595959,1067,0,5.648659793814433,1.0,5688.0,1
414,0,193,6878.444559585492,7408.820861387397,27102.0,31386.52020725389,10775.383654096728,65463.799999999996,0.6217616580310881,1067,0,5.50601686972821,1.0,7870.0,0
4424,0,154,3897.981168831169,4398.032276269366,26900.0,41934.387662337664,12934.853336672166,80013.09999999999,0.5194805194805194,1067,0,4.39340206185567,1.0,720.0,0
3389,0,247,12933.859109311741,13888.926381666572,63400.0,64549.11578947368,25458.51989042514,471510.0,0.5141700404858299,1066,0,7.053170731707318,1.0,4882.0,0
2106,1,185,5007.847567567568,5208.537116319019,18513.0,22391.497297297297,7957.900687725323,26879.799999999992,0.6108108108108108,1064,0,5.292669172932331,2.0,11928.0,0
355,0,232,4748.121551724138,4944.163289357248,22200.0,34587.394396551725,9504.670872933073,226946.2,0.5517241379310345,1064,0,6.637293233082707,2.0,7939.0,0
2702,0,210,8726.708095238095,11876.960208703267,47200.0,39901.16523809524,17896.565998945807,42698.70000000001,0.6571428571428571,1064,0,6.007894736842105,2.0,3566.0,1
11054,1,232,6369.175431034482,6189.813338648898,22780.0,33725.21767241379,10776.168011513662,289684.7,0.5086206896551724,1064,0,6.637293233082707,2.0,13988.0,0
10558,0,235,9206.767659574467,13149.380700576483,58500.0,53497.83659574468,35496.592534128584,353528.8,0.5361702127659574,1064,0,6.723120300751879,0.0,0.0,1
1859,0,182,2564.2027472527475,2702.9403527538107,13950.0,17789.331868131867,4076.2117884886898,20148.9,0.6098901098901099,1063,0,5.211740357478834,1.0,2826.0,0
2109,0,88,4105.13409090909,6959.131781011992,29972.0,52020.35681818182,19187.50402068651,103989.0,0.375,1063,0,2.5199623706491066,0.0,0.0,0
6512,0,184,5434.191847826087,5535.709537660282,20693.0,23558.790760869564,14205.814757651598,455854.1,0.42391304347826086,1062,0,5.273973634651601,0.0,0.0,0
1963,0,204,8282.259803921568,10246.852460033111,44800.0,67975.32745098039,18829.73125658209,81415.0,0.6470588235294118,1062,0,5.847231638418079,1.0,3175.0,1
1977,0,167,3924.4574850299405,4666.47288230135,22000.0,26065.210179640715,7764.542160597169,38708.4,0.5568862275449101,1062,0,4.786704331450094,0.0,0.0,0
5181,1,154,6636.248701298701,8795.601244615364,48957.0,39458.024675324676,17375.88776462743,150323.1,0.512987012987013,1062,0,4.414086629001884,1.0,6652.5,0
1791,0,196,5088.687244897959,5278.464000823564,19573.5,40693.679081632654,8829.833356171866,24274.7,0.6173469387755102,1062,0,5.6179284369114875,1.0,6956.0,0
2635,0,183,12323.253551912569,13798.164302670482,63600.0,61821.63551912569,17672.37620750406,379079.4,0.5191256830601093,1061,0,5.250254476908577,0.0,0.0,1
1623,0,200,9236.536,10320.519641128476,37760.0,37631.786,14811.342106503502,42911.20000000001,0.64,1061,0,5.737983034872761,1.0,9160.0,0
4293,1,208,12978.68221153846,15191.677680548719,63500.0,56157.72211538461,24773.67329084716,215979.9,0.5432692307692307,1061,0,5.967502356267672,2.0,9358.0,0
4851,1,232,12159.365517241378,14658.032363598883,60700.0,47859.32284482759,27979.310781954548,183489.59999999998,0.5775862068965517,1061,0,6.656060320452403,2.0,10187.2,0
2774,0,171,2597.1730994152044,2703.2254865103587,16960.0,20562.66549707602,5486.652263848215,24064.6,0.543859649122807,1060,0,4.910603773584906,1.0,3628.0,0
2469,0,154,1370.6675324675323,1345.7629610391955,3600.0,18595.041558441557,3062.420814047916,20276.0,0.577922077922078,1060,0,4.422415094339623,1.0,2220.0,0
3931,0,169,8592.946153846153,9621.544901158024,36000.0,56362.926627218934,13590.809768432751,63891.899999999994,0.5739644970414202,1060,0,4.853169811320755,0.0,0.0,1
2348,0,204,5433.599999999999,6634.797981615367,30200.0,24379.69901960784,9489.48799869821,27178.399999999998,0.6470588235294118,1060,0,5.858264150943397,2.0,6406.0,0
218,0,224,16161.141964285713,16552.43424390952,59800.0,50781.81428571429,32021.9814225434,618595.0,0.45089285714285715,1059,0,6.438677998111426,1.0,3182.0,0
804,0,214,2883.5205607476637,3529.6547660447754,22880.0,44129.95373831775,12118.686388529506,71506.6,0.6355140186915887,1059,0,6.15123701605288,2.0,3024.0,1
923,0,182,2066.873076923077,2224.481558990255,10050.0,21122.997802197802,4035.368699620098,29654.9,0.6098901098901099,1058,0,5.236370510396976,1.0,2087.0,0
1744,0,165,2292.0048484848485,2397.3322282610884,11400.0,20503.7503030303,5030.135200719278,24164.800000000003,0.5696969696969697,1058,0,4.74725897920605,1.0,3317.0,0
2890,0,222,7813.154504504505,10204.458307666218,36000.0,37417.98828828829,14044.986326292545,43358.3,0.6756756756756757,1058,0,6.387221172022685,2.0,5653.0,0
1233,0,165,1386.9763636363637,1353.1351033032786,3390.0,15438.292727272727,2923.475091572416,13135.1,0.5696969696969697,1057,0,4.751750236518449,1.0,2260.0,0
2719,0,178,2277.0955056179773,2413.9355538563523,11700.0,20284.0797752809,4309.171339274765,18067.0,0.601123595505618,1057,0,5.126130558183538,1.0,2889.0,0
516,0,173,2608.1109826589595,2616.2907450011517,6800.0,30491.201156069365,6137.404846541205,30155.2,0.5895953757225434,1057,0,4.982138126773888,1.0,3736.0,0
2551,0,239,11784.50460251046,14449.959383529458,64500.0,39427.12594142259,27597.536516188353,320213.39999999997,0.5774058577405857,1057,0,6.882838221381268,3.0,16809.0,0
2499,0,254,2248.0807086614172,2868.776676065296,25800.0,29055.214566929135,7168.149988476583,40490.5,0.6535433070866141,1057,0,7.314815515610218,3.0,3903.0,0
2893,0,188,1139.5867021276595,1237.9872725684515,6030.0,18669.128723404257,3263.6830300875986,21735.5,0.6542553191489362,1057,0,5.414115421002839,2.0,2254.0,0
1922,0,167,7973.829341317365,11000.377710378922,64900.0,73530.22574850298,20143.154372980684,53902.7,0.5389221556886228,1056,0,4.813901515151515,0.0,0.0,1
264,0,189,2626.1349206349205,2770.3396459616342,19520.0,31264.259788359785,6621.807742793759,35403.5,0.5132275132275133,1056,0,5.448068181818182,1.0,3307.0,0
3890,0,194,3719.2711340206183,4360.684961596283,39680.0,33903.8293814433,12938.321367308186,50591.8,0.5412371134020618,1055,0,5.5974976303317545,1.0,5467.0,0
6686,1,188,11411.327127659575,12675.861133626891,43684.0,38920.757978723406,14631.459690332646,522391.5,0.5212765957446809,1055,0,5.424379146919432,1.0,4853.8,0
3519,0,193,1740.9694300518133,3160.8765779263717,23812.0,27460.761139896375,7364.18959389886,31872.699999999997,0.42487046632124353,1055,0,5.568644549763034,0.0,0.0,0
3597,0,209,12632.988995215312,14747.37023174104,61300.0,61404.9933014354,25756.122601640258,361322.7,0.5167464114832536,1054,0,6.036015180265655,2.0,6516.7,1
1611,0,216,3915.138425925926,4973.280402427331,28400.0,48298.67592592593,12778.079451374935,61869.1,0.6481481481481481,1054,0,6.238178368121442,2.0,3806.0,1
2230,0,160,2094.20625,2233.392810585676,11900.0,27005.797499999997,5727.003193412079,31806.200000000004,0.59375,1054,0,4.6208728652751425,1.0,2612.0,0
3933,0,153,7141.547058823529,8948.334692887203,46242.0,38320.61176470588,16759.65920583262,461155.89999999997,0.43137254901960786,1054,0,4.418709677419355,1.0,1616.2,0
2212,0,160,2173.441875,2130.2315108622997,7450.0,22170.057500000003,5141.605465375438,28742.7,0.55625,1053,0,4.625261158594491,1.0,3206.0,0
1964,0,172,2540.603488372093,2582.1437217463017,10500.0,19112.48081395349,4666.767585479394,15713.0,0.6162790697674418,1053,0,4.972155745489078,1.0,2438.0,0
4999,1,253,8620.774308300395,10174.007220699094,46500.0,46892.63754940712,21685.65106408263,284146.10000000003,0.6442687747035574,1053,0,7.31369420702754,3.0,17943.5,1
8680,1,250,4331.576,5460.360938779687,21430.0,21190.57,8119.801137356803,23225.600000000006,0.552,1053,0,7.226970560303894,3.0,14545.2,0
1612,0,160,9605.129375,10696.13814814021,31758.0,38087.095625,13010.810401399896,45573.9,0.5625,1053,0,4.625261158594491,0.0,0.0,0
2390,0,222,12016.263963963964,14019.15451801436,55600.0,48465.93468468468,29585.08366576066,397853.4,0.5540540540540541,1053,0,6.417549857549857,3.0,16023.0,0
2600,0,263,15477.263117870723,16049.76363456454,63400.0,73472.6885931559,30557.10071296044,414729.8,0.5095057034220533,1052,0,7.61,1.0,4379.0,1
1737,0,206,4335.2495145631065,4921.335079821105,24320.0,36217.68592233009,7945.0244873954325,44518.6,0.6553398058252428,1052,0,5.9606844106463885,2.0,5432.0,0
2993,0,220,12505.413181818181,13753.998813089407,62300.0,61115.69727272727,26571.04234078848,696610.9,0.43636363636363634,1052,0,6.365779467680609,0.0,0.0,1
2753,1,213,7560.499061032864,8641.399980103406,33032.0,32738.738967136152,11541.988682469646,72959.5,0.647887323943662,1052,0,6.163231939163499,2.0,9637.0,0
2409,0,192,3893.8109375,4145.723410399469,15442.0,44878.825000000004,10225.86364485886,70404.9,0.59375,1052,0,5.555589353612167,1.0,5028.0,1
949,0,167,5991.911377245508,6510.65521975572,33000.0,39108.71437125748,19049.34052576464,179199.6,0.5149700598802395,1052,0,4.832205323193917,0.0,0.0,0
3468,0,220,3543.3995454545457,4416.683649377166,19360.0,45163.167272727274,14514.511708852368,84173.1,0.65,1051,0,6.371836346336822,3.0,5685.0,0
3979,0,183,4283.118032786885,4496.3222763381855,16000.0,30377.548633879782,9019.659848803412,29283.8,0.6065573770491803,1051,0,5.300209324452902,1.0,6256.0,0
296,0,165,1768.5903030303032,1886.6880617808479,11200.0,15898.633333333333,4242.994738882788,14050.6,0.5454545454545454,1051,0,4.778877259752616,1.0,2646.0,0
1836,0,227,5662.453303964758,6969.741926166806,29500.0,35071.55154185022,9937.808143678452,50070.09999999999,0.6740088105726872,1050,0,6.5808380952380965,2.0,8351.0,0
1111,0,182,8244.253296703297,9594.364631655128,35200.0,42480.94395604396,13304.742240536565,44851.3,0.6208791208791209,1049,0,5.281296472831269,1.0,3962.0,0
3680,0,189,1968.605291005291,2063.877922765356,5800.0,22581.125925925924,5481.471923226654,30139.6,0.656084656084656,1049,0,5.484423260247856,2.0,3500.0,0
1916,0,177,2925.1118644067797,2931.0587074672853,11700.0,31559.679096045198,12130.018136802717,63096.0,0.5084745762711864,1049,0,5.136205910390848,1.0,4269.0,0
2473,0,182,1021.0027472527472,1152.752142547177,3930.0,17263.795054945054,3149.7423408833465,22547.7,0.6428571428571429,1049,0,5.281296472831269,2.0,1996.0,0
390,0,273,16573.025274725274,17371.59398698308,80400.0,73060.6282051282,28240.02935678808,822219.5,0.45054945054945056,1049,0,7.921944709246902,1.0,4977.0,1
3439,0,181,6983.032596685082,7395.651079128146,26571.0,35868.42872928177,12418.838111377996,70904.09999999999,0.5966850828729282,1049,0,5.252278360343184,1.0,7541.0,0
7594,1,323,7555.9662538699695,11806.376527180535,58700.0,52439.92755417957,23625.60250981978,462299.5,0.6904024767801857,1049,0,9.372850333651098,5.0,8742.0,0
3578,0,189,4939.270899470899,6043.483635864979,46720.0,57316.43968253968,14560.765022848147,84695.4,0.6084656084656085,1048,0,5.489656488549618,1.0,4051.0,1
2226,0,222,6439.734684684685,7871.791680902423,29232.0,36308.06711711712,10379.163669707645,38898.30000000001,0.6756756756756757,1048,0,6.448167938931298,2.0,8082.0,0
466,0,34,2755.8823529411766,2673.9133931794795,15000.0,44535.294117647056,15179.848730690006,60700.0,0.2647058823529412,1047,27,0.9885004775549189,0.0,0.0,0
3335,0,143,1413.2195804195803,1457.2598368198696,7890.0,21979.116083916084,4357.794110938585,26903.600000000002,0.5454545454545454,1047,0,4.157516714422159,1.0,2170.0,0
620,0,35,2380.0,2192.7420384210322,10900.0,17991.428571428572,4470.7132888303595,12100.0,0.45714285714285713,1047,27,1.0175740210124165,0.0,0.0,0
2074,0,208,8023.29951923077,10702.928830216786,41400.0,36895.60817307692,17069.115172126083,64199.49999999998,0.6682692307692307,1047,0,6.047297039159504,2.0,4922.0,0
1380,0,224,7654.904464285714,9403.571579722122,35768.0,49204.668750000004,14612.954065878857,68911.79999999999,0.6875,1046,0,6.518699808795411,3.0,11129.0,0
2304,0,130,12188.49076923077,15375.478477644303,55500.0,40727.04230769231,18962.361431035413,238061.40000000002,0.47692307692307695,1046,0,3.783173996175908,0.0,0.0,0
3754,1,312,6847.788461538462,10519.98429288902,44342.0,49882.260897435895,18266.862664295022,461454.0,0.7275641025641025,1046,0,9.07961759082218,5.0,9829.0,0
1102,0,182,2966.5516483516485,3000.4022071952318,10782.0,26461.482417582418,8423.648621662478,52603.6,0.5659340659340659,1046,0,5.296443594646272,1.0,3559.0,0
55,0,150,1991.6206666666665,1890.4424283233075,4629.0,16824.92466666667,3377.835206182464,20988.3,0.5666666666666667,1046,0,4.365200764818356,1.0,3086.0,0
2403,0,191,2225.3303664921464,2091.204666345862,9200.0,25153.71832460733,5869.47740489366,19731.3,0.5497382198952879,1045,0,5.563674641148325,1.0,3031.0,0
1732,0,176,9055.599431818182,9859.946136059754,48600.0,54506.12613636363,18657.160459846396,64838.700000000004,0.5965909090909091,1045,0,5.126736842105263,1.0,8050.0,1
3721,0,189,1147.0079365079366,1380.9765286381385,7710.0,19614.36084656085,3534.02177786691,19813.7,0.656084656084656,1044,0,5.510689655172414,2.0,2260.0,0
184,0,163,8628.81717791411,9690.956894207204,29546.0,46222.39263803681,13188.42271961676,67050.4,0.5705521472392638,1044,0,4.752605363984674,1.0,1623.0,0
691,0,154,2443.238961038961,2399.7567251787714,9100.0,17262.60194805195,4868.6099284721,22456.000000000004,0.538961038961039,1044,0,4.490191570881226,1.0,3342.0,0
10233,1,291,6021.619243986254,9097.695112718015,35871.0,33274.17560137457,14378.408545497308,231334.4,0.7319587628865979,1044,0,8.484712643678161,5.0,9740.7,0
3358,0,187,1109.653475935829,1204.626011667175,3279.0,19508.96577540107,3339.2561644040643,22218.4,0.6524064171122995,1044,0,5.452375478927204,2.0,2186.0,0
4,0,186,1886.9430107526882,1956.9044905858864,5553.0,21753.44623655914,5009.975051533267,33720.6,0.6505376344086021,1044,0,5.423218390804598,2.0,3363.0,0
3151,0,221,3709.672398190045,4782.3100219367325,25400.0,59227.64705882353,25351.963802307346,107238.8,0.6470588235294118,1044,0,6.443716475095786,2.0,4444.0,1
2017,0,220,1794.2695454545453,1815.0982010566934,8900.0,21950.496363636365,4734.217719323788,13974.5,0.5909090909090909,1044,0,6.41455938697318,2.0,2671.0,0
2804,0,160,3074.67625,3555.059733126724,25100.0,38944.639375,9129.2643219973,55501.4,0.53125,1043,0,4.66960690316395,0.0,0.0,0
1310,0,158,3247.3639240506327,3652.519633837609,17800.0,21273.19113924051,5392.567753264818,17236.7,0.5506329113924051,1043,0,4.611236816874401,0.0,0.0,0
3016,0,194,5757.437628865979,6537.793536284584,23170.0,33764.737113402065,9220.565069079188,46276.1,0.6185567010309279,1042,0,5.667332053742803,1.0,8517.0,0
827,0,151,1382.2920529801324,1398.637203019338,4230.0,20692.35033112583,4906.034777331197,28959.3,0.5695364238410596,1042,0,4.411170825335893,1.0,2260.0,0
959,0,180,1679.2994444444446,1793.127549436229,4900.0,17771.989444444444,4145.1916439782335,24145.1,0.6333333333333333,1042,0,5.258349328214972,2.0,2759.0,0
1585,0,83,3731.7879518072286,6968.236423864899,36654.0,34425.35662650602,12212.32255826549,30317.19999999999,0.46987951807228917,1042,0,2.4246833013435705,0.0,0.0,0
590,0,146,5893.655479452054,6113.31660031839,18132.0,39951.40616438356,8844.286130808801,59026.899999999994,0.5205479452054794,1041,0,4.269202689721422,0.0,0.0,0
3924,0,150,2033.7013333333334,1943.4639064229314,6800.0,20299.636,4488.8109005440365,24388.4,0.5666666666666667,1041,0,4.3861671469740635,1.0,3093.0,0
2772,0,185,4761.122162162162,5138.777543969805,24200.0,38344.82810810811,12804.230916141722,73508.79999999999,0.5567567567567567,1041,0,5.409606147934679,1.0,7594.0,0
1962,0,258,12988.658914728681,18815.892311444946,69710.0,53403.21550387597,22784.34099095202,475513.2,0.6821705426356589,1041,0,7.5442074927953895,3.0,3733.0,0
10478,1,193,11961.10932642487,14110.747869443934,61500.0,55270.81450777202,29098.761216788313,180517.5,0.5025906735751295,1041,0,5.643535062439962,1.0,5575.3,0
5692,0,151,7208.854304635762,9716.930219410757,41707.0,38475.21456953642,19154.343220423565,421848.6,0.44370860927152317,1040,0,4.419653846153846,1.0,1653.6,0
1265,0,159,2674.914465408805,3203.5050831197755,21600.0,24323.130188679246,7087.97877893281,43444.6,0.5849056603773585,1040,0,4.6538076923076925,1.0,1870.0,0
167,0,177,15568.289830508473,15610.998014777786,55100.0,65461.670621468926,27493.06607067738,498587.3,0.4350282485875706,1039,0,5.185640038498557,0.0,0.0,1
2187,1,222,13587.443243243242,15326.503733363334,63600.0,65723.19684684684,27414.008284581338,315208.4,0.536036036036036,1039,0,6.504023099133783,1.0,4456.0,0
3079,0,175,1266.4805714285715,1483.5959042059546,7650.0,18251.846285714288,2967.315700069645,19307.3,0.6285714285714286,1039,0,5.127045235803658,2.0,2299.0,0
3286,0,232,12342.900862068966,13394.986425819103,62200.0,55449.41465517241,28040.52576987373,600605.4,0.4870689655172414,1039,0,6.7969971126082775,1.0,11785.0,0
230,0,251,5174.9,6702.158704483206,26239.5,37089.06533864542,12444.187758951313,11813.1,0.7211155378486056,1039,0,7.353647738209818,3.0,8200.0,0
3193,0,189,7309.851322751322,7767.283154452893,28005.0,30772.80052910053,12301.949757852766,15655.100000000002,0.6296296296296297,1038,0,5.5425433526011565,1.0,9641.0,0
5593,1,291,12471.849484536084,14522.175623468174,64700.0,63700.10996563574,29041.045458646575,572719.8,0.5567010309278351,1038,0,8.533757225433526,2.0,9746.8,1
4088,0,251,8074.049003984064,12518.570361971411,49512.0,39533.254980079684,27511.50248367263,446288.7,0.6334661354581673,1035,0,7.382067632850242,4.0,7890.7,0
3409,0,148,2181.583783783784,2190.591035365808,9400.0,15483.122297297297,3467.087670658192,15747.6,0.5337837837837838,1035,0,4.352772946859903,1.0,3167.0,0
1216,0,174,1652.5178160919538,1682.8933922506062,9600.0,20078.07183908046,4319.04528934334,21111.3,0.5114942528735632,1035,0,5.117449275362318,1.0,2349.0,0
2491,0,218,2439.185779816514,2868.2408636187333,10518.0,22927.605504587154,6179.049227928818,26315.7,0.6559633027522935,1035,0,6.41151690821256,2.0,3233.0,0
2498,0,185,3815.729189189189,4010.6909862228786,14436.0,29764.67783783784,8363.873296212943,43483.1,0.6,1035,0,5.440966183574879,2.0,6021.0,0
3366,0,218,4628.45,5431.309881787692,20864.0,41007.19220183486,8331.773945929399,50363.3,0.6743119266055045,1034,0,6.417717601547389,2.0,5572.0,1
936,0,184,1574.5195652173911,1767.2232524153271,4507.0,17632.152717391305,3957.319322718323,22884.799999999996,0.625,1034,0,5.41678916827853,2.0,3004.0,0
856,0,261,3570.6176245210727,4865.693252511336,19210.0,42189.32260536398,9168.209260268015,42626.4,0.7318007662835249,1033,0,7.691035818005808,4.0,5737.0,1
718,1,281,9901.693950177936,12698.639650149784,62400.0,48722.65551601423,26331.213360550555,419566.8,0.6334519572953736,1033,0,8.280387221684414,4.0,20301.0,1
3698,0,64,1239.75625,1908.4634304479464,11500.0,18253.071875,4013.0712933149066,22344.4,0.234375,1033,13,1.8859244917715392,0.0,0.0,0
3462,0,226,3186.157079646018,3558.5832577671654,14028.0,28609.45796460177,9651.178478574095,39784.7,0.6415929203539823,1032,0,6.666124031007752,2.0,6234.0,0
3881,0,210,2596.2819047619046,2956.2380513136336,15520.0,25145.944285714286,6156.202138217521,33206.4,0.5952380952380952,1032,0,6.194186046511628,2.0,4507.0,0
3709,0,280,3037.656071428571,4155.260218166831,17157.0,43587.02857142857,7716.687386351667,52144.9,0.725,1031,0,8.266925315227935,4.0,7625.0,1
1349,0,196,2212.6285714285714,2362.3035146837465,7900.0,17725.019387755103,4962.898535583206,16248.399999999998,0.6479591836734694,1031,0,5.786847720659554,2.0,3813.0,0
1886,1,209,9407.5004784689,11009.933121257687,40614.0,30650.175119617223,14295.880684270453,312900.2,0.6267942583732058,1031,0,6.17066925315228,2.0,8710.7,0
1897,0,278,12671.406834532374,15719.224423946189,63300.0,56811.32410071942,27649.373577312603,361153.10000000003,0.6187050359712231,1031,0,8.207875848690593,4.0,12615.5,0
1564,0,203,2393.155172413793,3868.649222064024,29349.0,32603.278325123152,9680.559299232844,39405.3,0.4236453201970443,1031,0,5.993520853540253,0.0,0.0,0
2062,1,269,11799.427881040892,16303.92285903035,64642.0,47496.08178438662,20803.015382288915,630125.3,0.6579925650557621,1030,0,7.949864077669903,3.0,10425.5,1
141,0,241,9088.932780082987,12003.018319529574,45248.0,36935.868464730294,17614.505798808303,222478.0,0.6804979253112033,1030,0,7.122368932038835,4.0,14985.5,0
1763,0,219,7503.968949771689,9410.166441846373,34173.0,43599.13424657535,12499.202407848028,63632.399999999994,0.680365296803653,1030,0,6.4721941747572815,2.0,6685.0,1
2611,0,145,7651.126206896552,8072.619768140644,24700.0,65489.926206896555,14500.804450122661,67766.5,0.5172413793103449,1030,0,4.285242718446602,0.0,0.0,1
825,1,218,5533.658715596331,6171.192756704943,23817.0,33872.480733944954,10640.089057399695,41748.799999999996,0.6238532110091743,1030,0,6.4426407766990295,2.0,13658.0,1
3943,0,154,1200.6175324675326,1303.3192926445508,7560.0,17505.47077922078,3764.697219394374,18432.300000000003,0.551948051948052,1030,0,4.551223300970874,1.0,1942.0,0
9422,1,269,11788.277695167288,16304.762790846407,64642.0,50556.80855018587,19813.77421734711,633925.9,0.6579925650557621,1030,0,7.949864077669903,3.0,10425.5,1
1606,0,185,2563.09027027027,5872.714606395044,39516.0,42192.28972972973,13642.7600916739,79095.7,0.4702702702702703,1029,0,5.4726919339164235,0.0,0.0,1
3263,0,55,1944.7145454545455,2436.7037582994035,12500.0,30407.29090909091,6993.5790264084035,42959.299999999996,0.21818181818181817,1029,39,1.627016520894072,0.0,0.0,0
2289,0,185,6070.7740540540535,6800.022090731167,27840.0,31121.782162162162,10085.327650912295,38713.600000000006,0.6270270270270271,1029,0,5.4726919339164235,1.0,5309.0,0
3121,0,154,1862.433116883117,1785.0626808003972,4400.0,15733.343506493506,4605.395723530937,15411.899999999998,0.551948051948052,1028,0,4.5600778210116735,1.0,2902.0,0
3088,0,185,8608.445405405404,9868.83633639537,37440.0,41204.18486486487,13401.85596135476,60996.799999999996,0.6324324324324324,1028,0,5.478015564202335,1.0,5866.0,1
3952,0,189,2241.7698412698414,4087.285665249197,37200.0,24715.5,10257.535254688144,20126.900000000005,0.656084656084656,1028,0,5.596459143968872,2.0,1505.0,0
3974,0,184,6028.08804347826,6579.314618403934,22816.0,35241.00489130435,9031.638141490634,34061.4,0.6195652173913043,1028,0,5.448404669260701,1.0,4670.0,0
3502,0,181,8889.616574585636,10025.565103421652,38880.0,52551.23204419889,12696.547759168883,77689.79999999999,0.6132596685082873,1028,0,5.359571984435798,1.0,5258.0,1
3351,0,169,2134.0041420118346,2127.9980811773885,6300.0,31983.069230769233,6441.217433682566,25459.899999999998,0.591715976331361,1028,0,5.004241245136187,1.0,2700.0,0
2105,0,168,1852.8958333333333,1993.6413188099732,10600.0,21092.10714285714,4541.651044737391,16291.7,0.5892857142857143,1027,0,4.979474196689386,1.0,1546.0,0
3144,0,158,2478.9854430379746,2387.9706840486792,6200.0,17610.177215189873,3704.0554876072965,15834.1,0.5949367088607594,1027,0,4.683076923076923,1.0,3786.0,0
846,1,229,12440.168558951966,14224.667598504877,58600.0,66175.48427947599,29068.813648684478,468909.39999999997,0.5065502183406113,1027,0,6.787497565725414,1.0,7795.5,1
357,0,181,1043.7165745856355,1155.3585957765963,3103.0,20034.424309392263,3605.4598074872215,22671.1,0.6519337016574586,1026,0,5.370019493177389,2.0,2068.0,0
103,1,185,9268.925945945946,12850.754258462357,62700.0,48288.86648648649,26255.444713777342,500303.1,0.4540540540540541,1026,0,5.488693957115011,1.0,7370.2,0
3118,0,187,6281.004812834224,6770.550740199936,24468.0,35883.24438502674,11537.2223688032,56473.1,0.6203208556149733,1026,0,5.548031189083821,1.0,8886.0,0
4361,1,208,16012.252403846154,18738.09053775376,67614.0,76110.075,22979.50056388212,582796.9,0.5480769230769231,1025,0,6.17709268292683,1.0,7512.7,1
1722,0,192,7881.742708333334,9346.61107845985,40960.0,47219.71302083333,12465.039068891514,65591.8,0.6354166666666666,1025,0,5.701931707317073,1.0,4472.0,0
4273,0,140,11330.204285714286,13318.302712027165,47067.0,37191.39,23865.183227558417,130808.2,0.5214285714285715,1025,18,4.157658536585366,2.0,12804.2,0
1510,0,176,8611.010227272727,9016.617081069688,38720.0,36097.70397727273,13122.882355172525,38120.99999999999,0.5965909090909091,1025,0,5.226770731707317,1.0,9985.0,0
895,0,181,1046.5530386740331,1090.2417535442635,2966.0,16357.151933701658,3083.0267120620138,17767.3,0.6187845303867403,1024,0,5.380507812499999,2.0,1977.0,0
840,0,186,9460.210752688172,10976.24504349291,44000.0,44844.35967741935,15922.365831477186,62764.399999999994,0.6290322580645161,1024,0,5.529140625,1.0,4606.0,0
2263,0,186,6602.009677419355,7375.612388992699,30880.0,50867.720430107525,15036.578700449892,90924.19999999998,0.6182795698924731,1024,0,5.529140625,1.0,7927.0,1
356,0,178,7152.87808988764,7973.3260516913115,27624.0,56427.59438202248,11033.068959247752,75090.70000000001,0.6179775280898876,1024,0,5.291328125,1.0,4188.0,1
4863,1,261,10388.822988505746,13643.525576368005,57063.0,60857.08045977011,19935.53105580108,507210.0,0.6666666666666666,1024,0,7.7586328125,3.0,15676.3,1
3455,1,190,12340.97842105263,14301.404757316697,50602.0,52673.515789473684,22665.10508041858,260428.3,0.6052631578947368,1023,0,5.653567937438906,1.0,5622.5,0
4092,0,145,5484.153793103448,6242.514869959825,38880.0,51008.79034482758,17060.524404785887,82824.7,0.5241379310344828,1023,0,4.314565004887586,0.0,0.0,1
10807,1,190,12352.042105263157,14293.599666332919,50602.0,55795.21578947368,21415.820852048873,259130.4,0.6052631578947368,1023,0,5.653567937438906,1.0,5622.5,0
2598,0,207,13209.785990338165,15665.413464819072,78900.0,55289.96280193237,34470.55585288285,591319.5,0.46859903381642515,1022,0,6.165440313111546,0.0,0.0,1
2633,0,232,19789.124137931034,18006.074580115903,74400.0,74686.47931034482,29364.48380330773,314200.8,0.46551724137931033,1022,0,6.910058708414873,0.0,0.0,0
1800,0,206,6531.295145631068,7821.745492268973,29059.5,38430.290291262136,11145.447515045636,60881.19999999999,0.6699029126213593,1022,0,6.1356555772994135,2.0,6746.0,0
1698,1,213,6360.667136150235,7370.058317563861,28840.0,46668.52253521127,10807.976172640174,54674.49999999999,0.676056338028169,1022,0,6.3441487279843445,2.0,13585.0,1
3994,0,157,15329.596178343949,16460.86648496617,66600.0,53427.70318471338,29528.096597242424,307733.4,0.4713375796178344,1022,0,4.676203522504893,0.0,0.0,0
1365,0,185,1585.422162162162,1576.6430959670352,10000.0,43136.69513513513,12168.492992803178,71921.5,0.5081081081081081,1021,0,5.515572967678746,1.0,2314.0,0
666,1,276,3887.3960144927537,5293.952147486317,21987.0,47634.939855072465,12240.494364021508,81135.7,0.717391304347826,1021,0,8.22863858961802,4.0,8218.0,1
9242,1,218,2770.83119266055,3998.701145797272,28480.0,36277.564220183485,8941.9473356302,44455.6,0.4908256880733945,1021,0,6.499431929480901,1.0,1932.0,0
4346,0,255,12249.816078431373,15229.281591087807,63200.0,63301.91882352941,28477.54622361532,305667.10000000003,0.5882352941176471,1021,0,7.60254652301665,3.0,10785.0,0
3296,0,229,14347.894323144104,17729.032999344705,69132.0,63296.261572052405,23684.736299762902,388866.19999999995,0.6419213973799127,1021,0,6.827384916748286,2.0,14339.0,1
2864,0,243,4348.634156378601,5724.605665782105,21988.5,34659.41275720165,11694.757875305782,53542.5,0.6954732510288066,1020,0,7.251882352941177,3.0,7611.0,0
1980,0,185,4227.66054054054,4322.950635914555,15478.5,27144.450810810813,7950.504835708335,43477.6,0.572972972972973,1020,0,5.520980392156863,1.0,6879.0,0
1445,0,266,2007.860902255639,2449.019290457231,10179.0,24483.83947368421,5875.133002729106,15443.400000000001,0.706766917293233,1020,0,7.9382745098039225,4.0,4524.0,0
821,0,221,1348.3904977375564,1553.763118704283,10400.0,21006.274660633484,4599.4840786164195,21170.7,0.6515837104072398,1020,0,6.5953333333333335,2.0,2087.0,0
5591,1,299,5187.3441471571905,7996.963467264894,33280.0,51147.96220735786,12744.632672870006,330463.5,0.7324414715719063,1020,0,8.923098039215686,5.0,7239.8,0
236,0,26,2553.846153846154,2470.988590703044,12800.0,16650.0,5068.668464202407,13000.0,0.5769230769230769,1020,30,0.775921568627451,0.0,0.0,0
210,0,186,6438.062903225807,7003.670557610151,25120.0,29675.157526881718,9808.385420090868,30198.100000000013,0.6290322580645161,1019,0,5.556270853778214,1.0,7534.0,0
3795,0,206,6482.397087378641,7587.473650527883,28665.0,41933.19174757282,13421.234324246097,61030.200000000004,0.6699029126213593,1018,0,6.159764243614932,2.0,9098.0,0
865,0,166,1282.1524096385542,1365.2493446898177,4700.0,20948.019277108437,5687.115045550176,21087.699999999997,0.6204819277108434,1018,0,4.963693516699411,2.0,2294.0,0
739,0,178,9324.951685393258,10536.04602497371,35418.0,47890.55337078652,13812.866751639502,57079.799999999996,0.6179775280898876,1018,0,5.322514734774067,1.0,5504.0,1
3672,0,216,6222.615740740741,7992.226040762037,29619.0,62907.00509259259,17489.879045913134,97347.40000000001,0.6851851851851852,1017,0,6.465132743362832,2.0,5345.0,1
2334,1,214,5437.592990654205,5267.250655840577,18117.0,32698.8761682243,8391.013290718603,112379.3,0.5327102803738317,1017,0,6.40527040314651,2.0,12720.0,0
1028,0,30,2100.0,2424.728921926652,12200.0,17496.666666666668,4866.38599411084,9600.0,0.4,1017,87,0.8979351032448378,0.0,0.0,0
468,0,209,7532.88947368421,9764.088891914882,34020.0,65305.973205741626,15364.271021426805,86492.3,0.6746411483253588,1017,0,6.255614552605703,2.0,4234.0,1
853,0,215,5496.221860465116,6971.898793476748,35840.0,43293.92837209302,11761.264839400097,26552.1,0.6744186046511628,1016,0,6.441535433070866,2.0,6051.0,1
525,1,188,9630.434574468085,12750.67933459277,49522.0,47845.26489361702,26069.820060264887,290554.3,0.5585106382978723,1016,0,5.63259842519685,2.0,10836.7,0
3322,0,187,8645.412834224599,11465.827739668359,49336.0,48759.01229946524,23601.358379343856,389134.2,0.5294117647058824,1016,0,5.60263779527559,1.0,3421.0,0
2033,0,186,4264.162365591397,4558.328331412118,18080.0,30783.531182795698,8393.691124551448,49624.6,0.6021505376344086,1016,0,5.572677165354331,1.0,4274.0,0
3130,0,162,2123.0925925925926,2379.627563310909,6359.0,48440.74135802469,18695.824014311787,88995.4,0.6049382716049383,1016,0,4.8536220472440945,1.0,1546.0,0
2904,0,170,7280.454705882354,7751.293362649455,33000.0,38085.69235294118,16675.197851949382,430425.7,0.4647058823529412,1016,0,5.093307086614173,0.0,0.0,0
1014,0,160,2454.100625,6167.132984202819,47875.0,25432.8325,12297.470098820731,23509.300000000007,0.50625,1016,0,4.7937007874015745,0.0,0.0,0
116,0,178,9032.74831460674,10392.31409468672,34684.5,35364.60393258427,14669.642369397747,72209.59999999999,0.6179775280898876,1015,0,5.3382463054187195,2.0,6456.0,0
10436,1,189,2794.26455026455,3428.697147243138,24600.0,59367.70476190476,16554.02108193658,85104.40000000001,0.5978835978835979,1015,0,5.668137931034483,1.0,1511.0,0
4214,0,200,12521.4195,14663.461043890635,61700.0,55852.1315,30629.334023077343,433748.5,0.47,1015,0,5.998029556650247,0.0,0.0,0
824,0,180,3433.4566666666665,3453.2273283628397,12165.0,32081.758888888886,10232.665203695766,54068.6,0.5611111111111111,1015,0,5.398226600985222,1.0,5406.0,0
3743,0,230,6322.682173913043,9687.40856205601,44500.0,34962.26304347826,16471.77597692355,63219.299999999996,0.7043478260869566,1014,0,6.904536489151874,4.0,7510.0,1
2192,0,232,6535.900431034483,8926.5768460697,32352.0,28080.816810344826,12494.164321424427,52783.299999999996,0.7068965517241379,1014,0,6.964575936883629,4.0,9030.0,0
2406,0,140,2084.800714285714,2121.3112328336565,11350.0,19678.795714285712,5738.586917016609,28986.500000000004,0.55,1014,0,4.20276134122288,1.0,3186.0,0
2889,0,202,13028.827227722773,15414.795099104125,56037.0,54113.73811881188,20804.637816795617,631001.5,0.5594059405940595,1013,0,6.069970384995064,2.0,8330.0,0
1369,0,215,4198.341395348837,4575.687350184987,17422.0,36369.803720930235,10003.137187691698,54417.799999999996,0.6186046511627907,1013,0,6.46061204343534,2.0,7743.0,0
2767,0,228,5878.552192982455,7847.388311546573,31040.0,43225.13903508772,13739.980981240737,80794.29999999999,0.6885964912280702,1013,0,6.851253701875616,3.0,7272.0,0
4008,0,33,2706.060606060606,2227.7987164939564,9700.0,36200.0,13391.601845933144,67500.0,0.24242424242424243,1013,23,0.9916288252714708,0.0,0.0,0
874,0,205,5875.963414634146,6628.691276525728,24634.0,26722.720975609755,8706.107204163705,217524.50000000003,0.5804878048780487,1013,0,6.160118460019743,3.0,9720.3,0
3815,0,165,11225.2,14785.078635945685,63500.0,48797.09333333334,24969.889755795914,243082.0,0.5212121212121212,1012,22,4.96304347826087,1.0,3162.4,0
3605,0,233,7449.15321888412,10831.878009574824,37045.5,25728.015879828326,12810.85375810684,51403.100000000006,0.7124463519313304,1012,0,7.0084189723320165,3.0,5482.0,0
3138,0,145,1711.4703448275864,4877.699150842368,41361.0,24387.47724137931,9208.84672018152,14116.4,0.47586206896551725,1012,18,4.361462450592886,0.0,0.0,1
2578,0,143,1872.8013986013984,1823.8711938700656,6700.0,15575.411188811187,3616.430143891704,19977.0,0.5594405594405595,1011,0,4.305558852621167,1.0,2846.0,0
2708,0,157,9551.81719745223,10878.150079633157,45440.0,50424.90382165605,13773.684299560507,77097.7,0.5605095541401274,1011,0,4.727082096933729,0.0,0.0,1
631,0,185,1637.9794594594596,1691.3735560798593,9700.0,25283.643243243245,7195.653451788004,42364.6,0.5351351351351351,1011,0,5.5701285855588525,1.0,2394.0,0
1170,0,189,9225.781481481481,9503.523197854322,34190.0,41952.53121693122,14066.720559330313,365949.1,0.5238095238095238,1010,0,5.696198019801981,2.0,15336.3,0
2650,0,186,6416.685483870968,7355.539856392414,27680.0,45916.20268817204,11877.22798582152,77477.90000000001,0.6182795698924731,1010,0,5.605782178217822,1.0,4563.0,0
7890,1,204,2988.130882352941,3176.038694915911,25900.0,29862.169607843134,10943.200821904435,57445.1,0.5588235294117647,1010,0,6.148277227722773,2.0,5957.0,0
3219,0,174,8243.471264367816,8585.013127678167,30399.0,40280.175287356324,12913.107061920566,39930.40000000001,0.6091954022988506,1010,0,5.244118811881188,1.0,8811.0,1
3115,1,206,11196.760194174758,12563.527017299233,48180.0,36220.730097087384,16239.148384154936,206916.0,0.6116504854368932,1009,0,6.214707631318137,2.0,20076.3,0
208,0,274,3953.050729927007,5470.142425151867,22494.0,34084.36715328467,9570.082708826976,19740.3,0.7408759124087592,1009,0,8.266164519326066,4.0,7446.0,0
286,0,174,9557.824137931035,9855.860406450422,35096.0,37723.613218390805,13412.681202275351,34299.8,0.6091954022988506,1009,0,5.249316154608524,1.0,9848.0,1
898,0,217,5819.003686635945,7349.846687748817,26890.5,38934.59447004608,10839.101680339034,44158.200000000004,0.6866359447004609,1009,0,6.546560951437066,2.0,4464.0,0
2936,1,199,4319.995477386935,3598.1182278723304,14500.0,26998.261809045223,11611.131928331532,45255.5,0.5226130653266332,1009,0,6.003528245787909,2.0,12647.0,0
3422,0,177,9503.4197740113,10250.193112870647,40960.0,38262.40677966102,12018.002677595965,36015.70000000001,0.6101694915254238,1008,0,5.345119047619048,1.0,9212.0,1
10049,1,230,3160.7504347826084,3053.651713592363,12900.0,17875.283043478263,5564.658134323672,14449.000000000004,0.5739130434782609,1008,0,6.94563492063492,3.0,10526.0,0
1250,1,221,7404.1352941176465,8987.020554409843,34246.0,27296.216289592758,12893.667266597711,56818.299999999974,0.6832579185520362,1008,0,6.673849206349206,3.0,13935.2,0
1384,0,168,13268.705952380953,14554.600761969514,59100.0,48611.548214285714,21626.60380164417,318659.8,0.5357142857142857,1008,0,5.073333333333333,0.0,0.0,0
2624,0,199,10043.344723618091,10660.859835864989,40104.0,51573.17085427135,16419.317175680935,472056.0,0.5376884422110553,1008,0,6.009484126984127,1.0,10744.0,1
3349,0,175,7382.623428571429,7582.848947018429,27238.0,36782.57428571428,12276.075798187332,37683.49999999999,0.6114285714285714,1008,0,5.284722222222222,1.0,7601.0,0
1351,0,138,1428.3804347826087,1401.0781863832347,4920.0,21981.915942028983,5632.092020936693,29192.899999999998,0.5434782608695652,1007,0,4.171519364448859,1.0,2227.0,0
2631,0,150,1329.1653333333334,1359.0058592100838,3436.0,23832.908,6593.626276022553,34927.2,0.58,1007,0,4.5342601787487595,1.0,2125.0,0
7520,0,175,6829.274285714286,8459.614689621727,26400.0,21535.902285714285,19390.07160634212,-11020.600000000004,0.5485714285714286,1007,0,5.289970208540219,0.0,0.0,0
10065,1,263,15935.443726235742,16034.960322207224,62900.0,73529.31596958176,26375.990504971945,690234.7,0.4714828897338403,1006,0,7.957972166998012,1.0,6483.7,1
708,0,30,2360.0,2566.575606684437,10300.0,17973.333333333332,7489.34568908224,8800.0,0.5,1006,46,0.9077534791252485,0.0,0.0,0
3917,0,268,5462.164925373134,8210.64656820969,33120.0,42557.21268656717,12061.86964916288,64492.6,0.75,1006,0,8.109264413518886,4.0,6256.0,1
514,0,168,5119.8875,5266.486455504323,18322.0,21552.904761904763,8597.196069244383,34083.5,0.5952380952380952,1006,0,5.083419483101392,1.0,5760.0,0
2659,0,160,3292.4837500000003,3532.1967779769325,14080.0,36933.464374999996,8900.266839172366,45579.8,0.5375,1006,0,4.841351888667992,0.0,0.0,0
3265,0,219,13125.093607305937,13862.574338505852,62900.0,53035.72922374429,28839.55309308815,422395.5,0.5251141552511416,1006,0,6.626600397614315,0.0,0.0,0
1832,0,273,5502.758974358974,7502.75084057912,31082.0,30903.565934065933,10947.187153055313,295067.6,0.6703296703296703,1004,0,8.277011952191236,5.0,12000.1,0
7565,1,224,6117.335267857144,7614.798256666891,28780.0,31061.45625,11324.155732715562,36525.900000000016,0.6919642857142857,1003,0,6.798165503489531,3.0,10074.8,0
3308,0,147,7079.374829931972,8363.877892328821,33500.0,28975.52244897959,11405.700489341933,48770.5,0.5374149659863946,1003,0,4.461296111665005,0.0,0.0,0
1932,0,173,5855.031791907514,6360.291422776649,22651.0,13353.526589595376,10227.804503404934,368859.5,0.4682080924855491,1002,0,5.2556087824351305,0.0,0.0,0
1521,0,149,1928.2738255033557,1872.6300023935114,4537.0,16563.238255033557,3729.4718808177718,18043.199999999997,0.5503355704697986,1001,0,4.531028971028971,1.0,3024.0,0
2909,0,187,4374.016042780749,4656.413380623184,24700.0,40696.1320855615,7587.505364575339,43635.4,0.5721925133689839,1001,0,5.686593406593407,1.0,7036.0,0
3706,0,186,2983.4709677419355,2752.4895693773205,9670.0,26301.44516129032,6176.09127884718,34304.0,0.5376344086021505,1001,0,5.656183816183816,1.0,4298.0,0
1847,0,163,2049.723312883436,2306.358596173742,13200.0,40561.48282208589,12780.593635909345,53077.3,0.588957055214724,1001,0,4.956763236763237,1.0,1815.0,0
2335,1,329,3142.5702127659574,5031.198180320351,20988.0,6690.549848024316,12455.335435636205,-2838.5999999999976,0.7021276595744681,1001,0,10.004755244755245,5.0,14286.0,0
3041,0,229,1504.8061135371179,1752.8210074042213,7500.0,22361.29388646288,8219.198417721447,17383.000000000004,0.6593886462882096,1001,0,6.963796203796204,3.0,2700.0,0
3116,0,167,7502.446706586827,7477.499338028389,26637.0,55540.94790419162,11836.047038082072,48825.000000000015,0.592814371257485,1000,0,5.08348,1.0,9037.0,1
251,0,186,3718.3758064516132,3871.0840297812856,13600.0,40080.06344086021,9311.426078926088,35458.3,0.6021505376344086,999,0,5.667507507507508,1.0,3059.0,0
3632,0,107,8744.318691588785,12555.624871168155,45237.0,30526.282242990656,20295.958871572642,153522.1,0.45794392523364486,999,0,3.2603403403403406,1.0,2544.0,0
2929,0,226,11189.996017699115,14032.726212356663,54874.0,66853.78053097345,20457.237556291726,335910.7,0.6371681415929203,999,0,6.886326326326327,3.0,15673.3,0
10345,1,191,3905.2104712041883,4124.924481387863,15171.0,22276.52879581152,8605.466770572619,20975.599999999995,0.612565445026178,998,0,5.825691382765531,2.0,9347.0,0
1450,0,160,2410.41,2521.189464917815,8650.0,37539.358125,8103.521664171362,53500.0,0.58125,998,0,4.8801603206412825,1.0,3103.0,1
1461,0,202,14789.191089108912,17276.580288246823,63256.0,65801.74603960395,22803.37184170695,433719.0,0.594059405940594,998,0,6.161202404809619,2.0,12922.1,0
1920,0,172,3118.0441860465116,3763.787484262515,29600.0,39910.74186046512,9354.684045229624,65526.0,0.47093023255813954,997,0,5.251434302908726,1.0,3570.0,0
734,0,156,1361.3339743589745,1406.968143184155,4800.0,16444.987820512823,3404.526641349303,17542.5,0.5705128205128205,997,0,4.762928786359077,1.0,2228.0,0
8085,1,232,9103.571982758622,12167.438446255264,51500.0,33174.54482758621,21337.952215252662,138025.49999999997,0.6508620689655172,997,0,7.08332998996991,3.0,16221.0,0
1948,0,255,11285.88431372549,14602.603313490727,63900.0,55111.05921568627,29974.688639250006,347395.3,0.5764705882352941,997,0,7.785556670010029,2.0,7300.0,0
3534,0,211,4405.705213270143,5035.248891008393,19689.0,41262.58909952607,9249.648228416687,41511.399999999994,0.6729857819905213,997,0,6.442166499498495,2.0,6264.0,1
278,0,183,7736.238797814208,9258.564815376054,31124.0,58476.68087431694,14071.488566766213,96842.09999999999,0.6338797814207651,997,0,5.58728184553661,2.0,4038.0,1
2012,0,157,2684.871974522293,2692.061309400013,10600.0,29979.459235668786,8163.032687820761,19992.5,0.6114649681528662,997,0,4.79346038114343,1.0,3844.0,0
1020,0,223,980.7811659192826,1251.999243769914,7000.0,18306.152466367712,5433.457900703876,19422.6,0.6771300448430493,996,0,6.815381526104418,3.0,1989.0,0
2986,1,234,6706.533333333334,9771.531414016292,47360.0,51849.88290598291,14149.919375219079,85306.40000000001,0.7222222222222222,996,0,7.151566265060241,3.0,5724.0,1
615,0,182,1037.1010989010988,1169.424337721874,3144.0,20140.650549450547,4482.791087074973,25286.8,0.6318681318681318,996,0,5.562329317269077,2.0,2096.0,0
7894,1,286,10103.442657342657,13058.072599836278,53000.0,54465.68706293706,23658.951028657808,488335.8,0.6258741258741258,996,0,8.740803212851405,3.0,11738.7,1
3294,0,184,4543.963586956522,5301.10864232548,32960.0,44432.44130434783,11716.33549937025,55287.700000000004,0.5706521739130435,996,0,5.623453815261045,1.0,6369.0,1
2450,0,215,7984.090697674418,9885.237717065977,37134.0,65440.99674418605,14578.687892311775,90241.9,0.6837209302325581,995,0,6.57748743718593,2.0,9370.0,1
1503,0,141,2041.9971631205672,1936.713808710269,4757.0,19239.402127659574,3947.494513421829,21437.2,0.5673758865248227,995,0,4.313608040201005,1.0,3171.0,0
3247,0,203,2534.0256157635467,2648.9538143628924,15840.0,27000.147783251232,7068.934381365552,26910.8,0.6059113300492611,994,0,6.21661971830986,2.0,4006.0,0
3568,0,160,2096.81625,2097.8756980308362,8100.0,17196.829999999998,4715.232440015132,16057.000000000002,0.58125,994,0,4.89979879275654,1.0,2626.0,0
152,0,196,2048.4010204081633,2226.0017247669907,9900.0,19915.78214285714,5359.7559830541395,18634.2,0.6122448979591837,993,0,6.008298086606244,2.0,3419.0,0
5072,1,299,5691.730100334448,8503.27252179002,44800.0,47649.79866220736,14131.540289369217,54847.69999999999,0.7725752508361204,993,0,9.165720040281974,5.0,14894.0,0
1456,0,222,17862.352252252254,17369.947729688167,64800.0,68687.22612612612,28043.299055958792,601966.2,0.4099099099099099,993,0,6.805317220543807,1.0,1250.8,1
1622,0,210,2286.0561904761903,2413.0389782016264,16640.0,31840.349523809524,8484.026320256135,33603.4,0.6,993,0,6.437462235649547,2.0,3385.0,0
10215,1,234,4074.9256410256407,5317.623840014361,21466.0,57288.24829059829,13063.27485018013,82176.2,0.7136752136752137,993,0,7.173172205438067,3.0,6120.0,0
2247,1,300,5381.53,10720.48133360534,62200.0,40649.69766666667,22879.384956327547,117177.8,0.7466666666666667,992,0,9.205645161290322,5.0,6667.0,0
2205,0,140,2441.1600000000003,2365.3544775731907,7800.0,20059.114285714284,6385.111965166166,27806.0,0.5642857142857143,992,0,4.295967741935484,1.0,3042.0,0
1543,0,182,2766.1758241758243,6094.375307765225,43300.0,32270.47197802198,13810.802922635756,23368.0,0.36813186813186816,991,0,5.590393541876892,0.0,0.0,0
1655,0,207,5545.630917874397,6496.520445907023,25362.0,33916.412077294684,10926.031256995106,54693.19999999999,0.6763285024154589,990,0,6.364727272727273,2.0,8104.0,0
3976,0,183,2116.6486338797813,2453.7245004605165,7600.0,21195.486338797815,6859.448773265542,31674.3,0.6612021857923497,990,0,5.626787878787879,2.0,2414.0,0
1383,0,172,2444.550581395349,2601.39819983278,8400.0,36375.94011627907,6327.249810392986,32566.3,0.6395348837209303,990,0,5.288565656565656,1.0,2173.0,0
439,0,154,2649.890909090909,6024.7955329758015,41361.0,29111.307792207794,11632.871935737636,28765.6,0.4675324675324675,990,0,4.735111111111111,0.0,0.0,0
1550,0,176,3233.688068181818,3309.4914502079737,11826.0,24524.033522727274,6746.24498088581,36372.7,0.5738636363636364,990,0,5.411555555555555,1.0,4708.0,0
101,0,208,6146.900961538461,7554.9291301534795,46240.0,47642.28125,13336.712590265535,73685.0,0.6586538461538461,989,0,6.401941354903944,2.0,8892.0,0
1473,0,141,1243.6078014184397,1283.2495815629793,6330.0,16054.139716312058,3070.6719914116397,20204.3,0.5673758865248227,989,0,4.339777553083924,1.0,1984.0,0
1121,0,158,7515.031012658227,8650.673061387726,26817.0,50725.46708860759,13885.68036828301,82386.5,0.5822784810126582,988,0,4.867935222672065,0.0,0.0,1
2254,0,244,11264.989344262294,13904.732043428841,60700.0,52806.79631147541,26414.82494563743,440361.4,0.5614754098360656,988,0,7.517570850202429,3.0,14716.3,0
3806,0,220,7006.683636363636,9591.473976131063,33852.0,39276.425,12938.58627512212,54478.00000000001,0.7,987,0,6.785005065856129,3.0,5712.0,1
283,0,148,1949.7864864864866,1915.8115945474742,6950.0,22839.829054054055,4782.037726918006,28072.0,0.5878378378378378,987,0,4.564457953394124,1.0,2802.0,0
2432,0,158,2179.313924050633,2185.960353993557,5880.0,26483.57088607595,6680.1029415606745,40787.2,0.6075949367088608,987,0,4.872867274569402,1.0,2554.0,0
3802,0,148,2044.75472972973,2008.109080205727,5800.0,18968.814864864864,4565.984708666632,16711.3,0.5878378378378378,987,0,4.564457953394124,1.0,3276.0,0
3821,0,177,3495.6293785310736,8973.592949292193,47518.0,27126.52033898305,14423.527752206634,16050.4,0.4124293785310734,987,0,5.458844984802432,0.0,0.0,0
3907,1,173,10772.565317919076,13312.308190135136,49800.0,44806.2289017341,30325.63815516879,121815.59999999999,0.5664739884393064,987,0,5.33548125633232,1.0,5577.3,0
3854,0,205,1243.5517073170731,1471.8575072760996,11400.0,24341.878048780487,4593.5348189811575,27499.7,0.6097560975609756,987,0,6.322391084093212,2.0,2220.0,0
3606,0,143,3209.091608391608,3393.541049324467,12960.0,43359.9979020979,17489.744893783998,69791.7,0.4965034965034965,987,0,4.410253292806484,0.0,0.0,1
1939,0,228,14963.846929824562,20012.276694902517,74529.0,60813.610087719295,26235.7794393959,514655.10000000003,0.6403508771929824,986,0,7.038864097363084,2.0,3983.0,0
5726,0,168,10363.978571428572,12291.026120619123,62100.0,34599.32380952381,22980.91894594619,217133.4,0.5238095238095238,986,0,5.186531440162272,0.0,0.0,0
3998,0,206,5516.62281553398,7200.27179485058,36320.0,36497.3359223301,11918.10938074843,53747.899999999994,0.6747572815533981,985,0,6.366131979695432,2.0,3883.0,0
3021,1,177,7722.888700564972,8478.86457593413,29176.0,31852.170056497172,11102.25224006354,227272.9,0.559322033898305,985,0,5.469928934010152,1.0,3241.8,0
1607,0,169,9580.49349112426,9888.416900771794,34941.0,38766.06213017752,14582.055767346732,21947.000000000004,0.6153846153846154,985,0,5.2227005076142134,1.0,9958.0,0
1733,0,161,12202.47950310559,14242.350745141748,61900.0,47322.86832298137,25731.6920822199,210450.0,0.5403726708074534,985,0,4.975472081218275,2.0,8934.0,0
2474,0,198,1275.8050505050505,1499.8287431762371,8600.0,15536.47121212121,3437.963641478998,15269.0,0.6262626262626263,985,0,6.118903553299493,2.0,2372.0,0
3816,0,33,2921.212121212121,2125.405487159682,9800.0,32772.72727272727,10875.266454415976,44600.0,0.30303030303030304,984,24,1.0208536585365853,0.0,0.0,0
766,0,180,7541.676111111111,8415.521362355641,30092.0,53803.08777777778,16725.68786070745,91545.29999999999,0.6111111111111112,984,0,5.568292682926829,1.0,7032.0,0
695,0,174,9264.57816091954,9850.113038275424,34683.0,33253.614367816095,17362.760875345175,16752.199999999997,0.6206896551724138,984,0,5.382682926829268,1.0,9516.0,0
2287,0,175,9254.719428571429,10263.012334271722,43680.0,58616.245142857144,17766.720238792677,41787.50000000001,0.6285714285714286,984,0,5.413617886178861,1.0,6275.0,1
1358,0,182,2313.397252747253,2401.5101503779033,19700.0,33510.82747252747,12820.200046956848,38969.9,0.5274725274725275,984,0,5.630162601626016,1.0,2980.0,0
3019,0,139,8491.779856115107,8801.498176695482,26600.0,31952.313669064744,9803.932582130332,15128.999999999996,0.5251798561151079,984,0,4.299959349593496,0.0,0.0,0
1641,0,292,12401.52397260274,15559.687344926408,61900.0,60026.04828767124,29014.617872249808,217829.0,0.6232876712328768,983,0,9.042197355035606,4.0,11226.6,0
1624,0,191,1992.8371727748693,2365.0762650060824,11950.0,22454.96544502618,5287.805433165085,14991.5,0.675392670157068,983,0,5.914587995930825,2.0,2137.0,0
798,0,182,1516.7571428571428,1581.9282216950005,10800.0,34400.38791208791,9298.197646349074,49593.4,0.5384615384615384,983,0,5.63589013224822,1.0,2182.0,0
7240,1,187,5752.218716577539,6185.723304871691,22821.0,24208.105882352942,10320.450807468333,51547.09999999999,0.6149732620320856,982,0,5.796619144602851,2.0,11671.7,0
4458,0,86,2847.739534883721,4862.670595834667,21817.0,26109.2,8793.375271218136,21884.399999999998,0.43023255813953487,982,0,2.665824847250509,0.0,0.0,0
3596,0,155,8178.376774193548,8865.292998614044,27697.5,49387.528387096776,11505.995379427055,49780.0,0.5741935483870968,982,0,4.804684317718941,0.0,0.0,0
1709,0,180,6737.131111111112,8274.322248930024,37760.0,52713.29555555555,12051.23830112882,75477.2,0.6277777777777778,982,0,5.579633401221996,1.0,3227.0,1
3859,1,173,10391.469364161849,14328.66838108694,61400.0,31669.115028901735,29971.040552886978,388787.0,0.5317919075144508,982,0,5.362647657841141,1.0,5120.2,0
481,0,189,1998.888888888889,2417.783384770802,6633.0,40692.74867724867,11242.077476816537,58035.6,0.671957671957672,982,0,5.858615071283096,2.0,1889.0,0
1070,0,177,6352.69604519774,7092.7484337827345,24626.0,32127.522033898305,8902.457444788663,36542.8,0.6271186440677966,982,0,5.48663951120163,1.0,5116.0,0
3280,0,190,5193.743684210526,6455.713604466698,25400.0,24200.24842105263,9676.941062126256,30242.899999999998,0.6526315789473685,981,0,5.895616717635067,2.0,4397.0,0
689,0,289,8435.13564013841,13187.392753858661,59700.0,54603.123529411765,26729.50991638917,376356.6,0.6608996539792388,981,0,8.967543323139655,5.0,10257.2,1
4488,0,156,3942.8384615384616,4427.877488375164,21500.0,27140.50576923077,7218.458020472328,36694.4,0.5576923076923077,981,0,4.840611620795108,0.0,0.0,0
2246,1,189,12953.861904761905,14572.606482804991,49000.0,46116.72962962963,29569.62689717362,341311.5,0.5132275132275133,980,0,5.870571428571429,1.0,6930.0,0
3301,0,170,6706.580000000001,7320.89154182546,24258.0,28199.49470588235,11136.249954756939,12594.2,0.611764705882353,980,0,5.280408163265307,1.0,4956.0,0
7997,1,225,12408.077333333333,14427.15445288762,66000.0,52846.786222222225,28720.042786620288,489898.2,0.5244444444444445,980,0,6.988775510204082,1.0,6694.2,0
1542,0,155,2787.777419354839,3150.516597250638,20900.0,19877.111612903223,5755.20708860432,21907.100000000002,0.5935483870967742,980,0,4.814489795918368,1.0,2655.0,0
5395,1,196,9078.154081632652,12311.627247574303,52400.0,52628.79132653061,23737.05125595149,271240.6,0.5510204081632653,979,0,6.094218590398365,1.0,4393.8,0
780,0,178,7782.534269662922,8630.948328600156,30328.0,35394.816853932585,10981.605953436434,51302.69999999999,0.6292134831460674,979,0,5.534545454545454,1.0,6220.0,0
5505,0,189,12898.718518518517,15779.518182401862,61800.0,50744.573544973544,30844.90598554251,571070.2,0.43386243386243384,979,0,5.876567926455567,1.0,2908.2,1
3178,0,169,1022.6656804733727,1119.2490023633477,4050.0,15700.004142011836,2899.637519348531,19540.1,0.6390532544378699,978,0,5.260081799591003,2.0,1952.0,0
500,0,206,9875.775242718446,14645.696012686403,62500.0,45944.99805825242,32986.740309963534,161573.7,0.6116504854368932,978,0,6.411697341513293,3.0,6435.6,0
3451,0,161,7970.203726708075,8398.52259047602,28153.5,31621.937888198758,13072.104369782743,39742.4,0.5962732919254659,978,0,5.011083844580778,1.0,7097.0,0
1304,0,148,10266.36418918919,14214.810135844114,58000.0,49807.84864864864,28231.98057804025,316379.5,0.4189189189189189,978,0,4.606462167689162,1.0,2368.9,1
3664,1,198,12413.416161616162,13746.819609243355,60900.0,66368.94141414142,24708.98782855907,410815.60000000003,0.5202020202020202,977,0,6.169007164790174,1.0,5658.0,1
3038,0,223,15384.790134529148,16137.580022782347,64200.0,74700.65739910313,27670.289610617183,518532.2,0.484304932735426,977,0,6.94792221084954,0.0,0.0,1
951,0,147,1858.1115646258504,1744.8859934307523,4479.0,19997.4925170068,4367.922734982758,20298.0,0.5850340136054422,977,0,4.580020470829068,1.0,2371.0,0
1529,0,226,1321.0836283185843,1509.5876885051537,8200.0,21050.47522123894,4343.295490559746,17192.5,0.6637168141592921,977,0,7.041392016376664,3.0,2599.0,0
3027,0,148,1818.0378378378377,1740.7174456233083,4479.0,19597.406756756758,4181.844487012816,24207.2,0.5878378378378378,976,0,4.615901639344262,1.0,2631.0,0
4342,1,245,10424.276326530613,12689.093203523886,63800.0,68942.87224489795,26408.94540748374,247598.9,0.6,976,0,7.641188524590164,2.0,10307.0,1
1582,0,171,2163.0742690058482,2300.1662812613504,7400.0,24790.835672514622,7864.201606278324,19305.3,0.6198830409356725,974,0,5.344188911704312,1.0,1917.0,0
2730,0,153,1321.1437908496732,1360.8568554034966,3427.0,19163.243790849672,3972.7500231152044,23942.600000000002,0.5751633986928104,973,0,4.78655704008222,1.0,2284.0,0
8896,0,237,14278.75147679325,16095.390579186835,63500.0,52898.43966244726,32070.51899231552,539664.1,0.3924050632911392,973,0,7.414470709146968,1.0,2474.6,0
1716,0,186,5469.296236559139,6617.252248808723,27000.0,25470.095161290323,9867.394491180085,32378.700000000004,0.6451612903225806,973,0,5.818951695786228,2.0,4607.0,0
986,0,163,2278.776073619632,2542.242102603753,13500.0,25152.742944785277,5452.8269318774965,23556.100000000002,0.6012269938650306,973,0,5.099403905447071,1.0,2146.0,0
1192,0,143,5554.734965034965,5829.546383015283,17600.0,44923.374825174826,9292.968659747643,44538.7,0.5384615384615384,973,0,4.473710174717369,0.0,0.0,1
2116,1,224,7329.515178571428,10403.460810738692,55600.0,42200.65580357143,17455.143892661228,262014.6,0.625,973,0,7.0077697841726625,3.0,12413.8,1
4127,1,142,4060.6992957746484,8832.131204671066,45402.0,17675.36971830986,21314.07850650402,60558.3,0.7183098591549296,972,0,4.446995884773663,4.0,15595.2,0
3791,0,251,7549.694023904382,10307.144623054639,41520.0,47936.161752988046,16281.22892140183,444081.2,0.6653386454183267,972,0,7.860534979423869,3.0,7862.0,0
3531,0,167,2473.2383233532933,2618.7229568373687,9450.0,23756.636526946106,6438.120995537113,40650.4,0.6107784431137725,972,0,5.229917695473252,1.0,2868.0,0
2994,1,212,6264.880660377358,7843.075938272588,28603.5,50284.93113207547,12256.998923585257,38418.3,0.6839622641509434,972,0,6.639176954732511,2.0,4571.0,1
1328,0,168,13367.014880952382,14376.685533963378,48747.0,54679.09464285715,20691.830142666586,593070.1,0.4880952380952381,971,0,5.266652935118435,1.0,3249.8,1
97,1,274,4486.337226277372,6547.807720654885,26892.0,39814.61094890511,11713.684886297913,52583.99999999999,0.7554744525547445,970,0,8.598515463917526,5.0,12438.0,1
3648,0,235,1267.8872340425532,1516.8541409092697,6800.0,27590.377872340425,5223.287768469525,38519.1,0.6510638297872341,969,0,7.382249742002064,3.0,2469.0,0
2591,0,163,2128.7214723926377,2169.303568729264,5718.0,20919.186503067485,4401.23682383104,25859.199999999997,0.6012269938650306,969,0,5.120454076367389,1.0,3301.0,0
1614,0,195,8763.905128205128,10110.50376829644,37806.0,60074.84717948717,16649.198422144156,536445.1,0.5538461538461539,968,0,6.13202479338843,1.0,5763.0,0
706,0,135,9134.837777777779,9607.733311026122,27400.0,35887.6162962963,14019.40414948502,50774.7,0.5259259259259259,968,20,4.245247933884298,0.0,0.0,0
2232,0,180,3636.98,4436.38898314444,40960.0,35510.842777777776,13817.49039239045,59172.0,0.5444444444444444,968,0,5.660330578512397,1.0,4916.0,0
2946,0,144,1718.1506944444445,1655.916007168455,4400.0,15229.364583333334,3179.299944504842,15117.300000000001,0.5486111111111112,968,0,4.528264462809918,1.0,2672.0,0
2346,0,193,5540.762176165804,9266.7667933235,48059.0,23892.918134715026,21075.409844310485,195059.90000000002,0.7150259067357513,967,0,6.0754084798345405,4.0,12839.0,0
3736,0,154,2749.970779220779,2933.195331154949,14550.0,30980.745454545453,6793.052768284053,31467.1,0.577922077922078,967,0,4.847735263702172,1.0,3500.0,0
3887,0,174,1520.7793103448275,1724.073226697332,13500.0,38888.120689655174,9066.261757641165,44834.4,0.5402298850574713,967,0,5.477311271975181,1.0,2013.0,0
1672,0,186,6958.118817204301,8215.307421368354,28329.0,47780.09892473119,11177.295014510635,46333.70000000001,0.6451612903225806,967,0,5.8550568769389875,1.0,3898.0,0
1752,0,148,7778.14391891892,8375.054742826278,25653.0,50991.68716216216,11872.039641658017,70096.9,0.5540540540540541,967,0,4.658862461220269,0.0,0.0,1
1996,0,163,10255.551533742331,10734.743221551067,35934.0,45928.95582822086,16565.351526024213,365434.9,0.5153374233128835,967,0,5.131044467425026,1.0,2395.6,1
1244,1,254,1522.234251968504,2005.6337478024602,8200.0,17013.86968503937,4988.453214231781,18842.3,0.7086614173228346,967,0,7.9956153050672185,5.0,4233.0,0
1213,0,148,1974.458108108108,1941.5241800633203,4909.0,19065.007432432434,4620.856365077701,27195.399999999998,0.5608108108108109,967,0,4.658862461220269,1.0,2984.0,0
3928,0,159,2563.7433962264154,5963.653377802336,42613.0,40112.744654088056,12507.610095091768,40417.6,0.42138364779874216,967,0,5.0051292657704245,0.0,0.0,0
1045,0,170,2319.961764705882,2534.2114752309312,10000.0,19213.76823529412,5239.932789209678,17565.1,0.6176470588235294,966,0,5.356935817805383,1.0,1730.0,0
302,0,166,2420.5024096385546,2429.279195425567,6800.0,22883.094578313256,6936.78393800589,17918.999999999993,0.608433734939759,966,0,5.230890269151139,1.0,3236.0,0
444,0,165,3063.629090909091,3100.221978323531,17500.0,34242.09030303031,8152.6938500092465,46784.399999999994,0.5333333333333333,966,0,5.1993788819875775,1.0,4469.0,0
2035,1,282,6949.232269503546,10394.35008693709,44084.0,50484.18262411348,16540.91970235,215473.9,0.7375886524822695,965,0,8.895419689119171,5.0,14433.2,0
3942,1,199,12275.04824120603,14339.101693299772,56600.0,57349.78793969849,27042.731998290586,174388.59999999998,0.542713567839196,965,0,6.277264248704664,2.0,16410.5,0
9494,1,200,5331.221,4785.936349584098,17136.0,26965.392000000003,9023.676958423652,37695.8,0.55,965,0,6.308808290155441,2.0,14482.0,0
913,0,230,4187.62,5030.366256404403,24000.0,35818.507826086956,9252.947606412385,41697.4,0.6782608695652174,965,0,7.2551295336787565,3.0,8984.0,0
3248,0,172,1697.668023255814,1833.197125839958,4965.0,17595.926162790696,3895.7449462398854,21671.699999999997,0.6569767441860465,964,0,5.4312033195020755,2.0,3259.0,0
51,0,192,6887.197395833333,8711.611325834134,30950.0,59944.55625,16569.73783419301,98222.7,0.671875,964,0,6.062738589211619,2.0,4131.0,1
132,1,198,12807.854040404041,13918.902939807269,47976.0,52603.14040404041,27690.955714943986,404270.3,0.5252525252525253,964,0,6.252199170124482,1.0,7370.2,1
3512,0,40,1526.2549999999999,2065.028509761598,11000.0,18502.21,4413.140633572909,14250.2,0.35,964,34,1.2630705394190873,1.0,2063.0,0
6792,1,256,3228.951171875,4560.058709322635,24000.0,32435.2546875,7715.237289643614,40887.1,0.72265625,964,0,8.083651452282158,4.0,5424.0,0
491,0,178,7434.002808988764,8143.325104214491,30032.0,45287.96741573034,12246.006963478092,52013.3,0.6460674157303371,963,0,5.6265005192108,1.0,9090.0,1
9513,1,196,7105.565306122449,8398.424159537795,30489.0,29415.300510204084,10512.328092958276,40110.4,0.6683673469387755,963,0,6.195472481827623,2.0,9846.0,0
684,0,137,1221.4992700729927,1194.7280888957632,2904.0,13567.110948905109,2391.682308502892,16322.199999999999,0.5620437956204379,963,0,4.330508826583594,1.0,1936.0,0
3285,0,146,1235.364383561644,1269.9252054402164,3151.0,19748.351369863012,5112.3472260014805,26754.8,0.5547945205479452,963,0,4.614994807892004,1.0,2100.0,0
3434,0,165,1060.1575757575758,1078.3304472911182,3800.0,15133.664242424244,2734.6416730968567,13572.8,0.6424242424242425,962,0,5.220997920997921,2.0,1971.0,0
2619,0,154,4868.821428571428,4862.926682013195,16965.0,30011.909090909092,8627.23959371524,39871.3,0.5844155844155844,962,0,4.872931392931393,1.0,5454.0,0
6158,1,111,9098.563063063064,12274.798775635814,45900.0,48419.565765765765,24332.959531636745,95970.30000000002,0.5135135135135135,962,0,3.5123076923076924,1.0,5165.2,0
1013,0,137,1273.819708029197,1266.9015911245956,3122.0,16263.526277372264,3990.506207666149,23280.100000000002,0.5693430656934306,962,0,4.335010395010395,1.0,2081.0,0
3523,0,33,2554.724242424242,2317.6746718195673,12800.0,31761.142424242422,12498.30453171625,41105.9,0.2727272727272727,961,31,1.0452861602497399,0.0,0.0,0
136,0,152,2464.5940789473684,2524.8593103086214,8100.0,20929.453289473684,5827.377758044869,27095.1,0.6052631578947368,961,0,4.814651404786681,1.0,2932.0,0
632,0,194,939.4128865979382,1097.0232426956238,3960.0,17630.884020618556,3092.1200030507644,21046.899999999998,0.6958762886597938,961,0,6.145015608740895,3.0,2133.0,0
3769,0,162,2522.982098765432,2694.9608561880127,9900.0,22995.274691358023,5462.670600810374,22923.900000000005,0.6172839506172839,961,0,5.131404786680541,1.0,2050.0,0
2757,0,140,1278.1028571428571,1278.5483919818055,3780.0,16501.259285714284,3183.1922810465912,18617.2,0.5785714285714286,961,0,4.434547346514048,1.0,2077.0,0
360,0,140,11473.299285714285,12116.675451199959,36306.0,50332.51642857143,13938.691522178382,55342.7,0.55,961,0,4.434547346514048,0.0,0.0,1
9199,1,221,4663.406787330317,6323.339472685091,24562.0,13411.599547511312,10206.204952993045,351319.89999999997,0.48868778280542985,960,0,7.0075416666666674,1.0,2454.5,0
2752,0,175,3163.3342857142857,8193.502161347926,48848.0,39792.01714285714,16286.437702870286,39665.899999999994,0.46285714285714286,960,0,5.548958333333334,0.0,0.0,0
10694,0,183,6580.5278688524595,11823.599704648223,63300.0,27619.60983606557,23048.868044163584,51804.600000000006,0.5300546448087432,960,0,5.802625000000001,0.0,0.0,0
76,0,163,3559.665644171779,3719.2465785786753,22400.0,29176.034969325156,6625.197254697108,19634.300000000003,0.5521472392638037,959,0,5.173847758081335,1.0,5208.0,0
1924,0,130,2050.6923076923076,2291.510182201722,12050.0,40815.38615384616,13194.514114960213,69906.8,0.5461538461538461,959,0,4.126381647549531,1.0,1962.0,1
8772,1,192,3912.7635416666667,4753.222941449785,16554.0,15259.591666666667,7671.9046808177445,16598.59999999999,0.5,959,0,6.094348279457769,2.0,9196.3,0
2505,0,170,1488.7341176470588,1739.5318699355314,7450.0,22516.36176470588,4894.763948156684,27193.6,0.6529411764705882,959,0,5.396037539103233,2.0,1961.0,0
7542,1,220,4975.937272727272,4532.370726289081,15914.0,37909.65727272727,13581.756841153872,64727.0,0.5954545454545455,959,0,6.98310740354536,3.0,16919.0,0
1074,0,148,9534.833783783783,10807.905205368828,33016.0,67854.68513513514,16312.802288259116,105596.2,0.5743243243243243,959,0,4.697726798748697,1.0,1416.0,1
3495,0,158,9685.908860759495,12230.140977029254,53700.0,55337.23860759493,22967.676217245396,230242.4,0.5126582278481012,958,0,5.020375782881002,1.0,5079.0,0
1904,0,208,2898.9028846153847,3425.5179864438883,13600.0,29864.923557692306,7756.657167708582,41632.6,0.6586538461538461,957,0,6.616008359456636,4.0,6951.0,0
1040,0,171,12477.516959064327,13882.673592114064,60400.0,49366.58011695906,25374.51058793547,297461.0,0.5146198830409356,957,0,5.439122257053292,2.0,9350.0,0
776,0,233,5363.563090128755,7887.219567369123,29184.0,61756.286266094416,15874.009831036547,90023.00000000001,0.7296137339055794,957,0,7.411201671891328,3.0,3483.0,1
3162,0,167,9065.444311377245,10823.023603976917,49208.0,40401.10299401198,23066.824853566468,161289.2,0.5389221556886228,957,0,5.311891327063741,1.0,9350.0,0
379,0,248,1052.0572580645162,1354.1840310635741,7100.0,15533.0125,3852.302733715417,13894.999999999998,0.7016129032258065,957,0,7.8883176593521425,4.0,2484.0,0
3731,0,139,1185.796402877698,1188.6502028948798,2962.0,18872.96762589928,4307.2966366693545,25358.5,0.5755395683453237,955,0,4.430534031413613,1.0,1974.0,0
1323,0,175,7826.633142857143,8699.278314401945,31538.0,50986.618285714285,15234.45212539421,75901.6,0.6342857142857142,955,0,5.578010471204189,1.0,9720.0,0
580,0,185,3134.9021621621623,3365.663645617322,19040.0,26553.286486486486,5560.749219263953,29863.7,0.6108108108108108,955,0,5.896753926701571,2.0,5286.0,0
2805,0,144,1229.4701388888889,1246.9377068508334,5200.0,16621.135416666668,2896.6818361335163,16206.5,0.5902777777777778,955,0,4.5899057591623045,1.0,2017.0,0
1399,0,249,2548.649799196787,3453.046458506865,13083.0,30223.800401606426,8374.914870667479,37188.6,0.6947791164658634,955,0,7.936712041884817,4.0,5814.0,0
1210,0,147,9145.949659863947,10209.707174818028,30388.0,46821.77346938776,11559.672816833378,44695.4,0.5714285714285714,954,0,4.690440251572327,0.0,0.0,1
8972,1,247,5758.36963562753,8232.089867929513,31636.5,40796.02753036437,11482.290958935926,29604.099999999995,0.6194331983805668,954,0,7.8812159329140465,3.0,7713.0,0
891,0,148,2267.4567567567565,2332.063551431054,6600.0,27697.754054054054,7840.195142063093,44556.399999999994,0.6013513513513513,952,0,4.732268907563025,1.0,1784.0,0
2888,0,162,1481.4753086419753,1636.8968856251022,7900.0,15688.532716049382,2958.958597352872,13131.800000000001,0.6358024691358025,952,0,5.179915966386555,2.0,2392.0,0
832,0,142,1294.8,1302.8806624427943,4100.0,15932.315492957745,2766.203631071398,19232.399999999998,0.5845070422535211,951,0,4.545194532071504,1.0,2135.0,0
1905,0,224,4557.370535714285,5720.35008825702,22681.5,30558.19330357143,10905.470843609051,20335.799999999996,0.7142857142857143,950,0,7.177431578947369,3.0,6803.0,0
7713,1,149,8710.155033557048,11883.48997066505,59800.0,38540.56577181208,19889.772135578613,186603.1,0.5369127516778524,950,0,4.7742736842105264,2.0,12091.7,0
4099,1,255,4679.212549019608,7106.568342970218,27216.0,41713.70039215686,11236.97489265108,51534.0,0.7529411764705882,949,0,8.179346680716543,4.0,4499.0,1
3055,0,184,2126.1342391304347,2535.5748203702433,12600.0,31347.560326086954,6045.47673868942,40341.5,0.6739130434782609,949,0,5.901959957850369,2.0,2419.0,0
1715,0,165,11812.396969696969,13506.067310175933,48572.0,42726.95212121212,33430.09267889431,397027.9,0.4727272727272727,949,0,5.292518440463646,0.0,0.0,0
1646,0,267,12259.158801498126,14456.381559297453,64900.0,65198.097378277154,28991.301975014794,679479.4,0.550561797752809,948,0,8.573291139240506,2.0,8172.0,0
612,0,134,1236.482089552239,1218.3741784749661,4500.0,14442.80895522388,2832.6127359115867,18165.4,0.5597014925373134,948,0,4.302700421940928,1.0,1936.0,0
450,0,140,1867.767857142857,1791.1425864320875,6200.0,14416.954285714286,3155.2674581447995,16112.299999999997,0.5785714285714286,947,0,4.500105596620909,1.0,2404.0,0
10445,1,205,7657.469756097561,10082.379979471778,37120.0,60391.825365853656,16184.912801507231,77584.09999999999,0.6878048780487804,946,0,6.596405919661733,2.0,5185.0,1
268,0,169,10440.4449704142,13198.45984130305,49695.0,42255.36331360947,24788.301219754154,398126.4,0.5325443786982249,946,0,5.438012684989429,1.0,3121.0,0
3240,0,217,8220.808294930875,13186.449695082807,53500.0,36524.15483870968,29125.345399477716,232310.80000000002,0.6728110599078341,946,0,6.982536997885835,4.0,7380.3,0
877,0,192,2295.31875,2415.2135678197546,14080.0,35563.113541666666,9901.9681477408,42870.0,0.5625,946,0,6.178097251585624,2.0,3628.0,1
621,0,191,8538.491623036649,11981.403288629073,41500.0,43956.25863874346,15849.803174043267,51366.70000000001,0.6701570680628273,943,0,6.165471898197244,2.0,3409.0,0
1124,0,261,12580.411877394636,15121.852803396452,63600.0,61667.24482758621,25277.808544258245,592773.1,0.5517241379310345,942,0,8.434012738853504,3.0,8582.7,0
687,0,191,4475.669633507853,5185.775362979345,18946.5,20487.957591623035,7974.42239752444,19989.699999999993,0.6596858638743456,942,0,6.172016985138004,2.0,5442.0,0
3590,0,161,9161.33850931677,9233.981942051476,32822.0,38071.355900621114,12222.458438361768,24110.300000000003,0.6086956521739131,942,0,5.2025902335456475,1.0,8939.0,0
3459,0,146,8467.223287671233,9465.63527332381,28882.0,45521.707534246576,12968.108527663286,85455.4,0.5684931506849316,942,0,4.717876857749469,0.0,0.0,0
2389,0,177,8082.250282485876,9496.800634095891,32244.0,48062.061016949156,12128.92293607352,45351.100000000006,0.6440677966101694,942,0,5.719617834394905,1.0,3912.0,0
2837,0,153,9301.374509803922,10552.526631461358,40640.0,30019.77712418301,12835.895773066986,23351.1,0.5882352941176471,942,0,4.944076433121019,0.0,0.0,0
2190,0,238,10265.27100840336,13419.52607673838,59300.0,55345.19327731092,26441.10344369235,253746.5,0.6386554621848739,940,0,7.7071489361702135,3.0,7921.0,0
3746,0,193,6267.797409326425,7892.450641966582,33440.0,72902.84559585492,15466.923808636964,104119.7,0.6735751295336787,940,0,6.249914893617022,3.0,6242.0,0
2982,1,303,10903.829702970297,17257.76410151727,73128.0,66816.99438943894,22470.5222716473,864515.2000000001,0.6897689768976898,940,0,9.81204255319149,5.0,11994.0,1
9263,1,238,5587.952941176471,7536.020469093958,29685.0,26055.66176470588,11500.51502357695,96942.4,0.5882352941176471,940,0,7.7071489361702135,3.0,13234.3,0
1405,0,191,1473.719895287958,1748.7519098584773,11100.0,33348.47539267016,6754.335896808626,39239.299999999996,0.5759162303664922,940,0,6.185148936170213,2.0,2387.0,0
1954,0,146,1266.4246575342465,1322.2569275901815,4410.0,14908.324657534245,2750.8576951514633,19778.8,0.5684931506849316,939,0,4.732949946751864,1.0,2140.0,0
1973,0,168,996.9238095238096,1064.8906109090108,3510.0,18295.1625,4195.403299858736,23666.0,0.625,939,0,5.446134185303515,2.0,1997.0,0
3448,1,145,9027.861379310345,13202.057997451813,48806.0,38762.159310344825,21179.392572903325,49180.3,0.5862068965517241,938,0,4.705543710021322,1.0,2860.7,0
1913,0,161,1831.4291925465836,1793.7781781633337,8400.0,45324.52360248447,14356.83841469595,69124.9,0.4906832298136646,938,0,5.224776119402985,1.0,2613.0,0
958,0,153,2558.581045751634,2593.7982572492842,8100.0,26170.122875816993,6392.314506257297,17383.699999999997,0.5882352941176471,938,0,4.965159914712154,1.0,3990.0,0
3199,0,195,6604.84564102564,8175.366857490596,29270.0,49153.904102564105,13629.952913438858,276095.7,0.6307692307692307,938,0,6.32814498933902,2.0,3735.0,0
375,0,147,2342.695918367347,2340.363790884199,9300.0,20389.100000000002,5767.772881788117,18389.100000000002,0.5714285714285714,937,0,4.775538954108859,1.0,3824.0,0
1270,1,186,4531.424731182796,4955.511886148943,18696.0,22698.217741935485,6982.161534240242,64038.2,0.6344086021505376,937,0,6.042518676627535,2.0,6239.3,0
9548,1,182,6138.105494505494,7417.531581296277,29600.0,53416.474725274726,17460.614224256486,91829.19999999998,0.6483516483516484,937,0,5.912572038420491,2.0,10575.0,0
3522,0,156,2647.027564102564,2869.172689651456,11300.0,19615.546794871792,5561.2222965984065,22855.1,0.5961538461538461,937,0,5.067918890074707,1.0,2423.0,0
669,0,144,1158.6243055555556,1171.875516685926,2921.0,15483.13263888889,3083.9006052713476,19304.7,0.5625,937,0,4.678078975453575,1.0,1947.0,0
732,0,171,6568.056725146199,7218.186834924752,25399.5,31568.26023391813,11048.088195922403,37772.5,0.631578947368421,937,0,5.555218783351121,1.0,5129.0,0
4585,1,194,4487.170103092783,5252.381830069332,20413.5,38747.5293814433,8241.475830101535,52117.0,0.6701030927835051,936,0,6.3091452991453,2.0,5412.0,1
171,0,153,2366.649019607843,2375.927599245731,6700.0,19808.770588235293,5103.507070824752,15594.100000000002,0.5882352941176471,936,0,4.975769230769231,1.0,3486.0,0
3676,0,135,2140.9577777777777,2053.4826170986616,6200.0,15838.562962962964,3143.132258075112,15391.300000000001,0.5703703703703704,936,0,4.390384615384615,1.0,3319.0,0
1082,0,133,2243.8135338345865,2388.271070054209,11700.0,16721.46992481203,3858.8130436974848,17269.2,0.5639097744360902,936,0,4.325341880341881,1.0,2189.0,0
6699,1,222,6352.967567567568,6138.966773540617,24572.0,38370.17297297298,12820.44366981661,238764.8,0.581081081081081,936,0,7.21974358974359,3.0,15457.2,0
1219,0,164,2897.8408536585366,2866.725863129052,18720.0,24232.573170731706,5527.959165980532,25403.899999999998,0.5426829268292683,936,0,5.333504273504274,1.0,3986.0,0
4803,1,175,2146.9691428571427,2460.578270451761,17900.0,25197.922857142858,7131.670212658341,35752.4,0.5485714285714286,936,0,5.691239316239317,1.0,1232.0,0
1528,1,193,6226.9559585492225,7309.729771123711,29120.0,32866.59378238342,11579.662464796067,63329.3,0.6476683937823834,936,0,6.276623931623932,1.0,3981.0,0
9510,1,167,6025.8251497005995,6500.340261610394,36320.0,36799.77604790419,11047.003515734557,36343.6,0.6047904191616766,935,0,5.436877005347594,1.0,6341.0,0
7926,1,191,12407.59895287958,15326.197979026463,60300.0,51148.23507853403,30068.64880843545,69131.4,0.5759162303664922,935,0,6.218224598930481,1.0,3505.0,0
3591,0,187,8964.889839572192,12182.963688699272,58600.0,44750.99786096256,21883.69212718246,334374.4,0.5347593582887701,935,0,6.088000000000001,1.0,4261.0,1
1058,0,198,7643.254545454545,9917.853640734982,36420.0,57397.43232323232,13959.606709292988,82264.40000000001,0.6919191919191919,933,0,6.459935691318329,2.0,5169.0,1
1431,0,181,2384.958011049724,5770.634212478479,40292.0,22964.4182320442,12966.059535454226,20259.8,0.425414364640884,933,0,5.90529474812433,0.0,0.0,1
181,0,169,4199.891715976331,4430.915914915335,16158.0,35269.255029585795,7826.82608904809,32491.7,0.6153846153846154,933,0,5.513783494105038,1.0,6780.0,1
603,0,171,4765.9473684210525,5360.554235681626,27520.0,48956.2081871345,11544.946424283646,64165.8,0.6081871345029239,933,0,5.57903536977492,1.0,4361.0,1
409,0,164,4069.767073170732,4315.8884168429595,15322.0,32468.706707317077,6802.242399449978,41191.799999999996,0.5914634146341463,933,0,5.3506538049303325,1.0,6810.0,0
3584,0,194,11075.377835051546,13467.492240481655,50740.0,45036.91082474226,15811.77092902483,195341.30000000002,0.6597938144329897,932,0,6.3362231759656655,3.0,15558.7,0
93,0,143,3417.958741258741,3862.5614455631016,24400.0,26405.09230769231,6309.552884630931,34008.9,0.5384615384615384,932,17,4.670515021459228,0.0,0.0,0
2104,0,166,4777.853012048193,5071.313175663432,18555.0,37986.94698795181,9632.266388837903,54043.59999999999,0.6024096385542169,932,0,5.421716738197425,1.0,6927.0,1
2710,0,167,15102.380239520959,16839.117265806875,63500.0,57654.7616766467,31047.761220200635,252996.69999999998,0.49101796407185627,932,0,5.454377682403434,0.0,0.0,0
3957,0,153,12591.671241830065,13915.028149761007,45694.0,51956.520915032685,17919.817933688202,326425.7,0.5294117647058824,931,0,5.00249194414608,0.0,0.0,0
1869,1,169,9041.925443786982,11560.086309531302,36996.0,67825.28934911243,18447.08146416018,93167.4,0.6390532544378699,930,0,5.531569892473119,1.0,1054.0,1
2397,0,188,2004.2436170212766,2193.372977178725,11200.0,23375.894680851066,6428.861598984841,37017.8,0.5904255319148937,930,0,6.153462365591398,2.0,3129.0,0
2603,0,138,2170.0210144927537,2134.752093966382,6200.0,23096.264492753624,5503.608412109241,31032.899999999998,0.5869565217391305,930,0,4.516903225806452,1.0,3210.0,0
3723,0,159,3484.4100628930814,7634.506979955332,49485.0,52252.52327044025,20548.752327498154,75132.8,0.46540880503144655,930,0,5.204258064516129,0.0,0.0,0
3668,0,30,2456.6666666666665,2415.4221924574786,11200.0,26743.333333333332,7718.168593441169,19500.0,0.43333333333333335,929,59,0.9829924650161465,0.0,0.0,0
2400,0,139,1625.5446043165468,1631.4444144427137,4351.0,28526.96474820144,9188.765822245507,42380.700000000004,0.5899280575539568,929,0,4.554531754574811,1.0,1640.0,0
3015,0,159,1088.396855345912,1286.7255601986499,3222.0,19595.959748427675,4467.427521022,26189.100000000002,0.6415094339622641,929,0,5.209860064585576,2.0,2148.0,0
558,0,195,3076.6994871794873,3188.896697797929,12504.0,27584.475384615387,8846.859728600619,47064.4,0.6205128205128205,929,0,6.389451022604952,2.0,5557.0,0
3114,0,160,2992.809375,7611.508188377353,54800.0,47664.6275,16342.199946139943,44961.09999999999,0.4875,929,0,5.242626480086114,0.0,0.0,1
4626,1,167,12433.39880239521,15784.310654044162,54800.0,45632.477245508984,27200.005719867127,236871.2,0.5329341317365269,929,0,5.471991388589882,1.0,2778.7,0
1444,0,171,1431.036842105263,1514.1699372300145,11500.0,34600.9,11212.557428772863,58109.3,0.5263157894736842,928,0,5.609094827586207,1.0,2024.0,0
4447,1,187,10446.916577540107,13346.476933624754,63400.0,47651.15240641711,22656.704998163303,223973.8,0.5828877005347594,928,0,6.133922413793104,1.0,5353.5,0
3515,0,125,2009.9751999999999,2037.8280843970667,12300.0,17324.8664,4476.96030107598,15560.9,0.544,928,0,4.10021551724138,1.0,2563.0,0
8158,1,220,11514.939999999999,14769.509134185384,59676.0,59031.998636363634,20810.413910531035,236931.2,0.6909090909090909,928,0,7.216379310344828,3.0,18316.7,0
848,0,212,2865.6608490566036,3321.811542389466,13710.0,33067.791981132075,11998.406124100204,55070.1,0.660377358490566,928,0,6.95396551724138,3.0,6015.0,0
1086,0,183,843.4355191256831,1020.4180827051623,2904.0,17779.868852459018,3894.080340646442,25218.7,0.6885245901639344,927,0,6.009190938511328,3.0,1936.0,0
2602,0,195,3944.0953846153843,4536.085391161241,26720.0,39587.909230769226,9856.934749018543,56038.600000000006,0.6410256410256411,927,0,6.403236245954693,2.0,5405.0,0
4768,0,187,14109.937433155079,15682.478210218162,62700.0,44784.19946524064,28793.20309143409,438132.89999999997,0.47058823529411764,927,0,6.140539374325782,0.0,0.0,0
507,0,139,2994.6489208633093,3213.8240553503892,11300.0,15537.556834532374,11391.191344714185,-9154.600000000004,0.5467625899280576,927,0,4.56435814455232,0.0,0.0,0
3647,0,158,3845.6778481012657,3703.2099757215005,13146.0,38603.372784810126,8417.542877230797,22147.1,0.5443037974683544,927,0,5.188263214670982,1.0,5842.0,0
3180,0,189,5572.868783068783,7358.417508658578,29100.0,29043.807407407407,9653.920329258382,47522.200000000004,0.671957671957672,926,0,6.212915766738661,2.0,3164.0,0
1271,0,164,2902.0463414634146,2721.6191840732176,9288.0,19681.539024390244,5130.179547767581,19869.6,0.5365853658536586,926,0,5.391101511879049,1.0,4128.0,0
2870,0,173,3609.145664739884,3755.982414629661,19200.0,41010.95317919075,9000.476398932273,44120.200000000004,0.5606936416184971,926,0,5.68695464362851,1.0,5851.0,0
3645,0,196,5195.083673469388,5950.563846193866,23642.0,30842.00867346939,8699.36172808547,23762.399999999998,0.673469387755102,926,0,6.443023758099352,2.0,9672.0,0
3239,0,158,8321.813924050633,8538.457313790515,30765.0,39455.04113924051,11416.28918127908,29700.599999999995,0.6075949367088608,925,0,5.199481081081081,1.0,8838.0,0
3485,0,186,4833.166666666667,5667.240166808557,20900.0,41054.79838709677,8809.519593997418,44034.99999999999,0.6559139784946236,925,0,6.120908108108108,2.0,5827.0,1
567,0,154,2645.5227272727275,6703.2169467526355,42784.0,27968.807142857142,13426.071071871396,53180.499999999985,0.4025974025974026,925,0,5.067848648648649,0.0,0.0,0
373,0,163,4339.218404907975,4836.961385732429,37760.0,36551.838036809815,14611.360088293592,52338.6,0.5398773006134969,924,0,5.36982683982684,1.0,6452.0,1
2977,0,183,13338.643715846994,16590.525162092148,57447.0,63188.20765027322,24238.836812593207,367181.80000000005,0.5901639344262295,924,0,6.028701298701299,2.0,4782.0,0
488,0,31,2480.6451612903224,2242.9770922947787,10400.0,36687.096774193546,12122.588885643305,50500.0,0.25806451612903225,924,24,1.0212554112554113,0.0,0.0,0
3120,0,140,2294.165,2401.4988790703733,13000.0,26209.95,5400.98506077277,26245.1,0.5928571428571429,924,0,4.612121212121212,1.0,2904.0,0
3801,0,143,9613.034265734264,10918.13535989809,32926.0,36413.177622377625,14325.801782937067,60733.89999999999,0.5734265734265734,924,0,4.7109523809523814,0.0,0.0,0
72,0,242,13584.068181818182,15725.481171236335,62800.0,55671.13801652893,29551.952839008183,323754.5,0.5661157024793388,924,0,7.972380952380953,3.0,12318.0,0
10361,1,160,17625.75,19383.254959494803,65160.0,44567.110625,25692.691325993455,290430.0,0.55625,923,0,5.27670639219935,1.0,7240.0,1
587,0,28,2525.0,2332.6387855181742,11400.0,18635.714285714286,7355.029233555434,33900.0,0.2857142857142857,923,23,0.9234236186348863,0.0,0.0,0
1097,0,247,4936.519433198381,7387.191471522712,38560.0,45495.30809716599,18234.596791793436,95400.3,0.728744939271255,922,0,8.154750542299348,4.0,9125.0,1
3206,0,189,6277.27671957672,8124.86387914047,28318.0,48525.263492063496,12027.004481568578,56943.3,0.671957671957672,922,0,6.239869848156182,2.0,3111.0,0
3696,0,176,8041.744886363637,9654.993778758193,33567.0,51449.19375,12771.921788652106,52405.09999999999,0.6477272727272727,922,0,5.810672451193058,2.0,4714.0,1
2387,0,130,2216.604615384615,2108.5093725762995,5700.0,15464.172307692306,4152.323623834811,24468.600000000002,0.5461538461538461,922,0,4.291973969631236,1.0,3414.0,0
3585,0,150,2332.654666666667,2328.976298016587,6242.0,28211.82,6591.75280371123,31508.2,0.62,921,0,4.957654723127036,1.0,2862.0,0
2706,0,31,2890.3225806451615,2730.8551577249787,12400.0,24993.548387096773,6780.803073573266,36400.0,0.3548387096774194,921,21,1.0245819761129207,0.0,0.0,0
2773,0,241,4406.230705394191,6818.762373387118,25761.0,37416.943153526976,11173.78715340267,67541.6,0.7427385892116183,921,0,7.965298588490771,4.0,3603.0,1
1781,0,154,2633.8266233766235,5558.031085482975,40649.0,29044.962987012987,13297.62783587477,30479.300000000003,0.487012987012987,921,0,5.08985884907709,0.0,0.0,0
962,0,140,5475.676428571428,5798.253634278689,23100.0,30034.07857142857,10744.660612654096,220664.69999999998,0.45714285714285713,920,0,4.632173913043479,0.0,0.0,0
2395,0,168,3064.392261904762,3562.3104193027166,30560.0,34366.16726190476,8631.811820914323,42007.9,0.5416666666666666,920,0,5.5586086956521745,1.0,3696.0,0
3227,0,218,6970.930275229358,9434.794497196675,36975.0,48847.36605504587,15430.820948597977,94658.8,0.7201834862385321,920,0,7.212956521739131,4.0,10868.0,0
2295,0,176,13041.214204545455,15054.321708694908,64800.0,54602.88693181818,27538.097319668657,483265.3,0.4772727272727273,919,0,5.829640914036998,0.0,0.0,0
9631,1,177,5682.88813559322,6488.090631121186,24204.0,26120.88644067797,12900.211137513561,227990.80000000002,0.5480225988700564,919,0,5.862763873775844,1.0,2476.8,0
140,0,66,5048.827272727272,10114.533877994127,48742.0,36272.049999999996,19073.47374584157,47564.2,0.36363636363636365,919,0,2.1861153427638738,0.0,0.0,0
788,0,141,2163.9198581560286,2121.7493538930785,5473.0,23447.275177304964,5533.517143710368,30562.7,0.5815602836879432,919,0,4.6703373231773675,1.0,3096.0,0
2040,0,153,3717.249019607843,4082.513722043488,29600.0,34882.28496732026,11727.565375362052,67309.1,0.5032679738562091,919,0,5.067812840043526,1.0,5262.0,1
1029,0,268,13045.236567164178,14713.598636839277,63800.0,67621.24664179105,28951.843764917478,464537.80000000005,0.5746268656716418,919,0,8.876953210010882,2.0,8478.0,0
3318,0,181,921.553591160221,1071.473080986498,4600.0,13266.60773480663,1946.8007296433398,13519.2,0.6850828729281768,919,0,5.99525571273123,3.0,1949.0,0
2420,0,149,1559.2355704697986,1652.5983914803653,9100.0,16044.981879194629,3856.6929928487125,15724.1,0.5704697986577181,919,0,4.935321001088139,1.0,2401.0,0
3432,0,157,2180.8942675159237,2067.9822661802878,13000.0,16609.12802547771,5313.662927337726,15290.400000000001,0.535031847133758,919,0,5.200304678998912,1.0,2734.0,0
6688,1,249,2234.5088353413653,3043.2944016846036,15400.0,39637.22449799197,10515.669516039708,49966.7,0.7068273092369478,919,0,8.247616974972797,4.0,4243.0,0
3899,0,169,7284.113609467456,8622.397330236437,28932.0,60827.19704142012,15146.382690433073,44297.2,0.6331360946745562,919,0,5.597780195865071,1.0,3069.0,1
1275,0,146,2149.973287671233,2371.835516053457,14450.0,25046.132876712327,5815.029689313835,18970.1,0.6027397260273972,918,0,4.841220043572985,1.0,1903.0,0
1087,0,143,7726.5034965034965,8676.533115941524,26900.0,44726.04685314686,11737.75917538216,77560.0,0.5734265734265734,918,26,4.741742919389978,0.0,0.0,0
1396,0,196,13057.919387755102,12709.071773437721,63200.0,57099.204081632655,24010.202130166886,287829.0,0.5051020408163265,918,0,6.49917211328976,1.0,14707.0,1
3573,0,65,3040.832307692308,4891.532650410672,25299.0,25651.276923076923,7282.405059108419,26995.7,0.4,917,0,2.1576881134133044,0.0,0.0,0
3149,0,146,3814.5897260273973,4866.731137252961,35840.0,33717.30890410959,10510.292841118087,46160.1,0.541095890410959,917,0,4.8464994547437295,0.0,0.0,0
1007,0,185,3345.5232432432435,7906.987078125371,53300.0,39365.62054054054,18759.858072450563,79333.40000000001,0.42702702702702705,916,0,6.147816593886463,0.0,0.0,1
4379,0,127,2994.172440944882,3453.1924295734,17600.0,18316.82598425197,5467.036702476417,12409.900000000003,0.5118110236220472,916,0,4.220393013100437,0.0,0.0,0
2950,0,157,8009.021019108281,8708.601258872159,45120.0,40332.45414012739,11833.32220909638,56930.30000000001,0.5987261146496815,916,0,5.217336244541485,1.0,8653.0,0
3793,0,171,4342.761988304093,4587.704835986602,17500.0,27840.771345029243,7620.756959704197,25970.3,0.6198830409356725,916,0,5.682576419213974,1.0,5706.0,0
3588,0,138,2683.0253623188405,2958.784977647175,12400.0,27279.971014492752,8722.348308331564,37731.5,0.5869565217391305,916,0,4.5859388646288215,1.0,1563.0,0
878,0,174,8600.197701149425,9714.159366603139,35124.0,42339.49022988506,12069.96067760939,524554.4,0.5114942528735632,915,0,5.788590163934427,1.0,3943.0,1
3864,0,253,7902.654940711463,11185.31271303038,58800.0,49012.98814229249,24100.08976659207,433627.3,0.6324110671936759,913,0,8.435180722891566,4.0,8237.0,0
1266,0,173,7636.454335260116,8646.7315517864,38080.0,35728.83005780347,11064.436995813383,51866.600000000006,0.630057803468208,913,0,5.767929901423877,1.0,9291.0,0
3089,0,200,12784.6985,13996.062830310448,56700.0,63709.82,26048.12162958296,581259.7000000001,0.45,912,0,6.675438596491229,0.0,0.0,0
7181,1,296,6657.84527027027,11266.442442851212,58900.0,56545.898986486485,25303.770788114893,266195.2,0.6925675675675675,912,0,9.879649122807018,5.0,10137.5,0
1241,0,202,1998.2945544554455,2408.8604612164627,15040.0,18521.82326732673,5870.975654990889,14013.499999999996,0.6534653465346535,912,0,6.742192982456141,3.0,3796.0,0
1004,1,210,14620.234285714287,16007.69223174842,62100.0,64388.98761904762,28284.351847783673,398082.4,0.5333333333333333,912,0,7.00921052631579,1.0,5237.0,0
2344,0,165,1664.3218181818181,1775.410001808333,4928.0,18971.33696969697,4668.309039909473,27471.1,0.6303030303030303,912,0,5.5072368421052635,2.0,3021.0,0
2530,0,216,7327.24212962963,9833.787857880516,36984.0,38995.15694444445,13189.97253231789,33640.299999999996,0.7129629629629629,912,0,7.2094736842105265,3.0,8176.0,0
170,0,144,7508.612499999999,8269.33690104953,25599.0,48522.850694444445,10758.730775247837,56110.200000000004,0.5694444444444444,912,0,4.806315789473684,0.0,0.0,0
2319,0,152,11398.711842105264,13466.484565897941,55600.0,42479.12302631579,26986.688765412735,249561.8,0.4934210526315789,912,0,5.073333333333333,1.0,9510.0,0
7033,0,139,2330.751798561151,2420.398389604264,11000.0,13169.946043165468,12051.696472391235,-2589.500000000002,0.5467625899280576,911,20,4.644522502744238,0.0,0.0,0
88,0,140,1319.1021428571428,1370.117489551619,3403.0,19335.254285714287,4749.536184025004,24428.3,0.5642857142857143,911,0,4.677936333699232,1.0,2268.0,0
1480,1,162,12860.917283950617,15807.260314909156,59600.0,54359.859259259254,26597.647263374656,245854.2,0.5370370370370371,911,0,5.413040614709112,1.0,3425.2,1
2526,0,148,2380.8445945945946,2363.1094566236643,6057.0,18014.207432432435,4615.820763139248,17015.0,0.5878378378378378,910,0,4.950681318681319,1.0,3964.0,0
2604,0,146,2401.990410958904,2526.207646564824,9400.0,22286.708219178083,5323.908631544631,26080.600000000002,0.5821917808219178,910,0,4.88378021978022,1.0,3965.0,0
5269,1,213,6074.443661971831,7999.896207470546,30794.0,30180.14835680751,13515.742849943945,59614.5,0.704225352112676,910,0,7.124967032967033,3.0,10010.0,0
3563,0,144,7942.428472222222,8911.13459433839,27132.0,42773.663888888885,14111.73785999854,46579.700000000004,0.5694444444444444,910,0,4.816879120879121,0.0,0.0,0
3550,0,204,4293.411764705882,5294.430143164242,29920.0,30680.60196078431,7406.723649342543,39585.99999999999,0.6715686274509803,910,0,6.823912087912088,3.0,8762.0,0
1903,0,193,1388.9424870466323,1688.6098609377718,10900.0,38412.65906735751,10026.8138848484,62095.9,0.6010362694300518,909,0,6.463058305830583,2.0,2138.0,1
3153,0,266,13686.557518796992,15599.934297954285,61400.0,64280.533834586466,24387.893901768308,653950.7,0.5676691729323309,909,0,8.907634763476349,2.0,5176.0,1
265,0,149,2366.7657718120804,2395.23054337471,8300.0,16747.875838926175,4746.301183349087,20758.1,0.5906040268456376,909,0,4.98961496149615,1.0,2900.0,0
2812,0,155,9976.306451612903,11083.937087742019,36765.0,27631.569032258067,16298.552962064356,55327.5,0.6064516129032258,909,0,5.190539053905391,1.0,8211.0,0
1609,0,138,1174.9210144927536,1213.494399185442,3026.0,17781.36739130435,4554.023260940996,25379.100000000002,0.5579710144927537,909,0,4.621254125412541,1.0,2017.0,0
2737,0,170,7087.6835294117645,8048.108301769131,28780.5,55942.840588235296,11950.570630214737,60824.2,0.6352941176470588,908,0,5.699118942731278,1.0,4456.0,0
7101,0,140,7081.195000000001,10612.855123792462,49831.0,24318.230714285713,23434.323720958757,261112.9,0.5214285714285715,908,11,4.693392070484582,0.0,0.0,0
313,0,142,1312.7774647887325,1376.857532115753,3442.0,17431.53450704225,4114.362967591038,25456.4,0.5704225352112676,908,0,4.760440528634361,1.0,2294.0,0
2593,0,174,7055.014942528736,7695.895612598098,29068.0,32382.289655172415,11691.210538711144,45082.6,0.6436781609195402,908,0,5.833215859030838,1.0,7300.0,0
1232,0,67,3339.276119402985,7529.552431104681,45039.0,40339.2223880597,12078.172193369039,34073.1,0.34328358208955223,908,0,2.2461233480176213,0.0,0.0,0
2108,0,162,5680.795061728395,6584.475076761792,38900.0,29430.22962962963,11355.461159950373,16150.799999999996,0.6111111111111112,908,0,5.430925110132159,1.0,5974.0,0
3694,0,175,4410.954857142857,5156.5524738636195,25600.0,45371.80057142857,9233.68746156557,56203.1,0.6457142857142857,908,0,5.866740088105727,1.0,4492.0,0
1289,0,168,8667.905357142858,10228.512253390303,47040.0,62139.54047619048,14365.247847568256,85938.1,0.6309523809523809,907,0,5.638280044101434,1.0,6950.0,0
2445,1,189,13715.959788359787,15875.975670355345,64500.0,55419.473015873016,29572.729075509247,299293.2,0.5132275132275133,907,0,6.343065049614113,1.0,4886.0,0
7733,1,194,14108.68350515464,16702.8346437952,64186.0,67486.62525773197,20485.699020559812,602608.6,0.5721649484536082,906,0,6.5180573951434875,1.0,5836.0,1
1758,0,199,7892.3130653266335,9631.447861391198,62700.0,54154.45929648241,17784.107604518493,381229.5,0.5728643216080402,906,0,6.686048565121413,2.0,9739.0,0
9859,1,251,7512.340239043824,10842.491015570833,45094.0,48721.27649402391,17026.398325077596,465457.6,0.701195219123506,906,0,8.433156732891833,4.0,8259.5,1
10711,1,249,5354.147389558233,8839.892169814904,33066.0,79272.04497991968,14192.8603548944,82019.9,0.7590361445783133,906,0,8.365960264900663,5.0,4058.0,0
725,0,169,1623.4869822485207,1715.7946421746526,10500.0,29741.97514792899,5828.423215258514,36195.3,0.5562130177514792,906,0,5.678101545253863,1.0,2612.0,0
1739,0,156,8694.884615384615,8961.945082511682,32004.0,36164.36153846154,13162.997306077426,46322.00000000001,0.6025641025641025,906,0,5.241324503311258,1.0,9979.0,0
10202,1,213,7444.954929577464,10975.424454496297,58900.0,42387.5661971831,22126.233823806044,187214.19999999998,0.6384976525821596,906,0,7.156423841059603,3.0,12524.3,0
506,0,249,4200.7638554216865,6526.277019034065,29900.0,48421.76586345381,10630.613346945584,54990.2,0.7469879518072289,906,0,8.365960264900663,4.0,4120.0,1
955,0,160,5470.64875,5784.529138700609,20791.5,32321.611249999998,9629.380907802206,55275.00000000001,0.6,906,0,5.375717439293598,1.0,7411.0,0
932,0,137,1928.480291970803,1999.9558264180341,9250.0,22845.735766423357,4544.074080209514,28261.800000000003,0.5547445255474452,906,0,4.602958057395144,1.0,2793.0,0
413,0,138,2022.1159420289855,2360.070153826973,16800.0,16827.05507246377,4235.846705370422,17501.2,0.5869565217391305,905,0,4.64167955801105,1.0,2107.0,0
3334,0,49,6073.006122448979,10533.44035072366,42302.0,28948.177551020406,15378.751440316186,42377.299999999996,0.32653061224489793,905,35,1.6481325966850828,0.0,0.0,0
2625,0,233,13744.718454935623,15154.429833987011,77100.0,61017.11459227467,24708.9548622638,498271.4,0.51931330472103,905,0,7.837038674033149,2.0,6900.0,1
2147,0,131,2163.3229007633586,2076.15474762526,6672.0,18647.470229007635,5415.165847757781,22884.5,0.5267175572519084,904,0,4.411106194690266,2.0,4306.0,0
984,0,163,4456.280981595092,4573.921059154475,16692.0,29879.337423312885,8342.010351724708,26493.8,0.6073619631901841,904,0,5.488628318584071,1.0,5911.0,0
3848,0,167,4260.420958083832,4529.186242939542,16293.0,40787.338922155686,12945.662517856981,80870.3,0.5688622754491018,904,0,5.623318584070796,1.0,7241.0,1
2825,0,157,9569.431210191082,10667.556149665363,35790.0,43742.0898089172,14092.012466856866,65870.69999999998,0.6050955414012739,904,0,5.286592920353983,1.0,5284.0,1
5602,1,181,11160.63093922652,14995.785974945456,61800.0,54444.41215469613,32201.544587898374,298727.0,0.5082872928176796,904,0,6.094734513274337,1.0,3697.8,1
1094,0,169,2003.18224852071,2589.4514025620615,17300.0,21534.855621301776,4669.8308229509885,17663.0,0.6686390532544378,904,0,5.69066371681416,2.0,2155.0,0
690,0,150,7769.575333333333,8968.381545295948,46200.0,32770.74866666667,11760.577366943227,45055.49999999999,0.5866666666666667,903,0,5.056478405315615,2.0,8901.0,0
2945,0,144,2332.828472222222,2409.267698353696,8300.0,17607.684027777777,3693.3518573499946,14166.499999999998,0.6111111111111112,903,0,4.85421926910299,1.0,1854.0,0
573,0,89,9538.629213483146,13627.06152716987,46661.0,38956.652808988765,22978.534441488144,66438.0,0.48314606741573035,903,6,3.000177187153932,1.0,2249.0,1
2131,0,160,2032.49375,2220.1568935631926,6087.0,32318.99875,8122.632397212738,49339.0,0.61875,903,0,5.39357696566999,2.0,3517.0,0
2821,0,181,3221.5049723756906,3517.238424267227,13624.0,19430.229281767955,6700.000826681048,21907.600000000006,0.6464088397790055,902,0,6.108248337028825,2.0,6055.0,0
2112,0,167,3980.0640718562872,4544.7160536141855,31680.0,30568.977844311376,10703.898428550367,52249.899999999994,0.592814371257485,902,0,5.635787139689579,1.0,4788.0,0
2506,0,179,12433.717318435754,13098.946582449556,57200.0,53404.881564245814,25949.588785641132,232683.4,0.5251396648044693,902,0,6.040753880266076,1.0,10076.0,1
1078,0,148,2575.306081081081,2722.502925149165,13450.0,22086.70945945946,5063.389214790239,29145.3,0.5878378378378378,902,0,4.994589800443459,1.0,3423.0,0
1895,0,159,7076.323899371069,7352.518734604921,26872.0,32732.833962264147,10478.423042589575,183685.5,0.5723270440251572,902,0,5.365809312638581,2.0,7601.5,0
2961,0,160,1650.921875,2124.927428688197,11250.0,24084.28375,4878.448220862206,32526.7,0.65625,902,0,5.3995565410199555,2.0,1661.0,0
3426,0,193,8365.587046632125,10005.046934895747,38198.0,45001.52020725389,14494.000253246168,279094.3,0.616580310880829,901,0,6.520443951165372,2.0,13576.0,0
3204,0,139,5476.0330935251795,5935.693243499521,21100.0,49619.17985611511,12463.199439365004,64038.6,0.5539568345323741,901,0,4.69607103218646,0.0,0.0,1
2887,0,164,8222.025609756098,9321.493958921568,33096.0,50366.94390243902,11287.231426765984,61861.39999999998,0.6341463414634146,901,0,5.540688124306326,1.0,5645.0,0
2468,0,116,1358.0525862068966,1315.1189517673304,3141.0,20942.45948275862,5594.401659997925,29873.3,0.5258620689655172,901,0,3.919023307436182,1.0,2094.0,0
3350,0,139,3633.6194244604317,3794.6490410912497,17600.0,18439.693525179857,5918.236181084926,33404.3,0.5611510791366906,901,0,4.69607103218646,1.0,3661.0,0
858,0,162,8743.146296296296,10257.474600457143,37120.0,42184.71296296296,13066.828628557572,58808.9,0.6358024691358025,901,0,5.473118756936737,1.0,5456.0,0
2359,0,165,2303.6539393939397,2150.76923699227,8300.0,21270.026666666665,5696.746988222415,15252.099999999999,0.5575757575757576,900,0,5.580666666666667,1.0,3119.0,0
3726,0,198,10298.830808080807,13876.996821962655,63900.0,42634.39747474747,23809.30696124875,279413.3,0.6111111111111112,900,0,6.6968000000000005,2.0,9373.0,0
584,0,138,1568.181884057971,1625.768890715953,9400.0,16070.500724637683,3911.084375077786,15068.300000000001,0.5507246376811594,900,0,4.667466666666667,1.0,2302.0,0
392,0,192,4637.838020833334,5877.974288413349,42080.0,41576.79895833333,10022.9673154195,55644.1,0.640625,900,0,6.493866666666667,2.0,7070.0,1
869,0,16,2581.25,2575.84128651851,10900.0,15600.0,5558.41704084895,10300.0,0.375,899,449,0.541757508342603,0.0,0.0,0
526,0,162,6197.482716049382,6989.563918399261,35040.0,35124.59074074074,10806.754027219298,33899.4,0.6172839506172839,898,0,5.491403118040089,1.0,5074.0,0
571,0,126,2077.3468253968254,1967.5519887895828,4883.0,18207.288095238095,4355.545889214935,25574.899999999998,0.5634920634920635,898,0,4.271091314031181,1.0,3255.0,0
3946,0,176,6162.168181818182,6848.269060402601,26493.0,31164.148295454543,9786.793110793895,36690.8,0.6647727272727273,898,0,5.965968819599109,2.0,9439.0,0
2573,0,38,6900.121052631578,10826.567664955923,37500.0,25214.160526315787,16264.598496976776,13546.200000000003,0.3684210526315789,898,31,1.2881069042316258,0.0,0.0,1
593,0,139,6037.897122302158,6733.5390370602945,22400.0,47019.44100719424,14537.433940502215,69166.9,0.5611510791366906,898,0,4.711759465478842,0.0,0.0,0
4086,0,150,17321.132666666665,19545.001717274277,63900.0,50127.75733333333,22033.090134909966,417869.10000000003,0.52,897,0,5.090301003344481,0.0,0.0,1
6461,1,198,9953.653535353535,11935.385193215126,58000.0,55372.94646464647,23263.395789234233,557705.0,0.494949494949495,897,0,6.719197324414716,1.0,4192.5,1
110,1,209,6839.223444976076,9583.919741153946,44480.0,45365.278468899516,12038.959868372121,73880.89999999998,0.7081339712918661,897,0,7.092486064659978,3.0,7664.0,1
9138,1,214,7464.073364485981,10562.383893732656,51000.0,35173.10140186916,26964.709991961,78098.1,0.5514018691588785,896,0,7.270267857142858,3.0,16722.3,0
5837,1,173,10415.95028901734,13163.260790697335,60100.0,53945.8450867052,24408.97936477813,354430.2,0.5317919075144508,896,0,5.877366071428572,1.0,4939.0,0
971,0,162,3850.3944444444446,3950.059850796665,13948.5,31127.666666666668,8323.203612501335,28343.1,0.5802469135802469,896,0,5.503660714285715,1.0,3860.0,0
81,0,217,1083.237788018433,1334.556597279873,9300.0,26561.52119815668,5650.331971164469,36443.8,0.6589861751152074,896,0,7.372187500000001,3.0,2056.0,0
4537,0,157,11529.743312101911,14842.045698239337,58900.0,60278.83757961784,23966.048480424943,122689.7,0.5414012738853503,896,0,5.333794642857143,1.0,1352.1,0
2266,0,125,8141.8607999999995,8537.045194572695,25464.0,48431.324,11702.943043114708,70791.8,0.52,895,0,4.251396648044693,0.0,0.0,0
137,0,181,7861.501104972375,10546.88625355048,36000.0,37759.40552486188,15297.253422307638,49568.899999999994,0.6740331491712708,895,0,6.156022346368716,2.0,4251.0,0
3562,1,200,12685.583,14701.320210295378,62900.0,65372.325999999994,28987.713046264736,283290.4,0.535,895,0,6.802234636871509,1.0,7290.5,0
1893,0,185,14084.943783783785,16055.891203653622,60500.0,59844.31783783784,31760.94606824645,175927.4,0.5621621621621622,894,0,6.29910514541387,1.0,6289.0,0
2882,0,116,8594.964655172414,12110.471899937456,49850.0,34354.612068965514,20555.759955484624,73618.3,0.5344827586206896,894,0,3.949709172259508,2.0,12443.0,0
5250,0,138,13855.121014492754,15131.357881335656,49476.0,42103.49710144927,31324.703815028523,352586.7,0.41304347826086957,894,0,4.698791946308725,0.0,0.0,0
7674,1,258,10876.403875968994,13981.665221186608,61400.0,61186.58410852713,27371.749651778402,290717.2,0.6085271317829457,893,0,8.794535274356104,3.0,12797.3,0
11123,0,146,7147.95,11454.223372943097,47798.0,25973.740410958904,23297.220265687105,417094.7,0.3972602739726027,893,23,4.9767525195968645,0.0,0.0,0
1765,0,139,2074.8122302158276,2100.5443991547413,7000.0,17174.83669064748,3629.0602101654863,19968.100000000002,0.5971223021582733,893,0,4.738141097424412,1.0,2011.0,0
847,0,147,2915.5639455782316,6550.881976089179,41682.0,31068.569387755102,17906.78337242435,55787.1,0.41496598639455784,893,0,5.0108398656215005,0.0,0.0,0
4618,1,149,9366.161744966443,13121.20729957133,56600.0,28485.724832214764,29357.997675355924,38245.9,0.6375838926174496,893,0,5.079014557670773,1.0,2778.7,0
3543,0,128,1345.03515625,1283.3941580725616,3200.0,15822.15078125,3888.5466837435406,15131.699999999999,0.5703125,893,0,4.363180291153416,1.0,2094.0,0
1471,0,197,5690.596446700508,8032.992534219999,28600.0,28546.98730964467,13911.664085854152,59396.69999999999,0.6954314720812182,893,0,6.715207166853304,3.0,8011.0,0
3472,0,216,5568.276851851852,8121.490451166702,51700.0,56904.525,17297.59680712565,55101.0,0.7129629629629629,893,0,7.362866741321389,3.0,9988.0,0
2407,0,159,4308.88679245283,4633.362345267848,16407.0,23613.945283018867,6825.469191844805,29196.199999999997,0.6037735849056604,893,0,5.419888017917134,1.0,7292.0,0
378,1,344,11415.406686046512,15229.165489241412,63900.0,68190.45,26124.041484717083,308764.3,0.6686046511627907,892,0,11.739192825112108,5.0,13567.2,0
1188,0,151,3078.8688741721853,3015.640819686267,13760.0,29689.358940397353,7123.430032947815,35278.4,0.5298013245033113,892,0,5.152959641255606,1.0,4421.0,0
2652,0,188,6856.267021276595,8490.10616706278,31519.5,42788.528191489364,12421.184523156064,50927.40000000001,0.675531914893617,892,0,6.4156053811659195,2.0,8086.0,0
3526,0,223,15745.786547085201,16443.29970017905,61900.0,73580.08565022421,29903.35819473285,455912.4,0.5201793721973094,892,0,7.61,1.0,4559.0,0
113,0,136,2581.9992647058825,2484.282071194556,6800.0,20808.886029411766,4977.017437384121,26351.100000000002,0.5955882352941176,892,0,4.641076233183857,1.0,3146.0,0
3733,0,181,13681.736464088397,14823.804266973848,59600.0,59715.16243093923,26713.5709634702,277464.7,0.5303867403314917,892,0,6.176726457399104,1.0,11123.0,1
683,0,156,9176.854487179487,9956.679736009572,34894.5,37947.169871794875,14660.925434260877,44108.50000000001,0.6153846153846154,892,0,5.323587443946189,1.0,8578.0,1
3494,0,126,2536.9325396825398,2623.2940503063514,14250.0,27925.679365079366,7910.429683928099,37562.7,0.5555555555555556,892,0,4.299820627802691,1.0,3599.0,0
3518,0,164,8451.128658536585,10116.428773857684,33829.5,33478.638414634144,11783.094428027114,46420.3,0.6341463414634146,892,0,5.596591928251121,1.0,3438.0,0
4320,1,196,14682.236734693877,16431.64698418573,59000.0,47434.32040816327,32176.312181023142,110391.59999999999,0.5510204081632653,891,0,6.69611672278339,1.0,4280.0,0
6495,1,177,6680.21186440678,7133.360257670343,27722.0,38456.894350282484,10522.500529675131,24244.700000000004,0.632768361581921,891,0,6.047003367003367,2.0,17353.0,0
3511,0,140,2128.0464285714284,2260.520153149029,11800.0,21200.135714285716,4122.9962140959,26661.7,0.6071428571428571,891,0,4.78294051627385,1.0,2313.0,0
303,1,176,5550.898295454545,6466.655330438047,35360.0,47716.63693181818,11839.677394478025,42459.3,0.6477272727272727,889,0,6.02636670416198,2.0,6935.0,1
3932,0,153,2556.8281045751633,2836.1654122168075,9700.0,19173.512418300652,5683.009285781515,17083.9,0.6405228758169934,889,0,5.238830146231721,1.0,1593.0,0
2717,0,134,1358.4119402985075,1356.8975608103397,3407.0,17588.264179104477,3438.985654752639,21196.4,0.5895522388059702,889,0,4.588256467941507,1.0,2271.0,0
2983,0,138,2809.172463768116,3584.642459092424,28200.0,35420.17898550725,7407.5598659319285,49965.00000000001,0.5072463768115942,889,0,4.725219347581552,0.0,0.0,0
1490,0,160,13037.759375,15001.755406841696,56800.0,51772.32125,26676.128280973262,280453.10000000003,0.5125,889,0,5.4785151856017995,1.0,1657.7,0
3443,0,121,1854.0735537190083,1736.7988017599414,4950.0,17676.367768595042,3364.5833598979966,19692.1,0.5454545454545454,888,0,4.147792792792793,1.0,2755.0,0
11027,1,181,4719.61270718232,5245.416301411684,20320.0,31486.592265193372,7883.9878796869625,302140.3,0.5469613259668509,888,0,6.20454954954955,2.0,5803.2,0
3491,0,217,5498.360829493088,7314.532103076094,28626.0,33104.19400921659,10983.354690171072,24093.500000000007,0.7235023041474654,887,0,7.4469898534385575,3.0,7271.0,0
6453,1,226,1540.045132743363,1895.1586555450478,10400.0,23022.595575221236,5229.541704005801,20393.399999999998,0.668141592920354,887,0,7.755851183765502,4.0,3054.0,0
7907,1,203,10202.351231527095,12857.797458199257,63800.0,55253.61280788178,31851.20097260013,146925.30000000002,0.5862068965517241,887,0,6.966538895152199,2.0,14443.2,0
2291,0,134,2758.7813432835824,2671.267266072822,9400.0,17295.949253731345,4342.754893766196,16355.899999999996,0.5746268656716418,887,0,4.598602029312289,1.0,3825.0,0
1900,0,163,9189.042331288343,10332.542454680013,36498.0,53718.4282208589,13658.426836967854,48733.1,0.6380368098159509,887,0,5.593821871476889,1.0,7114.0,1
4389,0,138,6322.208695652174,7523.613887766081,44960.0,32984.95217391304,11320.125656463977,50164.00000000001,0.5579710144927537,886,0,4.7412189616252824,0.0,0.0,0
3192,0,192,3437.930208333333,3944.0076977246054,15018.0,39171.636458333334,9204.127274719736,56465.8,0.6458333333333334,886,0,6.59647855530474,2.0,3790.0,1
836,0,164,2663.557926829268,3595.570278820424,27000.0,25857.341463414636,9147.348837884732,48412.7,0.6219512195121951,886,0,5.634492099322799,2.0,3059.0,0
3880,0,152,2449.6388157894735,2648.219358375125,9800.0,30415.04210526316,5927.35865603628,34408.3,0.631578947368421,886,0,5.222212189616253,1.0,1942.0,0
7424,1,274,10809.398540145987,15171.650310244258,63300.0,53878.874452554744,24614.94537701754,197545.2,0.6715328467153284,886,0,9.41372460496614,4.0,10614.2,0
1187,0,148,2362.195945945946,2414.246091471939,9800.0,30960.445945945947,7318.021038266708,19544.2,0.6283783783783784,886,0,5.084785553047404,1.0,2288.0,0
25,1,274,10797.6098540146,15178.237052896879,63300.0,56279.128467153285,24090.90781252477,201715.1,0.6715328467153284,886,0,9.41372460496614,4.0,10614.2,0
10954,1,166,4746.753614457831,5868.727808262341,19137.0,41621.69939759036,10585.555415379025,43156.3,0.6385542168674698,885,0,5.709649717514124,1.0,312.0,1
1571,0,144,5958.834027777778,6846.880923673194,38900.0,25379.45486111111,11893.719458427644,53451.299999999996,0.5833333333333334,885,0,4.952949152542373,1.0,7692.0,0
1160,0,204,8713.037254901961,11685.83094834024,42630.0,60374.14166666667,20119.399484777325,394119.60000000003,0.6176470588235294,885,0,7.016677966101695,2.0,3658.0,1
1985,0,127,2497.990551181102,5774.465214686491,42925.0,18853.7905511811,8869.277342776277,16114.800000000003,0.4645669291338583,885,0,4.368225988700565,0.0,0.0,0
3359,0,159,1595.2597484276728,1733.509315040326,9000.0,30723.209433962264,6049.052696814147,31521.500000000004,0.5534591194968553,884,0,5.475067873303168,1.0,2038.0,1
9646,1,143,12456.662937062938,13722.936612760477,48661.0,42764.54895104895,25340.84420699834,187526.8,0.5104895104895105,884,0,4.924117647058824,1.0,5813.5,0
1906,1,216,8166.449537037038,11643.216476434514,53400.0,49927.89722222223,22387.587371699545,233473.5,0.6342592592592593,882,0,7.45469387755102,3.0,9385.8,0
194,0,164,1763.0048780487805,1824.037840925849,11000.0,26973.165243902436,6661.120456556843,23032.0,0.5609756097560976,882,0,5.660045351473923,1.0,2648.0,0
371,0,131,2275.115267175572,5319.271497033193,47575.0,39709.285496183205,12101.173878132158,59239.299999999996,0.4122137404580153,881,0,4.526265607264472,0.0,0.0,1
9159,1,288,3557.413888888889,5668.113058104787,27520.0,42855.197916666664,11140.398460714043,62818.4,0.6631944444444444,881,0,9.950874006810443,5.0,10735.0,0
3040,0,122,1437.5204918032787,1503.281603249213,8370.0,20373.52131147541,4881.115887222995,22756.7,0.5163934426229508,880,0,4.220090909090909,1.0,2202.0,0
4071,0,154,8001.5766233766235,8229.478899454944,29808.0,29925.60064935065,12832.715497618194,186742.0,0.5714285714285714,880,0,5.327,2.0,11350.0,0
2278,0,188,4718.759042553192,5586.058309935848,21612.0,34642.30744680851,9931.033356513284,47525.9,0.675531914893617,880,0,6.5030909090909095,2.0,8522.0,0
2350,1,199,11007.917587939699,13869.87454808217,50700.0,51807.72261306533,24963.866382553817,215438.4,0.6180904522613065,879,0,6.891422070534699,3.0,9166.2,1
4438,0,137,2882.926277372263,3847.0132451390145,33760.0,31005.034306569345,9308.146898214536,50700.1,0.48905109489051096,879,0,4.744345847554039,1.0,658.0,0
2004,0,164,8893.153658536585,10248.159574508378,36613.5,59495.93109756097,15921.276086629978,96456.40000000001,0.6341463414634146,879,0,5.679362912400456,1.0,5472.0,1
2101,0,201,1244.7562189054727,1464.722367506427,8850.0,25884.055223880594,4058.6152867308147,27623.199999999997,0.6368159203980099,879,0,6.960682593856656,3.0,2309.0,0
3397,0,164,7526.763414634146,8043.057916167526,29841.0,38264.009146341465,10759.271886047458,34208.40000000001,0.6280487804878049,879,0,5.679362912400456,1.0,9400.0,0
1267,0,231,5137.053246753247,7709.888607545584,29300.0,35273.74329004329,12643.711971278044,39448.5,0.7402597402597403,878,0,8.00870159453303,4.0,4831.0,1
2102,0,180,4051.4755555555553,4455.613631266852,17238.0,25224.07166666667,8689.795917599442,37424.799999999996,0.6388888888888888,878,0,6.240546697038725,2.0,7497.0,0
1654,0,155,7999.225806451613,9234.545353301746,61700.0,49019.21741935484,19164.340802627157,356979.2,0.5032258064516129,878,0,5.37380410022779,0.0,0.0,1
2383,0,202,3672.534158415842,5153.874329111079,36800.0,39863.764851485146,10073.764058418232,45833.100000000006,0.6683168316831684,878,0,7.003280182232346,3.0,5370.0,0
2134,1,204,3736.241666666667,4995.218145719888,18980.0,40347.106372549024,9200.582653551677,57788.5,0.7058823529411765,877,0,7.080684150513113,3.0,4396.0,0
1738,0,130,1263.5615384615385,1304.9434891910494,5800.0,13284.180769230768,2526.1822042069957,13122.199999999999,0.5461538461538461,877,0,4.512200684150513,1.0,1998.0,0
1576,0,149,8969.109395973155,11191.723700848202,49299.0,36753.07718120806,25109.681379874193,146773.3,0.5234899328859061,877,0,5.171676168757127,1.0,11816.0,0
3614,0,216,8647.361574074075,12824.047566424259,51200.0,59503.78703703704,23611.672909506127,304641.3,0.6435185185185185,876,0,7.505753424657534,4.0,8563.7,1
2066,0,145,1742.2572413793102,1687.5104057187332,9200.0,21944.637931034482,7551.973735858252,14254.5,0.5448275862068965,876,0,5.038584474885845,1.0,2319.0,0
2117,0,158,4705.928481012658,4916.4249377516935,17518.0,22081.339873417724,9935.174736983108,24107.9,0.6075949367088608,876,0,5.490319634703197,1.0,7786.0,0
436,0,191,2648.3366492146597,3327.353692875446,11814.0,17747.469109947644,6457.5179411074805,15145.5,0.6858638743455497,876,0,6.63703196347032,3.0,5250.0,0
2329,0,139,2799.907194244604,2893.7420144476864,9902.0,22594.664748201438,7677.159983644535,35915.49999999999,0.5683453237410072,876,0,4.830091324200914,1.0,4400.0,0
4442,0,151,5209.805298013245,5544.658518535811,19328.0,29730.468874172184,7892.0151971908535,30088.999999999996,0.5960264900662252,875,0,5.253074285714286,2.0,10092.0,0
1325,0,150,1118.904,1222.8513444355858,3450.0,18174.81333333333,4110.497972309185,21794.8,0.6066666666666667,875,0,5.218285714285715,2.0,2128.0,0
715,0,205,4689.454634146341,6211.182922882749,24172.0,33159.21219512195,8485.621388745483,33842.59999999999,0.7170731707317073,875,0,7.131657142857144,3.0,6063.0,0
9491,1,235,11606.552340425531,16711.25913744984,65738.0,57743.585957446805,21338.63337828848,228825.8,0.723404255319149,875,0,8.175314285714286,4.0,12519.0,1
2917,0,147,6901.329931972789,7897.686375225765,32700.0,29266.766666666666,12172.095693031648,46961.899999999994,0.5986394557823129,875,0,5.11392,1.0,6157.0,0
503,0,159,5580.187421383648,5927.732520632984,21804.0,44335.18993710692,9346.177567978071,51548.99999999999,0.6226415094339622,875,0,5.531382857142858,2.0,8921.0,1
2794,0,132,5803.173484848485,6635.371909281529,34080.0,17595.264393939393,14308.071087348946,6740.700000000001,0.5757575757575758,875,0,4.592091428571429,0.0,0.0,0
2191,0,160,5123.07875,5403.217620409884,19696.0,22888.278125,8004.407132070034,22971.8,0.625,875,0,5.566171428571429,1.0,6762.0,0
2947,0,145,1934.491724137931,1920.9621214418487,5196.0,23970.449655172415,5424.631530345381,28020.5,0.593103448275862,874,0,5.050114416475973,1.0,2228.0,0
2086,0,160,17291.93125,20141.683630276835,69298.0,68572.044375,22941.38212796861,491929.0,0.54375,874,0,5.572540045766591,0.0,0.0,1
3020,0,180,2238.5694444444443,4742.126651926948,42928.0,43307.395,18342.855121794342,49854.09999999999,0.4,874,0,6.269107551487414,0.0,0.0,0
1211,0,212,2234.8212264150943,2790.93989612197,16100.0,28944.984433962265,7180.4638165807655,24457.3,0.660377358490566,874,0,7.383615560640732,3.0,4335.0,0
2724,0,149,6178.935570469799,6567.588371426491,23571.0,45351.279865771816,14003.006702162507,60437.799999999996,0.610738255033557,874,0,5.189427917620137,1.0,6399.0,0
963,0,142,7555.286619718309,8229.412654327754,27759.0,54820.0852112676,12624.716032236225,83225.09999999999,0.5915492957746479,874,0,4.945629290617849,1.0,3799.0,0
3749,0,146,9520.03904109589,10890.371366609688,35169.0,59591.65616438357,14585.94330640941,60582.09999999999,0.6027397260273972,873,0,5.090767468499427,1.0,3904.0,1
1223,0,190,4037.842631578947,4992.922838873581,19260.0,40038.36631578947,9420.193538307834,57765.3,0.6842105263157895,873,0,6.6249713631156935,2.0,6361.0,0
613,0,124,6076.955645161291,6512.818933548466,26600.0,29305.93629032258,9471.245711461805,79142.5,0.5,873,0,4.323665521191295,0.0,0.0,0
2149,0,128,2320.4796875,2249.0010321421105,7000.0,20061.47734375,4167.192601385457,17641.8,0.578125,872,0,4.468256880733946,1.0,2536.0,0
416,0,162,1658.482098765432,1874.9558101924558,5600.0,19124.34938271605,4137.25781356822,24770.5,0.6728395061728395,872,0,5.6551376146789,2.0,1969.0,0
1501,0,131,2321.4786259541984,2614.653740776209,15400.0,19123.051908396945,6094.918146649859,26366.1,0.5801526717557252,872,0,4.572981651376147,1.0,2292.0,0
2114,0,176,3835.64375,4221.837034733391,15648.0,21996.96306818182,9663.257213131737,13460.500000000002,0.6420454545454546,872,0,6.143853211009175,2.0,6844.0,0
176,1,274,10550.070072992701,14992.318170975439,61900.0,49256.089781021896,24818.105504212246,264596.0,0.6678832116788321,871,0,9.575843857634903,4.0,6985.3,0
3066,0,159,4983.8685534591195,5725.987755971582,27520.0,36703.41635220126,9755.014640283016,44835.5,0.6037735849056604,871,0,5.556785304247991,1.0,3241.0,0
911,0,162,7556.467901234568,9769.03092782375,49983.0,46607.89938271605,18214.303855863574,335313.4,0.5123456790123457,871,0,5.661630309988519,2.0,10568.0,1
779,0,129,7295.462015503876,8043.712937911838,23900.0,30518.296899224806,10286.817510775154,33603.0,0.5503875968992248,870,0,4.5135172413793105,0.0,0.0,0
916,0,155,6053.10064516129,6378.19465108094,23485.5,27965.347096774192,8772.705022710774,34047.0,0.6258064516129033,870,0,5.423218390804598,1.0,5299.0,0
271,0,142,2480.9,2818.65271070171,12500.0,44847.65845070423,12783.800084183686,58987.0,0.5845070422535211,870,0,4.968367816091954,1.0,1535.0,0
2439,0,142,2439.4654929577464,2609.1374418575465,9500.0,21616.399999999998,5140.6956142430645,20976.5,0.6197183098591549,870,0,4.968367816091954,1.0,2096.0,0
2210,0,133,2200.1902255639097,2249.6752637666923,5777.0,35192.06917293233,8675.186580555584,50680.5,0.556390977443609,870,0,4.653471264367816,1.0,2553.0,0
1885,0,174,2843.6402298850576,6860.311887851996,48934.0,31553.602298850572,13506.483683814628,16934.200000000008,0.4482758620689655,870,0,6.088,0.0,0.0,1
447,0,144,8266.031944444445,8946.196224677891,30945.0,55889.65763888889,13358.780833843126,83313.0,0.6041666666666666,869,0,5.044142692750288,2.0,6108.0,0
3549,0,125,2087.9056,1990.7999207363534,5050.0,16991.9632,3435.6331503283113,18066.600000000002,0.576,869,0,4.378596087456847,1.0,3265.0,0
1563,0,12,2783.3333333333335,3072.113081883346,11300.0,12791.666666666666,4541.617319720794,10000.0,0.5,869,509,0.4203452243958573,0.0,0.0,0
753,0,152,2375.9,2681.5666734156566,13000.0,20682.957236842107,4237.685914960494,18569.199999999997,0.6381578947368421,869,0,5.324372842347526,1.0,1602.0,0
2764,0,180,5250.276111111111,6817.195954008358,24856.0,51750.78888888889,14388.987993659019,90890.1,0.6722222222222223,868,0,6.312442396313364,2.0,3406.0,1
2973,0,175,5472.086285714286,6871.011010646943,24554.0,38405.23142857143,9273.461561264996,58033.5,0.6685714285714286,868,0,6.137096774193549,2.0,4585.0,1
2209,0,251,13764.123505976095,15109.26779642631,61500.0,63082.490836653385,28330.377297807325,331775.8,0.5896414342629482,868,0,8.802350230414747,2.0,7305.0,0
2013,0,105,11869.653333333334,13058.089934125323,47643.0,48235.514285714286,25020.587208492434,295821.60000000003,0.37142857142857144,868,0,3.6822580645161294,0.0,0.0,1
1935,0,143,21062.613286713287,22832.4299664193,74812.0,56644.468531468534,25290.833936084324,332682.10000000003,0.5314685314685315,868,0,5.014884792626728,0.0,0.0,0
382,0,158,1070.2753164556962,1452.6135578656565,7680.0,22705.796202531645,4447.076897335316,28101.9,0.6645569620253164,867,0,5.547312572087659,3.0,2276.0,0
42,0,198,3005.020202020202,3467.9007512622143,13659.0,29084.17323232323,6200.899951218043,25984.399999999998,0.6818181818181818,867,0,6.9516955017301045,3.0,6070.0,0
945,0,92,6300.621739130434,8932.634434228583,39594.0,43368.60326086957,16605.610391224825,72894.4,0.45652173913043476,867,0,3.2300807381776244,1.0,8215.0,1
8038,1,168,7672.570833333333,9193.584063772256,33024.0,55829.70297619047,13473.34006896816,77282.29999999999,0.6547619047619048,866,0,5.905219399538106,2.0,6709.0,1
967,0,115,9436.201739130434,12929.795684638186,48666.0,48694.724347826086,24210.5965769,238266.0,0.4608695652173913,866,0,4.042263279445727,1.0,6824.0,1
3741,0,151,2765.6258278145697,2701.2552199662928,9513.0,27266.93973509934,6449.049292612358,21593.899999999998,0.5695364238410596,865,0,5.313803468208093,1.0,4228.0,0
3311,0,212,11212.92641509434,14065.754552064376,58000.0,54948.56273584906,26614.962153467368,221775.2,0.5990566037735849,865,0,7.460439306358381,4.0,12827.9,0
656,0,152,5243.232894736842,5539.50159091339,20076.0,41172.60131578948,9133.056040240335,50477.80000000001,0.6052631578947368,865,0,5.3489942196531794,1.0,5477.0,0
1667,0,129,2387.7139534883718,2399.3390860083805,9100.0,22335.715503875967,7080.787517658362,17783.5,0.5038759689922481,865,0,4.5396069364161855,0.0,0.0,0
3789,0,154,11127.208441558441,12889.779716782721,70500.0,48798.62402597402,25992.69100066566,263846.10000000003,0.487012987012987,865,0,5.419375722543353,1.0,11244.0,0
7637,1,171,8492.995321637427,9627.395952866598,36178.0,47488.10526315789,13075.145148308105,80446.59999999999,0.6374269005847953,864,0,6.024583333333334,2.0,17524.0,1
4010,0,157,5154.503821656051,5755.543027933643,21252.0,38480.65923566879,12230.58375973283,68977.5,0.6305732484076433,864,0,5.531342592592593,2.0,7772.0,1
4144,1,185,10934.232432432433,13350.171787460387,61900.0,47824.5227027027,21707.622184828626,208199.80000000002,0.5567567567567567,864,0,6.517824074074074,2.0,14668.7,0
3347,0,123,2341.970731707317,2312.1647255307753,8000.0,19027.137398373983,5367.795087193447,17066.799999999996,0.5691056910569106,864,0,4.333472222222222,1.0,2624.0,0
2976,0,161,6251.810559006211,6707.226122880481,24840.0,33597.274534161494,9039.617338563614,31165.899999999987,0.6335403726708074,864,0,5.672268518518519,1.0,8473.0,0
4480,0,134,3538.6335820895524,4016.2621264195254,20500.0,25999.7552238806,7942.215306681084,33705.3,0.5373134328358209,864,0,4.721018518518519,0.0,0.0,0
4969,1,210,13323.08761904762,15326.853146128979,59800.0,63042.460952380956,31747.616914750328,216834.80000000002,0.6190476190476191,864,0,7.398611111111111,3.0,11421.8,0
1274,0,177,12949.223163841807,14582.253547041319,62100.0,53396.53050847458,32304.864353030498,689450.9,0.4519774011299435,864,0,6.235972222222222,0.0,0.0,0
7099,1,223,8017.963677130045,10859.879721924442,43942.0,40076.48206278027,17715.95368940583,131339.3,0.7085201793721974,863,0,7.865724217844728,4.0,17412.5,0
166,0,119,2019.7075630252102,1894.1340715598806,4566.0,24419.12268907563,4226.193433660856,21661.6,0.5546218487394958,863,0,4.197404403244496,1.0,3044.0,0
1367,0,224,3247.245982142857,4591.965793061557,18200.0,27021.426785714284,7207.5384550658055,24521.5,0.7366071428571429,863,0,7.900996523754346,4.0,5213.0,0
2795,0,201,5794.382089552239,7396.841113872706,29419.5,37546.00199004975,11644.63939840972,59457.19999999999,0.7014925373134329,863,0,7.089733487833141,3.0,9957.0,0
2034,0,158,8487.056329113924,9354.295740415924,33642.0,55276.53164556962,16545.9536967707,60611.30000000001,0.6265822784810127,862,0,5.579489559164733,1.0,8744.0,1
2622,1,179,4816.7519553072625,4246.202175696799,15902.0,34076.85921787709,10902.53956361768,30096.999999999996,0.5642458100558659,862,0,6.3210672853828305,2.0,12748.0,0
10562,0,222,12604.605855855856,15974.570109835131,78000.0,66774.7599099099,26171.261141744417,342487.3,0.43243243243243246,862,0,7.83953596287703,0.0,0.0,1
1593,0,120,1295.6208333333334,1273.9263552646812,3130.0,15370.942500000001,3887.8567421964553,24046.899999999998,0.5583333333333333,861,0,4.242508710801394,1.0,2086.0,0
3004,0,141,1728.6680851063832,1736.863361280869,7000.0,15608.7304964539,3406.168907563016,20642.600000000002,0.624113475177305,861,0,4.984947735191637,2.0,3094.0,0
617,0,160,9965.76625,10539.842590042743,39108.0,38592.891875,14357.437540235289,207411.0,0.58125,860,0,5.663255813953489,2.0,15687.2,0
2746,0,144,2410.647916666667,2464.3981328791606,8000.0,28087.60972222222,6235.159922818468,27789.7,0.625,860,0,5.096930232558139,1.0,2404.0,0
3427,0,146,9390.141780821918,10094.859388877483,35510.0,52637.65273972603,17192.691948753018,100311.1,0.6027397260273972,860,0,5.167720930232559,1.0,9843.0,0
58,0,137,2317.383211678832,2664.422584052173,14250.0,12628.81605839416,6826.778315878726,11255.699999999999,0.6058394160583942,860,0,4.849162790697675,0.0,0.0,0
918,0,128,6986.87890625,9209.778053355642,47352.0,35613.0296875,16433.82860001595,188432.5,0.5078125,860,0,4.530604651162791,2.0,12115.0,0
324,0,154,1708.9194805194804,1985.271641250302,6200.0,23448.42142857143,7121.121609772704,38110.0,0.6558441558441559,860,0,5.450883720930233,2.0,2069.0,0
9826,0,191,10692.783769633508,13596.795768810205,60800.0,41370.78429319372,28301.259343044763,310020.9,0.42408376963350786,860,0,6.760511627906977,0.0,0.0,0
2094,0,128,1400.20390625,1396.60196063206,4890.0,17133.1328125,3015.842886896203,18166.5,0.5859375,860,0,4.530604651162791,1.0,2288.0,0
20,0,116,1334.0353448275862,1274.853147092999,4950.0,15604.086206896553,2912.7217182528793,17692.5,0.5431034482758621,859,0,4.110640279394645,1.0,2003.0,0
2930,0,180,13266.662777777778,14358.408314983242,64700.0,65576.10777777778,25670.388257580198,359498.5,0.5,859,0,6.378579743888243,1.0,12032.0,0
182,0,9,3266.6666666666665,3354.8472394432506,10700.0,11966.666666666666,5090.1866370497655,10000.0,0.3333333333333333,859,349,0.31892898719441215,0.0,0.0,0
1517,0,127,1929.7393700787402,1826.3231903853389,4700.0,18341.644881889762,4116.814723686274,16019.300000000003,0.5826771653543307,859,0,4.500442374854482,1.0,2601.0,0
4186,0,155,7981.671612903227,8698.68449859357,31094.0,29925.832258064514,13260.208343493277,38839.5,0.6258064516129033,858,0,5.499067599067599,2.0,7922.0,0
3467,0,261,6411.651340996169,11451.864249019429,64900.0,57986.64252873563,22068.961616924797,228104.6,0.6896551724137931,858,0,9.25972027972028,5.0,5836.0,1
1350,0,146,9022.117808219178,11792.344575304573,49796.0,42679.796575342465,23574.219591168,260697.2,0.5342465753424658,858,0,5.1797668997669,3.0,11447.0,0
10220,0,163,7115.455828220859,9286.236257853814,29106.0,24463.28282208589,14598.466230360036,37904.500000000015,0.4723926380368098,857,0,5.789638273045508,0.0,0.0,0
2792,0,157,1593.0159235668789,1753.033259645778,12300.0,30975.76942675159,8215.227310654644,44135.9,0.5477707006369427,857,0,5.576522753792299,1.0,2327.0,0
1504,0,173,8436.285549132948,10717.716749071908,36208.0,35580.05375722543,14850.083520916578,20117.800000000007,0.6705202312138728,857,0,6.144830805134189,2.0,5506.0,0
3161,1,143,10849.134965034966,14121.459976511123,56000.0,51154.123076923075,26090.483000980716,180288.7,0.5244755244755245,857,0,5.079253208868145,1.0,2501.0,0
987,0,159,4586.253459119497,5516.301776894516,36960.0,44987.68176100629,11412.201263847577,48798.7,0.6163522012578616,856,0,5.654158878504673,1.0,3528.0,0
2360,0,161,7306.298757763976,8284.412465558342,30261.0,44269.06583850931,10242.14622170999,69242.5,0.639751552795031,856,0,5.725280373831776,1.0,7580.0,0
399,0,157,11335.4974522293,13829.257671791858,64600.0,53489.65923566879,28110.5869906512,402681.89999999997,0.4840764331210191,856,26,5.583037383177571,2.0,9099.5,1
637,0,142,1426.8964788732394,1593.6784712876274,9400.0,14262.861971830986,3781.9714818606753,15623.7,0.5563380281690141,856,0,5.049626168224299,1.0,1934.0,0
3353,1,230,8585.52608695652,11593.142879234938,49978.0,43421.252173913046,26517.628868875086,132358.6,0.6652173913043479,856,0,8.178971962616822,4.0,17174.2,0
4588,0,126,2591.6873015873016,2539.4683057674615,7900.0,8786.33492063492,10568.085273935423,-2823.2000000000007,0.6031746031746031,856,0,4.480654205607477,0.0,0.0,0
10,0,156,6670.545512820513,7336.052021901444,26529.0,47792.126923076925,12152.30822891788,59295.5,0.6217948717948718,855,0,5.553964912280702,2.0,8377.0,0
2113,0,126,4931.257142857143,5239.669147607375,19900.0,27086.981746031746,10522.96602778057,14106.8,0.5396825396825397,855,0,4.485894736842106,0.0,0.0,0
2677,0,213,5580.622535211268,8025.364872323482,29901.0,33911.25680751174,12168.378656630659,41461.0,0.7276995305164319,855,0,7.583298245614036,4.0,6324.0,0
6062,1,202,11507.826237623762,14251.9575651683,63200.0,53716.30148514851,19053.870365540264,594029.3,0.5742574257425742,855,0,7.191672514619883,2.0,15964.0,1
2065,0,149,7639.692617449664,8562.279760711417,27972.0,33986.16040268457,12068.350601580902,16432.6,0.610738255033557,855,0,5.3047485380116965,1.0,3075.0,0
1894,0,134,10579.558208955224,11953.878299293941,35859.0,53891.72835820895,13341.563271337416,54189.19999999999,0.5671641791044776,854,0,4.776299765807963,0.0,0.0,1
1117,0,150,1899.6380000000001,2161.059952821126,12550.0,19963.725333333332,4020.613277290969,20614.1,0.6466666666666666,854,0,5.346604215456674,2.0,2715.0,0
833,0,123,2371.1788617886177,2258.2685603933355,5900.0,18987.60487804878,4589.074338191897,28327.4,0.5609756097560976,854,0,4.384215456674473,1.0,3462.0,0
3155,0,158,7322.06329113924,7978.978474320864,29062.0,23684.313291139242,11571.55959211079,35510.40000000001,0.6329113924050633,854,0,5.6317564402810305,1.0,8704.0,0
242,0,178,7766.798314606742,10480.68562031693,47520.0,34692.574157303374,14590.685562728086,53110.49999999999,0.6741573033707865,854,0,6.34463700234192,2.0,4039.0,0
812,0,157,7544.793630573249,7980.19189637919,29323.5,35422.39872611465,10414.09633771227,34853.0,0.6242038216560509,853,0,5.602672919109027,1.0,9128.0,0
3774,0,172,4585.678488372093,4985.81240301644,19410.0,27262.201162790694,7355.189660289464,32429.100000000002,0.6511627906976745,853,0,6.1379601406799535,2.0,8626.0,0
3272,0,217,5679.489400921659,8885.964934697537,44480.0,40252.40046082949,11956.698279790078,34337.600000000006,0.728110599078341,853,0,7.743821805392732,4.0,3465.0,0
7990,1,214,13452.052803738317,15016.055237443661,58100.0,67525.05560747664,24303.66797912548,238389.30000000002,0.5607476635514018,853,0,7.636764361078546,2.0,10178.0,0
7262,1,190,5400.7542105263165,6657.53059881332,25654.5,32637.26052631579,8497.291820218805,40855.7,0.6789473684210526,853,0,6.780304806565065,3.0,9996.0,0
3504,0,127,2495.671653543307,2444.180530991725,9000.0,17748.088976377952,4560.357380475274,15718.7,0.5354330708661418,853,0,4.5320984759671745,1.0,3360.0,0
2347,0,137,2610.4868613138688,2651.098827701048,10600.0,23391.997810218978,5355.451219764267,12189.099999999997,0.6058394160583942,853,0,4.888956623681126,1.0,3477.0,0
269,0,177,1371.535593220339,1645.9280477372627,12000.0,27663.469491525422,6111.549618687356,42634.2,0.5932203389830508,853,0,6.316389214536929,2.0,2146.0,0
1258,0,153,973.9065359477125,1065.2306314197383,4600.0,15582.64183006536,3219.1496535251918,18178.1,0.6274509803921569,851,0,5.472761457109284,2.0,1933.0,0
3418,1,186,12047.38440860215,14219.62216184169,56700.0,50082.25268817204,27666.17442077948,421329.5,0.521505376344086,850,0,6.660988235294117,1.0,4318.0,0
871,0,145,10458.196551724139,11471.823865335438,37465.5,46190.794482758625,16207.8996838852,18622.90000000001,0.6068965517241379,850,0,5.192705882352941,1.0,5168.0,1
2953,0,181,2308.290055248619,2450.4311165839313,12600.0,43324.154696132595,12204.55855136572,47384.9,0.5966850828729282,850,0,6.481929411764706,3.0,4943.0,1
3126,0,141,2724.6517730496457,2689.513154978127,10100.0,20298.669503546098,6535.862146604724,22488.300000000003,0.5460992907801419,849,0,5.055406360424028,1.0,3992.0,0
1293,0,155,8839.771612903227,10565.52159692852,34482.0,42399.367741935486,16443.93875062411,48629.00000000001,0.6258064516129033,849,0,5.55736160188457,1.0,3484.0,0
406,0,154,1059.0344155844155,1219.2193387027003,6000.0,16781.155844155845,3647.8456583024035,15167.7,0.6298701298701299,849,0,5.52150765606596,2.0,2064.0,0
4456,1,192,11495.902604166666,12811.906275446716,49368.0,70888.94791666667,25374.453473851325,299306.3,0.5364583333333334,849,0,6.883957597173145,1.0,5353.5,1
174,0,121,1432.7917355371899,1389.8393099915534,3400.0,15298.274380165289,3436.751028940196,20982.2,0.5289256198347108,848,0,4.343443396226415,1.0,2139.0,0
694,0,134,2381.7664179104477,2436.5485476600634,6318.0,29717.38880597015,6460.1509033058,42169.1,0.5746268656716418,848,0,4.810094339622641,1.0,3096.0,0
2885,0,156,7141.639743589744,8103.975886230401,29229.0,59248.80192307692,15518.145826144308,96784.2,0.6282051282051282,848,0,5.599811320754717,1.0,7905.0,0
2872,1,173,4333.3913294797685,4546.0352578187685,18224.0,18990.22196531792,8347.126470402061,17037.100000000006,0.653179190751445,848,0,6.210047169811321,3.0,12571.0,0
920,0,140,2053.531428571429,2110.151236561828,6300.0,16717.16642857143,3877.5026128432005,15526.800000000001,0.5928571428571429,847,0,5.031404958677687,1.0,2437.0,0
1525,0,139,1768.9007194244605,1882.0464207298623,6500.0,18440.8690647482,3906.8785015745066,18445.600000000002,0.5899280575539568,847,0,4.995466351829989,1.0,1625.0,0
1997,0,165,2263.1206060606064,2620.06698514484,7400.0,29007.688484848484,6115.538950616941,24169.3,0.6545454545454545,847,0,5.92987012987013,2.0,1942.0,0
1679,0,153,5137.938562091503,5563.251743267036,20194.5,45159.683660130715,8557.52049046133,50417.0,0.6143790849673203,847,0,5.498606847697757,1.0,5087.0,0
7082,1,233,3231.1497854077256,4264.065823199694,17642.0,28162.68454935622,7258.237724049275,22345.5,0.703862660944206,846,0,8.383593380614657,5.0,11885.0,0
1910,0,173,6552.69132947977,9028.650054306128,41760.0,73785.01849710982,17153.176519017186,96251.2,0.6647398843930635,846,0,6.224728132387707,2.0,3187.0,1
5362,1,192,8158.7140625,9401.21055914293,38037.0,29765.298437499998,15837.028089532336,177575.5,0.6458333333333334,846,0,6.908368794326241,3.0,18601.3,0
1408,0,139,15649.01798561151,16671.394173050587,55320.0,71004.71223021582,21610.539603029927,434341.89999999997,0.5035971223021583,845,0,5.007289940828403,0.0,0.0,1
125,0,150,12684.975999999999,14655.404036822305,64000.0,48176.58533333333,26174.61660586606,371746.39999999997,0.5,845,0,5.403550295857988,1.0,4422.1,0
2655,0,208,5721.807211538461,9276.303166306758,43114.0,42105.13221153846,17999.332807282466,201235.1,0.6682692307692307,845,0,7.492923076923077,4.0,6544.0,0
2314,0,125,5753.397599999999,6192.446220265563,18981.0,35552.4208,10156.973753021313,46732.3,0.552,845,0,4.502958579881657,0.0,0.0,0
297,0,166,2276.5493975903614,6064.064616147969,46581.0,25512.302409638556,13462.615810620078,61477.200000000004,0.4036144578313253,844,0,5.987014218009479,0.0,0.0,0
2914,0,173,2956.8329479768786,3125.5225351244717,11676.0,32239.260115606936,7564.639490039966,40322.5,0.6127167630057804,844,0,6.239478672985783,2.0,5189.0,0
4405,0,151,10349.603311258279,12633.40149965647,49130.0,41964.93311258278,25378.061591284495,345023.1,0.5033112582781457,844,0,5.446018957345972,0.0,0.0,0
2084,0,147,8073.966666666667,9194.908845476444,47200.0,55107.70544217687,13131.9227659781,84957.49999999999,0.5986394557823129,844,0,5.30175355450237,1.0,4554.0,1
2045,0,132,2502.744696969697,2680.009253325554,9500.0,22294.03787878788,6594.412755449967,16903.899999999998,0.6136363636363636,843,0,4.766405693950178,1.0,1536.0,0
2058,0,216,1430.0671296296296,1874.3307454483909,8500.0,18834.38703703704,5034.761326997652,13650.900000000001,0.6851851851851852,843,0,7.799572953736655,4.0,2702.0,0
1190,0,144,5281.109722222222,5547.936030007166,24100.0,26698.861805555556,8716.514175511198,23783.4,0.5763888888888888,843,0,5.199715302491104,1.0,8249.0,0
1067,0,187,15217.212299465242,15978.748053418725,58000.0,69916.51122994653,31179.025361253185,71967.9,0.5561497326203209,842,0,6.76042755344418,1.0,7811.0,1
2629,0,132,8152.81893939394,8999.163110319045,27316.0,39413.503787878784,12123.75775208988,46740.50000000001,0.5606060606060606,842,0,4.772066508313539,0.0,0.0,1
1774,0,132,1274.6409090909092,1304.9281067005886,3300.0,15556.127272727274,3140.3856900795845,18001.000000000004,0.5681818181818182,842,0,4.772066508313539,1.0,2170.0,0
2156,0,146,9535.203424657533,10348.16282312895,36349.5,43764.4301369863,12485.844140500816,49571.3,0.6164383561643836,841,0,5.284470868014269,1.0,9921.0,1
2349,0,122,2671.3295081967212,2877.8484386171203,14700.0,17505.132786885246,4609.9026098323675,13627.8,0.5737704918032787,841,0,4.415790725326992,1.0,1992.0,0
2614,0,124,1375.0749999999998,1423.3411379781642,5400.0,13782.870161290322,2934.206203758622,15145.7,0.5403225806451613,841,0,4.488180737217598,1.0,2152.0,0
339,1,216,12879.660185185186,17613.950973755138,70210.0,65889.68842592592,23976.978364372484,416387.8,0.6805555555555556,841,0,7.8181212841854935,3.0,11936.2,1
2164,0,145,8350.850344827586,9155.241950047315,32449.5,49370.637241379314,14377.47803663842,78158.9,0.6206896551724138,840,0,5.25452380952381,1.0,7552.0,1
3508,0,127,9099.340157480314,10046.937616399287,30290.0,38105.07007874016,11345.505730361654,53573.80000000001,0.5590551181102362,840,0,4.6022380952380955,0.0,0.0,0
164,0,51,5518.676470588235,9669.971377405174,47058.0,26588.617647058825,13013.9097678093,32852.5,0.37254901960784315,839,29,1.8503456495828368,0.0,0.0,0
1799,0,128,2074.76953125,2188.604130366669,10850.0,19573.2328125,4627.312299678655,25474.9,0.5546875,839,0,4.644004767580453,1.0,2514.0,0
1600,0,118,2887.6050847457627,2763.601480814528,10900.0,19615.74661016949,6025.366677052703,29031.0,0.559322033898305,839,0,4.28119189511323,1.0,3234.0,0
3044,0,115,1826.2982608695652,1686.3985036624183,4134.0,20024.10260869565,4983.746616268587,18097.899999999998,0.5565217391304348,838,0,4.177326968973747,1.0,2756.0,0
3499,0,136,18039.649999999998,18789.391468040132,63498.0,54408.79044117647,22104.38231755692,515550.0,0.47794117647058826,838,0,4.940143198090692,0.0,0.0,0
1474,0,115,1764.9808695652173,1637.3660178156513,4043.0,19100.61565217391,3432.7662246227533,20860.399999999998,0.5565217391304348,838,0,4.177326968973747,1.0,2695.0,0
2026,0,170,4551.108235294118,5617.267395893948,24400.0,43934.577647058824,12230.095682158977,71526.0,0.6470588235294118,838,0,6.175178997613365,2.0,5330.0,0
1556,0,123,2235.440650406504,2445.277683578986,11400.0,41622.1325203252,10687.036043412418,55734.8,0.5853658536585366,837,0,4.4732616487455195,1.0,1837.0,0
6075,1,128,3185.884375,3025.5626410164714,9900.0,14818.46328125,5707.083274799093,18036.8,0.4921875,837,0,4.6551015531660696,1.0,8499.0,0
1066,0,165,16186.272121212121,16469.200651280702,63300.0,72071.51818181819,27938.20466377597,218814.9,0.4909090909090909,837,0,6.000716845878136,0.0,0.0,0
2275,0,129,5798.627906976744,5892.7108429209065,19710.0,23819.867441860464,11815.821339192336,44354.600000000006,0.5658914728682171,836,0,4.697081339712919,1.0,6531.0,0
5305,1,149,11718.572483221476,13291.697627257416,45100.0,39089.1067114094,17574.031840003827,441223.3,0.5302013422818792,836,0,5.425311004784689,1.0,5011.2,0
1329,1,175,4064.934857142857,4377.477606195548,17642.0,21759.189714285716,7556.591708310071,35022.4,0.6571428571428571,836,0,6.37200956937799,3.0,10409.2,0
3098,0,143,3603.022377622378,4114.594723345551,31200.0,31756.788111888112,7118.762646622106,33009.799999999996,0.5104895104895105,836,0,5.206842105263158,1.0,4605.0,0
4349,0,129,14425.738759689923,15313.08657126168,49152.0,51518.12480620155,18690.03607779352,290877.9,0.5116279069767442,836,0,4.697081339712919,0.0,0.0,0
2990,0,167,1963.776646706587,2615.3265018576185,17900.0,35757.22335329341,8027.24814975246,42712.3,0.5808383233532934,836,0,6.080717703349283,2.0,2726.0,1
3800,0,158,2832.4056962025315,2977.766779402832,11090.0,17734.042405063294,7021.745126738669,10869.700000000003,0.6265822784810127,836,0,5.753014354066986,2.0,4928.0,0
3191,0,169,3414.2846153846153,3684.079697431071,14356.0,24052.357396449705,5822.061214371453,18491.7,0.650887573964497,835,0,6.160910179640719,2.0,6380.0,0
2076,0,153,2114.7849673202613,2444.686305373437,8700.0,20139.509150326798,4815.644609586217,15747.699999999997,0.6601307189542484,835,0,5.57762874251497,2.0,2052.0,0
1002,0,166,1592.789156626506,1841.5137040447837,8600.0,17292.892168674698,5206.498775370861,23340.6,0.6445783132530121,835,0,6.051544910179641,3.0,2855.0,0
8381,1,267,10303.001872659175,13584.410643577534,64800.0,49787.85617977528,31979.634691743417,241870.90000000002,0.5580524344569289,835,0,9.733508982035929,3.0,15729.8,0
1957,0,169,1429.569230769231,1644.5126768756638,11200.0,30643.176331360944,6087.454816829154,26012.8,0.5976331360946746,834,0,6.168297362110311,2.0,2487.0,0
3569,0,164,2251.692682926829,5732.6520194854465,43016.0,22974.09695121951,9783.93467872706,41476.8,0.43902439024390244,834,0,5.985803357314149,0.0,0.0,0
10789,1,286,11409.673776223777,13920.454711772274,61900.0,61220.05874125874,28038.348343349207,289757.89999999997,0.6573426573426573,834,0,10.438657074340528,4.0,17756.7,0
831,0,115,1506.8973913043478,1430.1107527017393,3700.0,15526.677391304347,3115.310388356216,17344.8,0.5565217391304348,834,0,4.197362110311751,1.0,2291.0,0
6083,1,220,11366.441818181818,14424.646562844862,64000.0,44138.91772727273,35314.49582689734,330697.4,0.5045454545454545,833,0,8.03937575030012,1.0,7518.0,0
1669,0,134,3748.184328358209,3620.1976289229456,12514.0,20420.420895522388,7316.349233609035,11082.299999999997,0.5746268656716418,833,0,4.896710684273709,1.0,5562.0,0
8268,1,210,3760.5238095238096,5437.775951266915,37600.0,37305.15714285714,15516.120100689346,72861.6,0.5571428571428572,833,0,7.673949579831933,3.0,8228.0,0
1063,0,125,3340.34,3851.4711635568137,17600.0,58807.720799999996,20174.914947653375,89300.1,0.52,833,0,4.567827130852341,0.0,0.0,0
1532,0,148,5567.125,6438.50334477379,43520.0,46780.06891891892,17409.25165069983,91680.09999999999,0.5067567567567568,833,0,5.408307322929172,1.0,7903.0,0
3179,0,161,5317.608695652174,6597.202210221309,22269.0,32852.45341614907,10299.654673264728,35866.6,0.6459627329192547,832,0,5.890432692307693,2.0,3571.0,0
2906,0,191,5103.873298429319,6378.803304421121,25000.0,33966.58167539267,11017.88048143989,13729.399999999998,0.6910994764397905,832,0,6.9880288461538465,3.0,9658.0,0
1538,0,199,17818.06030150754,16562.578277641802,63800.0,64955.41557788944,31305.25178682603,273088.0,0.49246231155778897,832,0,7.280721153846154,1.0,10288.0,1
2640,0,150,6122.406666666667,6892.173473051866,28800.0,54242.438,16519.137926889725,70206.6,0.5666666666666667,831,0,5.494584837545127,1.0,8872.0,1
2921,0,147,5567.502040816327,5890.260283251317,20553.0,27360.31700680272,7296.63992011987,29712.399999999994,0.5986394557823129,831,0,5.384693140794225,1.0,6797.0,0
3431,0,146,8333.215753424658,8862.00830995718,31309.5,41061.81232876712,14206.266491196115,30233.100000000002,0.6095890410958904,831,0,5.34806257521059,1.0,8649.0,0
3967,1,189,12677.080952380951,15941.797347881193,77400.0,57086.60634920635,35638.122650923964,325487.5,0.5185185185185185,830,0,6.9315180722891565,1.0,2349.5,0
1173,0,144,1252.7520833333333,1268.1797613069828,3960.0,15096.602777777776,2833.1214539301873,9621.9,0.6458333333333334,830,0,5.281156626506024,2.0,2302.0,0
7632,1,161,7899.184472049689,8858.146784518185,33225.0,42927.04223602484,12379.368045020712,55746.299999999996,0.6521739130434783,830,0,5.904626506024096,2.0,13180.0,0
2339,0,124,2444.245161290323,2355.219455618252,5893.0,17793.791935483874,4054.326838967257,19445.999999999996,0.5806451612903226,830,0,4.547662650602409,1.0,3893.0,0
1100,0,156,1055.122435897436,1192.854876962568,4100.0,13437.752564102564,2345.81645192509,14266.7,0.6730769230769231,829,0,5.728154402895054,3.0,2159.0,0
1484,0,146,2250.2157534246576,2418.681834750102,6612.0,26958.75616438356,5496.401720511119,34161.1,0.6506849315068494,829,0,5.360965018094089,2.0,3140.0,0
2801,0,118,2406.356779661017,2348.7322911084448,5962.0,33956.34830508475,6725.650123803468,46391.7,0.5677966101694916,829,0,4.332834740651387,1.0,3524.0,0
1113,0,164,3368.4091463414634,3799.606103879685,24960.0,38139.86097560976,11094.86152894407,64374.700000000004,0.5609756097560976,829,0,6.021905910735827,2.0,5646.0,0
770,0,121,4453.026446280991,5136.538879420144,26500.0,33352.28512396694,7813.914509500145,46973.8,0.5041322314049587,828,0,4.4483574879227055,0.0,0.0,0
2332,0,139,3744.0194244604318,4007.351342055988,22000.0,50125.26043165468,18049.427862190212,66702.29999999999,0.539568345323741,828,0,5.110096618357488,1.0,3919.0,1
1463,0,167,1444.2005988023952,1599.7932558632888,6840.0,25959.037724550897,6310.843338891097,37023.1,0.5808383233532934,827,0,6.1468923821039905,2.0,2224.0,0
3894,0,145,2252.353793103448,2548.439167766896,8250.0,36553.53172413793,10760.240294151217,52632.9,0.6344827586206897,827,0,5.337122128174124,2.0,3366.0,0
2091,0,124,2469.7701612903224,3022.7182105655374,22200.0,40390.100000000006,8802.405655440265,51409.1,0.49193548387096775,827,0,4.5641596130592506,0.0,0.0,0
1377,0,122,1424.0926229508195,1396.0258291181308,3800.0,15572.319672131147,2833.5500996476335,15024.900000000001,0.5819672131147541,827,0,4.490544135429262,1.0,2272.0,0
9241,1,202,8281.735148514852,10936.291884718668,42783.0,41142.70445544554,14921.175493748937,284354.89999999997,0.5346534653465347,827,0,7.435163240628779,2.0,8348.7,0
1308,0,111,2253.6117117117115,2175.530525923557,8800.0,26359.986486486487,5616.856060781957,32164.5,0.5405405405405406,827,0,4.085659008464329,1.0,3206.0,0
1370,0,125,2249.9256,2475.5664460920393,11500.0,32688.224,7175.003414221959,39710.3,0.592,827,0,4.600967351874244,1.0,1852.0,0
3399,0,209,4666.090909090909,6422.040005015753,25335.0,32289.703827751193,9576.784821579286,39848.600000000006,0.7320574162679426,826,0,7.702130750605327,4.0,7546.0,0
1374,1,166,17180.57951807229,20112.39392332429,72966.0,55640.93373493976,24264.66204132719,403314.8,0.5542168674698795,826,0,6.117481840193705,1.0,8107.3,0
2955,0,117,2196.01452991453,2064.2186819157073,5079.0,21417.87094017094,4569.824251073554,23075.3,0.5641025641025641,825,0,4.316945454545454,1.0,3386.0,0
3446,0,183,14095.420765027322,14500.855414389078,58300.0,64513.34262295082,30580.417168153275,307866.0,0.4972677595628415,825,0,6.752145454545454,1.0,12659.0,1
3339,0,144,3208.53125,3251.0928085577266,11496.0,29517.272916666665,6837.428165365548,32102.1,0.5833333333333334,825,0,5.313163636363637,1.0,3354.0,0
1631,0,111,1835.0576576576575,1697.2411169333043,4115.0,17135.972072072072,4060.6717179252973,22491.000000000004,0.5405405405405406,825,0,4.095563636363637,1.0,2743.0,0
2869,0,131,2103.9137404580156,2052.485369151015,6050.0,22107.752671755727,4732.747918027005,14638.300000000001,0.6030534351145038,825,0,4.833503030303031,1.0,2562.0,0
2083,0,136,10326.511764705883,10791.745374841646,36320.0,28232.453676470588,13033.730983231382,17915.200000000004,0.5955882352941176,824,0,5.024077669902913,1.0,8282.0,0
1823,0,117,2154.5666666666666,2129.0410301596935,10300.0,17376.109401709404,4336.8468014569535,20179.899999999998,0.5641025641025641,824,0,4.322184466019418,1.0,2347.0,0
2561,0,143,8130.267832167832,9057.490383169694,37280.0,43872.88041958042,16456.655025051645,79969.9,0.5944055944055944,823,0,5.289088699878493,1.0,7764.0,1
972,0,133,1124.2812030075188,1200.4446717874107,5100.0,15170.445112781954,3590.117959792152,19773.0,0.6090225563909775,823,0,4.919222357229648,2.0,2038.0,0
698,0,142,6191.814084507042,6591.917111619872,22854.0,36685.73028169014,9824.006713026365,52207.200000000004,0.5915492957746479,823,0,5.2521020656136095,1.0,6177.0,0
2294,0,139,5833.588489208633,6314.496862397577,21200.0,24709.85467625899,8777.40642432111,25350.4,0.5971223021582733,823,0,5.141142162818955,1.0,4426.0,0
2373,0,118,2104.5737288135592,2070.890986389446,7800.0,13645.616101694915,3009.6101163561966,16429.300000000003,0.5677966101694916,823,0,4.36442284325638,1.0,2377.0,0
241,0,190,1345.0494736842104,1592.9455547496113,10300.0,27634.656315789474,5658.006209833592,39909.0,0.6368421052631579,823,0,7.027460510328068,3.0,2586.0,0
2483,0,168,7997.411904761904,9369.047867113533,35331.0,45404.326785714286,12181.746750240814,61554.8,0.6666666666666666,823,0,6.213754556500608,2.0,9922.0,1
569,0,144,1664.2958333333333,1976.5904358342598,14600.0,25954.52361111111,6009.127638094164,21400.2,0.5208333333333334,821,0,5.33904993909866,1.0,2074.0,0
1500,0,148,8522.818918918918,9720.579264543807,33081.0,60579.0081081081,14227.522490660369,57860.799999999996,0.6216216216216216,821,0,5.487356881851401,1.0,4119.0,1
3232,0,122,1970.5680327868852,1899.3425976333308,5100.0,14994.42049180328,3808.9214524020254,11948.9,0.5491803278688525,820,0,4.528878048780488,1.0,2413.0,0
618,0,161,9003.254037267081,11692.2464960759,37344.0,55944.298136645964,15947.50412927707,33629.50000000001,0.6583850931677019,820,0,5.976634146341464,2.0,3782.0,1
1502,0,101,10751.649504950496,14282.971418858357,49737.0,43888.65544554456,22969.381749683536,158664.6,0.4752475247524752,820,0,3.7493170731707317,1.0,7338.0,0
10857,1,158,8534.55,12373.160597259424,56500.0,23113.343670886075,21352.54788404506,117508.09999999999,0.4873417721518987,820,19,5.865268292682927,1.0,6426.3,0
692,0,160,6595.190625,8180.93365723006,32640.0,28644.41875,13171.800731862664,13090.099999999995,0.65,820,0,5.939512195121951,2.0,4503.0,0
3843,0,116,3359.3250000000003,7629.05718333445,41413.0,23193.647413793104,13256.839038811248,33939.3,0.45689655172413796,820,0,4.306146341463415,0.0,0.0,0
3158,0,114,1328.9877192982456,1304.8125965288039,3151.0,21160.85350877193,5636.262854889962,23402.2,0.5175438596491229,819,0,4.237069597069597,1.0,2100.0,0
3071,0,156,8821.898076923078,10089.773950493674,36399.0,57340.218589743585,13512.06011981127,72813.7,0.6410256410256411,819,0,5.798095238095239,2.0,9390.0,1
1586,0,143,6727.456643356643,7775.352973026319,42400.0,45274.146853146856,11237.588156973325,72727.9,0.5944055944055944,819,0,5.314920634920635,1.0,5504.0,0
3913,0,141,5840.760992907802,6162.068573606165,21520.0,37601.31205673759,9273.3427587781,53132.9,0.5957446808510638,818,0,5.246992665036674,1.0,7333.0,0
822,0,125,2782.3232000000003,3306.333471149165,17100.0,20201.352,7332.903210382547,30772.0,0.56,818,0,4.65158924205379,1.0,1784.0,0
1155,0,131,2374.800763358779,2546.261656761088,11850.0,24284.640458015267,5947.02193384708,17896.5,0.5801526717557252,818,0,4.874865525672371,1.0,2260.0,0
2807,0,109,7990.888073394496,11850.620368545835,49947.0,37297.62385321101,20171.54959016994,138164.40000000002,0.5137614678899083,818,0,4.056185819070905,0.0,0.0,0
1751,0,135,2226.965185185185,4089.9603891326888,27890.0,30926.177037037036,8345.137167245388,37768.7,0.4666666666666667,818,0,5.023716381418093,0.0,0.0,0
3904,0,121,1241.7619834710745,1256.388174507664,3113.0,19005.938842975207,4069.6366184294616,22910.8,0.5454545454545454,817,0,4.508249694002448,1.0,2075.0,0
2252,0,140,1127.3578571428573,1221.8040635854575,4260.0,18957.02357142857,4024.2534378121068,23111.7,0.6071428571428571,817,0,5.216156670746634,2.0,2106.0,0
826,0,179,2828.1122905027933,3407.823677911716,12567.0,21462.5312849162,8189.041310335814,24419.699999999993,0.6703910614525139,817,0,6.669228886168911,3.0,5585.0,0
1008,0,131,2334.1809160305343,2387.453615211581,8700.0,24862.2106870229,6353.190303658496,19409.3,0.5801526717557252,817,0,4.880832313341493,1.0,2691.0,0
1558,0,161,2333.3670807453414,2496.248219147497,10900.0,19989.449689440993,4714.234980913185,24190.899999999998,0.6086956521739131,816,0,6.0059313725490195,3.0,5431.0,0
2465,0,154,2037.305844155844,2220.005052818751,6003.0,20094.983766233767,5128.172468797704,16582.7,0.6428571428571429,816,0,5.744803921568628,2.0,3630.0,0
814,0,156,2260.923076923077,2876.648993059541,17100.0,23310.553846153845,8664.478996367945,17805.6,0.6474358974358975,816,0,5.819411764705882,2.0,2230.0,0
325,0,126,2382.0460317460315,2481.9067690354786,12600.0,17230.69126984127,4251.4214642167835,19749.4,0.5634920634920635,816,0,4.700294117647059,1.0,2741.0,0
261,0,144,1482.0944444444444,1806.8132899843367,9800.0,17089.293055555558,4507.283138295466,21485.2,0.6041666666666666,815,0,5.378355828220859,2.0,2553.0,0
2240,0,161,13069.001863354037,14846.825500214147,58800.0,59286.85403726708,26118.34328809446,419979.3,0.4968944099378882,815,0,6.013300613496933,1.0,2324.2,1
2657,0,119,1752.001680672269,1814.1998537891782,9050.0,23018.621848739494,5827.731758134795,28249.8,0.5378151260504201,815,0,4.444613496932516,1.0,2174.0,0
7636,1,205,6647.546341463415,10330.297446444061,60300.0,43748.836097560976,20952.47166439135,191446.19999999998,0.6341463414634146,814,0,7.666093366093366,3.0,6934.0,0
3175,0,114,2196.259649122807,2428.2766746081247,14600.0,17733.205263157895,4749.981150383504,19991.2,0.5175438596491229,814,0,4.263095823095823,1.0,3280.0,0
1812,0,140,1208.0071428571428,1280.397841142857,6150.0,16470.922857142858,2796.776504944663,15459.8,0.65,814,0,5.235380835380835,2.0,2302.0,0
10607,0,180,11155.03611111111,13581.10424169862,64800.0,49262.49555555555,26034.607896119203,200093.3,0.43333333333333335,814,0,6.731203931203931,0.0,0.0,1
2999,0,137,2305.693430656934,2163.8198886053738,11680.0,25752.46496350365,6200.125742719105,23962.8,0.5036496350364964,814,0,5.123194103194103,1.0,2806.0,0
921,0,159,2133.0597484276727,2620.9125278947954,12100.0,28729.479874213834,7841.739445282129,25258.1,0.6540880503144654,814,0,5.945896805896806,2.0,1776.0,0
2934,0,152,12587.311842105262,14580.365897724047,60800.0,62346.26052631579,26614.157083579128,543399.8,0.4473684210526316,814,0,5.684127764127764,0.0,0.0,1
3394,0,159,2090.4993710691824,2575.015429780412,9250.0,20040.19811320755,4807.665428823303,24355.0,0.6540880503144654,813,0,5.953210332103321,2.0,1889.0,0
1777,0,186,6499.443548387097,9261.751139582233,33336.0,59303.218817204295,14810.484776146077,77023.29999999999,0.7096774193548387,812,0,6.972709359605911,3.0,4315.0,1
1003,0,162,7297.267283950618,8988.742473118997,31532.0,51058.66049382716,12363.095511722373,70430.90000000001,0.6604938271604939,812,0,6.073004926108375,2.0,5461.0,0
4090,0,28,2550.092857142857,2707.853779892929,13300.0,18568.135714285712,5731.408691697867,24002.6,0.5,811,31,1.0509494451294699,0.0,0.0,0
3249,1,162,7099.592592592592,8029.816577552526,30993.0,37501.166049382715,13501.780760242702,57644.799999999996,0.6604938271604939,811,0,6.080493218249075,2.0,13874.0,0
472,1,159,17553.445283018867,20763.13342074561,78300.0,58574.12893081761,28503.283725757916,169156.2,0.6289308176100629,811,0,5.9678914919852035,1.0,8200.2,0
6950,1,161,8484.919254658385,9632.568103694593,42080.0,46895.277639751555,22439.07865727215,59094.799999999996,0.6149068322981367,810,0,6.05041975308642,2.0,18471.0,1
3271,0,118,1770.278813559322,1990.4985553747601,11800.0,17246.065254237288,5401.6517066601455,19265.7,0.5254237288135594,810,0,4.434469135802469,1.0,2527.0,0
3329,1,164,6557.440853658537,7785.446761525092,30080.0,36320.464634146345,10312.909277555249,37235.1,0.6463414634146342,810,0,6.16316049382716,2.0,10853.0,0
9677,1,161,4835.309316770186,5747.30106786874,20433.0,34813.64844720497,9215.372184684853,37363.6,0.6459627329192547,809,0,6.057898640296663,2.0,9471.0,0
342,0,115,1454.8747826086958,1514.3612544882901,7320.0,18770.01565217391,3542.6668908574247,19929.4,0.5739130434782609,809,0,4.327070457354759,1.0,2332.0,0
536,0,137,1751.724087591241,1848.984017783405,5012.0,21572.60218978102,5845.55685422279,26371.000000000004,0.6423357664233577,809,0,5.154857849196539,2.0,2569.0,0
350,0,120,2590.429166666667,2624.6835221594047,10550.0,19068.996666666666,4488.937763756541,22156.3,0.575,809,0,4.515203955500618,1.0,3791.0,0
2475,0,199,3693.8638190954775,5058.648871851486,30400.0,24219.708040201007,8875.480254545322,23899.7,0.7135678391959799,809,0,7.487713226205192,4.0,8278.0,0
10063,1,232,9471.40775862069,14141.840863397301,62800.0,49418.36163793103,20828.926261314045,341721.39999999997,0.7068965517241379,809,0,8.729394313967862,5.0,18246.7,0
581,0,106,1980.8528301886793,2327.4123086629334,12350.0,33195.09905660377,12256.86033814762,51693.2,0.5377358490566038,809,0,3.9884301606922126,1.0,1502.0,0
2988,1,168,12602.474999999999,14478.670627594414,55000.0,54237.568452380954,33002.29055342358,106375.8,0.5178571428571429,808,0,6.329108910891089,1.0,7384.0,0
3314,0,53,6020.4226415094345,11016.447140345022,47150.0,44608.88490566037,24043.254576599076,52682.399999999994,0.32075471698113206,808,28,1.9966831683168318,0.0,0.0,0
4949,1,154,13441.237662337662,15243.999982935868,54358.0,64986.96558441558,22592.700272905775,248263.80000000002,0.5974025974025974,808,0,5.801683168316832,1.0,6039.8,1
713,0,113,2525.6389380530973,2347.8590462693583,6200.0,12688.429203539823,3852.174940622168,12580.0,0.5575221238938053,807,0,4.262354399008674,1.0,3581.0,0
11325,0,149,6566.440268456376,11380.139954875629,49858.0,37791.67181208053,27993.882755552728,128864.2,0.5838926174496645,807,31,5.620272614622057,0.0,0.0,0
8628,0,184,8316.672282608695,12050.30833141309,62700.0,34022.44728260869,29683.34577780797,141894.9,0.5271739130434783,807,0,6.940470879801735,0.0,0.0,0
4493,0,122,9614.47786885246,12550.909687859756,47538.0,52229.31803278688,24836.67775932398,193766.3,0.4672131147540984,807,0,4.6018339529120205,0.0,0.0,0
410,0,115,2474.901739130435,2331.947131294971,7150.0,19442.108695652172,5555.920772182218,17850.5,0.5739130434782609,807,0,4.337794299876085,1.0,3825.0,0
3776,0,163,7767.839263803681,9516.275009223138,34662.0,59375.503680981594,13291.008801854508,72622.6,0.6687116564417178,806,0,6.1559801488833745,2.0,7000.0,1
1577,0,189,1265.1814814814813,1548.9164680600375,9800.0,31035.879894179892,9471.734636803294,47346.1,0.6402116402116402,806,0,7.137915632754342,3.0,2560.0,0
8784,1,191,10743.861780104711,14759.338027983109,55186.0,49900.9445026178,17107.595129121928,166422.4,0.5602094240837696,806,0,7.213449131513648,2.0,10195.0,0
1645,0,142,5600.554225352113,5779.968021895186,20426.0,34622.81549295774,8818.250147081095,46193.49999999999,0.5633802816901409,806,0,5.36287841191067,1.0,9078.0,0
3454,0,124,2654.650806451613,2687.890853242079,12150.0,19433.54596774194,6215.528519350682,18507.499999999996,0.6048387096774194,805,0,4.688894409937888,1.0,3208.0,0
2046,0,156,1338.428846153846,1546.0737207315583,9700.0,21448.505128205128,5153.971343390423,31555.7,0.5897435897435898,805,0,5.898931677018633,2.0,2073.0,0
1492,0,113,1964.629203539823,2196.520809414997,12400.0,19734.675221238937,5998.82242071504,29225.9,0.5663716814159292,805,0,4.272944099378882,1.0,1546.0,0
3143,1,161,3598.5484472049693,3005.447905306827,12000.0,36910.69254658385,10951.01501129891,52129.1,0.5341614906832298,804,0,6.095572139303483,2.0,9928.0,0
2709,0,157,920.6146496815287,1184.6266494411063,3330.0,16173.366878980893,2652.188619109107,17459.3,0.6878980891719745,804,0,5.944129353233831,3.0,2024.0,0
1541,0,142,2926.4457746478874,7706.193463100099,46562.0,29446.885211267607,16755.695976355302,17012.89999999999,0.39436619718309857,804,0,5.376218905472637,0.0,0.0,0
305,0,112,1940.4544642857143,1795.615552358517,4430.0,16317.876785714285,3113.5993265516818,16285.7,0.5625,804,0,4.2403980099502485,1.0,2953.0,0
3690,0,112,11447.908035714285,14885.34141242751,61100.0,63301.448214285716,28037.825693204515,58257.700000000004,0.5,804,0,4.2403980099502485,1.0,4514.0,0
3766,0,109,11148.218348623854,14032.161781964165,48643.0,55741.83027522936,24246.996168408867,203851.80000000002,0.48623853211009177,804,0,4.12681592039801,1.0,9546.0,0
1745,0,130,14863.0,16373.503886183087,62800.0,64965.68692307693,26717.60613846201,112063.6,0.5076923076923077,803,0,4.9280199252802,0.0,0.0,1
1090,0,144,2688.581944444444,2624.920291261415,9477.0,39334.66875,10309.024155058321,47794.6,0.5625,803,0,5.458729763387298,1.0,3317.0,0
329,0,158,8203.52658227848,10641.556154612583,35763.0,52718.461392405065,12572.990613391215,75136.0,0.6645569620253164,803,0,5.9894396014943965,2.0,3902.0,1
975,0,116,2253.155172413793,2236.6571633790354,6300.0,16921.696551724137,4510.111616182332,20652.8,0.5603448275862069,803,0,4.397310087173101,1.0,3550.0,0
5317,1,152,5620.5684210526315,6216.327402133784,22544.0,29359.961184210522,10868.685121019656,19938.000000000007,0.6381578947368421,802,0,5.769177057356608,2.0,6835.8,0
6592,1,224,14761.070089285715,15529.006529028447,61600.0,68033.44642857143,26751.384781855566,260825.7,0.5758928571428571,802,0,8.501945137157106,2.0,17265.7,1
1060,0,39,7088.42564102564,11153.531636678039,43635.0,32077.59487179487,16339.189098572804,15848.600000000004,0.358974358974359,802,89,1.4802493765586036,0.0,0.0,0
473,0,205,3186.309756097561,4295.308385845211,17451.0,29675.909268292686,7349.206007358222,29040.300000000003,0.7365853658536585,802,0,7.780798004987531,4.0,7285.0,0
1464,0,169,16835.879881656805,15613.201760672713,59200.0,73549.11597633136,30413.48718121918,326421.3,0.44970414201183434,801,0,6.422421972534332,0.0,0.0,0
1819,1,184,8571.990217391303,11870.929093069788,51300.0,51082.48804347827,28487.591644845346,143135.0,0.6304347826086957,801,0,6.992459425717853,4.0,14445.8,0
2502,0,115,2864.1060869565217,2818.1173150622835,9500.0,18583.593043478264,5373.461129194918,26378.999999999996,0.5304347826086957,801,0,4.370287141073658,1.0,3885.0,0
1888,1,249,6726.546987951807,10236.12914039638,43260.0,27610.504016064257,19654.669635957078,193750.8,0.642570281124498,801,0,9.462621722846443,4.0,12032.0,0
6902,1,175,3386.1794285714286,4084.605661467129,15567.0,28553.845142857146,9791.00196749205,18028.199999999997,0.6914285714285714,800,0,6.65875,3.0,5935.0,0
3877,0,133,8522.892481203007,9699.85135597311,32160.0,56492.78646616541,13914.957127563723,91949.5,0.6090225563909775,800,0,5.06065,1.0,3711.0,1
2290,0,121,2632.4016528925617,2667.3267302983168,13050.0,19224.59173553719,4879.662942758562,13537.399999999998,0.5867768595041323,800,0,4.60405,1.0,3965.0,0
1330,0,152,13786.60197368421,16353.451722667765,58600.0,47188.99736842105,31695.90920351306,115149.7,0.5394736842105263,800,0,5.7836,0.0,0.0,1
9037,1,206,4143.294174757281,4758.845712910114,19533.0,35405.30048543689,13671.120087932908,58245.40000000001,0.5242718446601942,800,0,7.8383,3.0,14156.0,0
272,0,133,8287.136090225564,9221.749616279669,34700.0,24846.033082706766,12719.381989035015,36707.9,0.6015037593984962,799,0,5.066983729662078,1.0,7454.0,0
366,0,210,5757.2209523809515,8275.345080564899,32542.5,50880.94,12390.965060349961,39123.200000000004,0.7428571428571429,799,0,8.000500625782228,4.0,8380.0,0
1226,0,125,2705.1807999999996,2633.470413691727,8610.0,18869.7376,5593.464928878249,16950.399999999998,0.544,799,0,4.7622027534418025,1.0,3826.0,0
2759,0,144,11803.640277777777,13267.484386917798,52100.0,47633.13888888889,26087.025245638673,270070.60000000003,0.4861111111111111,799,0,5.486057571964957,1.0,12692.0,0
1176,0,111,2063.2837837837837,2023.3118528132636,10300.0,15692.174774774774,5170.671409936984,12917.300000000001,0.5585585585585585,798,0,4.234135338345864,1.0,2267.0,0
1785,0,119,1873.6840336134453,1919.7213057789304,6900.0,23409.78907563025,5408.488719248251,38171.200000000004,0.5798319327731093,797,0,4.544993726474279,1.0,1722.0,0
5912,1,153,6903.16339869281,7548.193574221233,27692.0,34655.86993464052,9583.076144309967,114117.2,0.6078431372549019,797,0,5.843563362609787,2.0,12922.8,0
199,0,105,1268.56,1246.9560188715561,2977.0,21014.827619047617,5130.863408551295,26869.6,0.5333333333333333,796,0,4.015326633165829,1.0,1984.0,0
778,0,27,2881.4814814814813,3075.966019247766,14100.0,26496.296296296296,6631.595786691365,37000.0,0.3333333333333333,796,16,1.0325125628140703,0.0,0.0,0
3811,0,145,1642.8475862068965,1715.4328911500074,8400.0,33368.832413793105,9140.98291148382,43999.7,0.5241379310344828,796,0,5.544974874371859,1.0,2515.0,1
1855,0,114,2167.2140350877194,2285.1569538038493,12750.0,24234.56403508772,4509.902021542854,27195.2,0.5701754385964912,795,0,4.364981132075472,1.0,2897.0,0
224,0,122,2348.5213114754097,2352.111614341234,9350.0,18627.018852459016,4520.369130201427,19354.399999999998,0.5901639344262295,795,0,4.671295597484277,1.0,3503.0,0
281,0,145,4502.784827586207,5058.419840670645,36320.0,46495.502068965514,12231.339153007671,60458.59999999999,0.5172413793103449,795,0,5.551949685534591,1.0,5578.0,1
9201,1,206,11814.67281553398,16142.840174750849,68400.0,54079.224757281554,20826.895610825286,472059.39999999997,0.529126213592233,794,0,7.897531486146097,2.0,18564.0,0
888,0,128,2375.875,2605.963032684181,10900.0,23533.165625,6421.690758492398,19430.800000000003,0.6171875,794,0,4.9072040302267,1.0,1592.0,0
4715,1,153,16946.34836601307,19958.740598617656,68788.0,58574.972549019614,24028.119559399995,437120.10000000003,0.5686274509803921,794,0,5.865642317380353,1.0,4049.0,1
3956,0,162,3773.0395061728395,4486.06767001126,24320.0,49185.358641975305,11724.85906111718,68871.2,0.5987654320987654,794,0,6.210680100755668,2.0,6927.0,1
4375,0,142,18874.311267605633,20917.771762091103,71824.0,64205.23873239437,22650.006366053145,453939.0,0.5140845070422535,794,0,5.443929471032746,0.0,0.0,0
2418,0,175,16243.902857142857,17242.792685782566,64100.0,59354.485714285714,27238.88240466446,284553.0,0.4742857142857143,793,0,6.717528373266078,0.0,0.0,1
806,0,112,1463.3669642857144,1560.9416898683562,8580.0,18147.664285714283,3876.0054104652963,19211.9,0.5625,793,0,4.29921815889029,1.0,2298.0,0
65,0,181,7499.7077348066305,10119.594572310682,36885.0,53423.4138121547,14214.512142950456,56145.89999999999,0.7071823204419889,793,0,6.947843631778058,3.0,7402.0,1
2279,1,147,14780.366666666667,16599.640898349433,59007.0,56690.32585034014,21832.53609526321,573265.7,0.5170068027210885,792,0,5.649848484848485,1.0,6556.3,1
1478,0,145,11012.424827586208,12296.752720787099,55600.0,53867.93034482759,26288.83286414997,259486.40000000002,0.496551724137931,792,0,5.572979797979798,1.0,11931.0,1
3228,0,181,13142.279005524862,14631.639766733108,58700.0,53752.01215469613,23320.145888519903,375442.1,0.5303867403314917,792,0,6.956616161616162,1.0,3847.0,0
221,0,139,8465.836690647482,9198.411413494447,32151.0,42831.63525179856,11921.071403020882,58514.100000000006,0.6115107913669064,792,0,5.342373737373737,1.0,7896.0,0
3022,0,107,2141.0242990654206,1981.7954621361932,4755.0,22369.516822429905,4267.923115797172,23596.4,0.5420560747663551,792,0,4.112474747474748,1.0,3170.0,0
122,0,110,11309.101818181818,12012.319162327123,33903.0,55008.61909090909,13840.447098286162,56788.0,0.5181818181818182,792,0,4.227777777777778,0.0,0.0,1
6265,1,198,11291.70202020202,13322.54872834713,58400.0,55385.6202020202,27104.340868861367,370203.2,0.5656565656565656,790,0,7.629265822784811,2.0,10913.5,1
1683,0,182,3320.453296703297,4495.982849678402,28640.0,28522.939010989012,8484.712682045722,38523.3,0.6593406593406593,790,0,7.012759493670887,3.0,4926.0,0
6440,1,145,9941.227586206896,13679.379357542763,51300.0,49152.761379310345,25612.90872710094,262091.6,0.5241379310344828,790,0,5.5870886075949375,1.0,2881.0,0
926,0,120,1884.645,2000.953835610332,8300.0,19790.061666666665,5510.261186738903,25012.199999999997,0.5583333333333333,790,0,4.6237974683544305,1.0,1748.0,0
2685,0,108,2058.711111111111,2274.0449887597706,14500.0,21012.49074074074,5520.734809695074,26623.6,0.5092592592592593,790,0,4.161417721518988,1.0,2576.0,0
3557,0,114,1360.8087719298246,1419.1938595811412,3720.0,18702.089473684213,4257.376153881688,25795.0,0.5350877192982456,789,0,4.398174904942966,1.0,2262.0,0
1663,0,145,1963.8848275862067,2361.8326088880835,8250.0,37410.73103448276,9959.25754030387,54290.1,0.6344827586206897,789,0,5.594169835234474,2.0,2640.0,0
255,0,154,13567.033116883118,15972.432376327253,57250.0,50202.96818181818,20869.812499224132,435943.9,0.551948051948052,788,0,5.948934010152285,1.0,5323.0,0
2193,0,129,2689.512403100775,2695.239168133083,10000.0,18725.332558139533,5567.515833977299,23605.9,0.5193798449612403,788,0,4.983197969543148,1.0,3424.0,0
9455,1,214,9880.378971962617,13763.449971848771,56212.0,54097.4738317757,19129.700298044943,481002.3,0.6588785046728972,788,0,8.266700507614214,4.0,17445.8,0
2130,0,121,10975.656198347107,14504.875594973186,57700.0,55300.63801652893,31177.51850026248,303182.8,0.4380165289256198,787,31,4.68010165184244,0.0,0.0,0
714,0,117,2437.2529914529914,2337.6193605362496,6000.0,17237.170085470083,5041.546211904618,14377.4,0.5470085470085471,787,0,4.525387547649301,1.0,3782.0,0
3615,0,137,4102.529927007299,4273.594917310197,14862.0,26776.837956204377,6379.160089734424,30669.400000000005,0.5985401459854015,786,0,5.3056997455470745,1.0,3781.0,0
1324,0,152,6562.9513157894735,8186.542045688526,27379.5,52602.9302631579,11423.578150109575,63033.4,0.6447368421052632,786,0,5.886615776081426,2.0,3421.0,0
431,0,158,6457.229113924051,7637.395861967311,27355.5,36026.02848101266,14003.114276993307,37675.00000000001,0.6582278481012658,786,0,6.118982188295166,2.0,7197.0,1
11328,1,146,9087.808219178081,11230.20864436329,61000.0,46942.412328767125,23426.268624068565,257896.0,0.5068493150684932,786,0,5.654249363867685,1.0,4674.0,0
3626,0,164,4414.04756097561,4778.368422219061,18549.0,33945.391463414635,7335.0139212183185,35890.600000000006,0.6341463414634146,786,0,6.351348600508906,2.0,8224.0,0
1899,0,115,1972.7199999999998,1879.3066511769425,4622.0,18855.48956521739,4240.697220405308,18665.600000000002,0.5391304347826087,786,0,4.453689567430026,1.0,3081.0,0
91,0,79,6798.529113924052,10374.839796874368,45770.0,21705.651898734177,16303.556311264723,26516.399999999994,0.4430379746835443,785,31,3.063388535031847,0.0,0.0,0
4753,0,112,5143.104464285714,6292.6622461716715,31680.0,19500.132142857143,13008.76917999612,7792.499999999999,0.5089285714285714,784,0,4.348571428571429,1.0,1271.0,0
9528,0,182,8790.857142857143,12211.580220214246,63600.0,37369.3456043956,31780.468073696895,156839.0,0.47802197802197804,784,0,7.066428571428571,0.0,0.0,0
9333,0,183,12028.09781420765,13817.896439229458,52900.0,60819.28852459017,31912.231910192706,651883.5,0.366120218579235,783,0,7.11432950191571,0.0,0.0,1
2107,0,152,3888.507894736842,4403.4180324997415,15882.0,29481.828289473688,8464.241316145013,45519.200000000004,0.6118421052631579,782,0,5.916726342710998,2.0,7058.0,0
3224,0,145,2201.5958620689657,2507.413684259248,13950.0,27951.746896551726,8294.24802543116,24152.2,0.6344827586206897,781,0,5.651472471190781,2.0,3958.0,0
829,0,106,1320.4830188679246,1326.0593967499703,3181.0,22422.466981132075,6877.466842207333,31318.0,0.5,781,0,4.131421254801537,1.0,2120.0,0
511,0,110,8356.081818181818,12136.291665380711,58400.0,45330.72818181818,21013.569498176723,25868.199999999997,0.5545454545454546,781,0,4.2873239436619714,1.0,2629.6,0
3560,0,106,2270.7537735849055,2116.589150684457,6800.0,16878.73867924528,4868.099322020972,15295.900000000001,0.5566037735849056,781,0,4.131421254801537,1.0,3350.0,0
1555,0,109,2525.326605504587,2462.0444699793634,6260.0,39716.14311926605,8951.143524726496,47196.6,0.5688073394495413,781,0,4.248348271446863,1.0,3263.0,1
2160,0,135,3863.5748148148145,4091.9033545640245,18500.0,29219.24074074074,6697.255104215441,38470.6,0.5481481481481482,781,0,5.261715749039693,1.0,6084.0,0
4383,0,184,11970.989673913044,13566.044363772298,57700.0,52131.20597826087,27182.918985212575,306734.9,0.5434782608695652,781,0,7.1715236875800255,3.0,14157.0,0
2517,0,134,12382.920149253732,13416.365554556896,49200.0,47313.94179104478,15457.172556329153,122013.30000000002,0.6044776119402985,781,0,5.222740076824584,1.0,11769.0,0
3819,0,128,4597.5171875,4624.655611270085,15980.0,20695.5046875,6343.18798473935,25018.199999999997,0.5625,780,0,4.995282051282051,1.0,7102.0,0
6157,1,194,13585.457731958762,14541.691842846121,63800.0,59124.54381443299,26364.25129002359,322588.8,0.5463917525773195,780,0,7.570974358974359,2.0,14688.2,1
1326,0,189,1589.8280423280423,1931.3250299428928,10400.0,21196.399470899472,5398.5181214680415,17939.5,0.6825396825396826,780,0,7.375846153846154,4.0,3043.0,0
4286,0,100,9477.854,12864.291906554925,49892.0,41691.455,24401.138176254022,270889.0,0.46,780,0,3.902564102564103,0.0,0.0,0
3498,0,160,2835.0474999999997,3266.0862371378657,11922.0,24710.74625,5889.896325276158,26452.399999999998,0.65625,779,0,6.25211810012837,2.0,3231.0,0
2258,0,119,2512.605882352941,2619.5789172325335,8000.0,33900.49243697479,6750.3536374050145,41192.1,0.5966386554621849,779,0,4.650012836970475,1.0,2202.0,0
3177,0,51,4661.227450980392,8203.554640180764,40831.0,36018.2,11305.634314836123,35922.6,0.37254901960784315,779,29,1.992862644415918,0.0,0.0,0
1638,1,110,6832.374545454545,9061.576991998409,43958.0,40743.73909090909,14954.145050138046,33319.2,0.5454545454545454,779,0,4.298331193838255,2.0,12425.0,0
3589,0,154,12644.448051948051,14703.663643091782,54500.0,57912.23961038961,23211.109936589004,251541.0,0.551948051948052,778,0,6.025398457583548,1.0,7843.0,0
2967,0,168,4484.650595238096,5378.9590381199305,20788.0,24230.633928571428,8214.888376023047,23541.300000000003,0.6845238095238095,778,0,6.5731619537275074,3.0,8197.0,0
3437,0,189,15724.208465608464,17021.71609707111,64800.0,64784.758730158734,28029.009362028686,206960.59999999998,0.5608465608465608,778,0,7.394807197943446,2.0,7239.0,1
4102,0,46,3980.202173913043,8335.5161293638,48788.0,35978.34130434783,14238.747042732473,52089.299999999996,0.3695652173913043,778,0,1.799794344473008,0.0,0.0,1
2032,0,171,2535.6339181286553,3268.9326116380917,11766.0,15999.62514619883,5974.375849892248,15027.399999999998,0.695906432748538,777,0,6.699150579150579,4.0,5229.0,0
570,0,123,4210.7065040650405,4182.640509055271,14115.0,27798.413821138212,8385.957412620388,17066.899999999998,0.5609756097560976,777,0,4.818687258687259,1.0,6273.0,0
993,1,105,11316.675238095237,14642.136997088108,51300.0,54170.54476190476,25324.572700412104,244611.3,0.45714285714285713,777,0,4.113513513513514,1.0,1812.3,1
3884,0,124,3780.296774193548,3735.477146173298,12679.5,19468.453225806454,5944.61811635862,18270.800000000003,0.532258064516129,777,0,4.8578635778635775,1.0,5011.0,0
3765,0,148,961.2202702702704,1086.220381728109,3600.0,15316.99054054054,2628.214261457311,16900.6,0.6824324324324325,777,0,5.798095238095238,3.0,2070.0,0
2385,0,113,8798.646017699115,9645.636752735436,28122.0,52632.78938053097,12696.151638069334,67063.0,0.5398230088495575,776,0,4.432628865979382,1.0,1305.0,1
63,0,129,1742.1162790697674,2087.757241440212,11650.0,26384.80620155039,4913.289539458771,32335.0,0.6356589147286822,775,0,5.066787096774194,2.0,2394.0,0
1991,0,176,6449.780113636364,8704.97569679069,32763.0,41907.95284090909,16799.429615371482,87581.30000000002,0.7045454545454546,775,0,6.912825806451614,3.0,7510.0,0
3291,0,115,2232.3365217391306,2334.7925815809294,13250.0,21098.893913043477,4889.496510535778,16694.7,0.591304347826087,775,0,4.516903225806452,1.0,2505.0,0
3376,0,130,7988.6884615384615,8393.867454783312,29268.0,33546.85923076923,12440.817922734002,43477.50000000001,0.6,774,0,5.112661498708011,1.0,6794.0,0
1260,0,137,5401.199270072993,5830.214663620587,20857.5,30620.456204379563,9200.421001251727,46632.299999999996,0.5985401459854015,774,0,5.38795865633075,1.0,6594.0,0
1021,0,103,1457.5873786407767,1416.6055987769487,3990.0,17743.41359223301,4011.03122325557,24409.5,0.5436893203883495,774,0,4.050801033591732,1.0,2259.0,0
48,0,151,7928.607284768212,9632.082406043526,34221.0,49740.43841059603,12424.4530766971,70915.70000000001,0.6556291390728477,774,0,5.938552971576228,2.0,7297.0,1
4069,0,114,2269.5912280701755,2608.349414556636,14500.0,42842.54824561404,14780.509391022159,75749.4,0.42105263157894735,774,0,4.483410852713178,0.0,0.0,0
3564,0,118,3256.2949152542374,3984.6961262997565,28200.0,31222.561016949156,7286.619361847457,38658.8,0.5423728813559322,774,0,4.640723514211887,0.0,0.0,0
1320,0,186,3880.8064516129034,5553.927103684311,23000.0,25012.63548387097,10498.360966022079,38526.0,0.7204301075268817,773,0,7.324501940491591,4.0,5513.0,0
530,0,127,10586.09212598425,11029.384243901382,37203.0,40348.89291338583,13057.803001290262,430849.7,0.47244094488188976,772,0,5.007616580310881,0.0,0.0,1
508,0,139,1688.9338129496402,1793.669023261488,8900.0,30664.65179856115,6089.242801149864,22617.8,0.539568345323741,772,0,5.480777202072539,1.0,2480.0,0
341,0,106,7870.615094339622,8440.167574840503,28800.0,23828.075471698114,8890.251630718214,14301.200000000003,0.5094339622641509,772,0,4.17958549222798,0.0,0.0,0
3256,0,143,3941.1678321678323,4289.789615390253,21120.0,21512.174125874124,8540.7505566599,30323.000000000004,0.6223776223776224,772,0,5.638497409326425,2.0,6722.0,0
4033,1,167,3884.70119760479,4817.219105433922,18368.0,33258.077844311374,8105.188941840895,38273.100000000006,0.6766467065868264,772,0,6.584818652849741,3.0,6058.0,0
5878,0,115,4917.518260869565,6022.581605115672,33280.0,48039.64,20006.962845994836,81769.8,0.5043478260869565,772,0,4.534455958549223,0.0,0.0,0
77,0,104,8922.564423076923,9425.905232167857,36200.0,29181.375961538462,11163.793422031998,110162.7,0.46153846153846156,772,0,4.100725388601036,1.0,1709.0,0
1546,0,123,3569.20162601626,3476.837637971754,11820.0,18748.232520325204,6039.091085063036,10761.800000000001,0.5691056910569106,771,0,4.856186770428016,1.0,4173.0,0
2826,0,137,5711.196350364964,6142.342358979436,21934.0,32190.819708029197,9145.192191680304,35609.9,0.6204379562043796,771,0,5.408923476005189,1.0,5240.0,0
797,0,130,14283.430769230768,15371.288547883738,51394.0,50339.262307692305,21516.469163768244,396262.0,0.5076923076923077,771,0,5.132555123216602,0.0,0.0,0
513,0,138,5162.711594202899,5489.226790259361,23900.0,43848.21811594203,15040.128239155862,67934.2,0.5217391304347826,770,0,5.4554805194805205,1.0,7908.0,0
1549,0,136,5481.99044117647,6300.972446804494,25800.0,39848.88455882353,10384.202320875243,49982.7,0.6176470588235294,770,0,5.376415584415585,1.0,4052.0,0
3093,0,129,9001.427906976744,10084.827447519683,32670.0,28163.206976744186,11897.107578329347,43600.2,0.6046511627906976,770,0,5.099688311688312,1.0,4238.0,0
10905,1,177,2966.120338983051,3639.6518270099277,18400.0,48050.89039548022,9995.653086937138,64537.3,0.6666666666666666,770,0,6.997246753246754,3.0,5811.0,1
2234,0,140,951.7321428571429,1131.7838643389953,3176.0,21215.884285714284,6091.78612465411,30424.5,0.6642857142857143,770,0,5.534545454545455,3.0,2117.0,0
2285,0,130,2905.999230769231,6380.707045030004,44337.0,34520.03461538462,15904.613947675887,50195.899999999994,0.38461538461538464,770,0,5.139220779220779,0.0,0.0,0
3809,0,178,3181.7893258426966,4053.610678176237,15570.0,39095.72078651685,10564.166958778877,60414.5,0.6741573033707865,770,0,7.036779220779222,3.0,3586.0,0
3517,0,115,5670.162608695652,6116.494952498572,21280.0,26798.699130434783,8164.158819794227,38444.7,0.5391304347826087,769,0,4.552145643693108,0.0,0.0,0
2264,0,111,1879.6333333333332,1853.2090446933757,4767.0,24320.830630630633,6870.7521807069725,36055.3,0.5765765765765766,769,0,4.393810143042913,1.0,1810.0,0
8688,1,162,5737.881481481481,7348.465718598604,29760.0,44826.91975308642,10185.160868726785,56432.79999999999,0.5308641975308642,769,0,6.4125877763329,1.0,5665.0,0
546,0,102,2076.122549019608,1882.1142830436738,6300.0,17767.96470588235,4210.810102784536,13920.499999999998,0.5392156862745098,768,0,4.0428125,1.0,2940.0,0
3862,1,206,12611.066990291261,15148.374509265139,60500.0,58487.882524271845,27581.579343914833,360760.19999999995,0.5922330097087378,768,0,8.164895833333334,3.0,13412.8,0
2898,0,134,6658.035074626865,7053.866097495197,25090.0,44224.66194029851,10161.735592712977,38402.7,0.6119402985074627,768,0,5.311145833333334,1.0,6655.0,0
3282,0,139,1791.5208633093525,3579.3376950004904,28459.0,21246.890647482014,8999.470619768215,60279.0,0.38848920863309355,767,0,5.516505867014342,0.0,0.0,0
330,1,130,9336.053076923075,9937.480187904297,33590.0,42020.36846153846,12876.246936230917,26726.899999999998,0.6076923076923076,767,0,5.159322033898305,1.0,6908.0,0
1242,1,230,7622.759565217391,12189.413226015382,59900.0,51192.20173913044,23185.602824882175,202204.30000000002,0.6739130434782609,767,0,9.128031290743156,5.0,14399.7,0
1393,0,123,3693.767479674797,3890.4078759046556,23840.0,33631.25365853659,7765.382587592662,32149.399999999998,0.5284552845528455,767,0,4.881512385919166,1.0,5254.0,0
2303,0,134,7905.074626865671,8290.18552211473,29713.5,35694.28880597015,13106.524232092013,37871.99999999999,0.6194029850746269,767,0,5.3180704041721,1.0,7892.0,0
3708,0,154,2127.4123376623374,4591.268534226264,32276.0,37105.235714285714,12980.231839584756,32049.9,0.4155844155844156,767,0,6.11181225554107,0.0,0.0,1
209,0,175,1241.5462857142857,1600.5684597478398,12200.0,23740.91314285714,8266.814776514233,45680.6,0.6285714285714286,767,0,6.945241199478488,3.0,2320.0,0
8094,1,161,15601.557763975154,18822.109161969063,69012.0,58814.78385093167,23648.82592085942,268016.8,0.6273291925465838,767,0,6.389621903520209,2.0,11788.0,0
2601,0,24,2495.8333333333335,2340.4717411270944,10000.0,14625.0,3968.599577772448,20100.0,0.4166666666666667,767,47,0.9524902216427641,0.0,0.0,0
7,0,130,9169.537692307691,10149.317901984597,33975.0,62598.591538461544,14932.45630992294,68495.90000000001,0.6076923076923076,767,0,5.159322033898305,1.0,4880.0,1
1347,0,105,1382.8200000000002,1323.3350122672296,3800.0,12964.317142857144,2297.6756666523615,13060.1,0.5428571428571428,767,0,4.1671447196870925,1.0,2066.0,0
8523,1,185,13661.783243243242,17756.310062977554,69780.0,55230.81729729729,23434.52156147513,562579.9,0.4864864864864865,766,0,7.351697127937338,1.0,7753.3,0
2398,0,150,1967.9973333333332,4832.111501376785,36405.0,36037.25466666667,10480.41828362189,46957.2,0.37333333333333335,766,0,5.960835509138382,0.0,0.0,0
1712,0,115,2353.7321739130434,2649.9109111323373,13000.0,29024.18608695652,7649.6409817932645,40003.2,0.591304347826087,766,0,4.569973890339426,1.0,1626.0,0
1943,0,196,4573.024489795918,6034.277398824259,25032.0,47594.86224489796,11177.890387262,45294.799999999996,0.7346938775510204,765,0,7.799006535947712,4.0,9357.0,1
2090,0,102,2373.6343137254903,2364.5926152590523,11700.0,26723.744117647057,5335.20446992945,29382.7,0.5392156862745098,765,0,4.058666666666666,1.0,3532.0,0
2636,0,105,2173.4161904761904,1986.820727662655,4882.0,17994.050476190478,3908.2471878541633,20364.7,0.5523809523809524,765,0,4.178039215686274,1.0,3254.0,0
14,0,124,6337.564516129032,6791.263304610697,22137.0,39603.63306451613,8017.3502410153715,39314.0,0.5806451612903226,764,0,4.940523560209424,1.0,3629.0,1
549,0,154,4863.096103896104,5866.235631223014,21052.0,36123.87857142857,9779.82508935752,33524.8,0.6623376623376623,764,0,6.135811518324608,2.0,4091.0,1
143,0,114,1994.569298245614,1926.868592225201,4924.0,17934.499122807018,4615.815730733598,22772.9,0.5877192982456141,764,0,4.542094240837696,1.0,2272.0,0
79,0,104,1843.6721153846154,1738.4674814808452,4182.0,19563.4375,3722.0269854509056,21901.899999999998,0.5480769230769231,762,0,4.154540682414699,1.0,2788.0,0
3799,0,196,4424.906632653061,6441.074308792881,25800.0,44962.37959183674,13037.621580680163,28393.699999999997,0.7346938775510204,762,0,7.82971128608924,4.0,6312.0,0
1460,0,106,2275.6622641509434,2131.2376270922664,5298.0,21649.05471698113,4560.155521369065,27942.2,0.5566037735849056,762,0,4.234435695538058,1.0,3417.0,0
7745,1,169,12036.847337278106,13803.596270119613,49953.0,45833.577514792894,26912.880202942677,267752.0,0.5621301775147929,762,0,6.751128608923885,2.0,12313.8,1
1435,0,135,8733.775555555556,9955.093688183822,42240.0,37691.04,14041.518756404088,54417.700000000004,0.6148148148148148,760,0,5.407105263157895,1.0,7949.0,0
3507,0,221,13887.62036199095,16541.083888721434,61000.0,72386.21945701358,24048.178857754992,531156.5,0.5882352941176471,760,0,8.85163157894737,2.0,3257.0,1
712,0,149,15105.477181208054,16090.688435905031,63400.0,67648.57315436241,26722.134702053285,496873.7,0.4697986577181208,760,0,5.967842105263158,1.0,3847.2,0
10280,1,145,12648.655862068967,14877.077065259733,60500.0,58179.48551724138,19248.781596365538,500615.89999999997,0.5448275862068965,760,0,5.807631578947369,1.0,5802.3,1
1754,0,147,15968.225170068028,16093.587011141552,59700.0,70325.61972789116,23509.003682298717,258515.9,0.4897959183673469,760,0,5.887736842105263,0.0,0.0,1
805,0,123,6999.379674796747,7337.6575224352555,31200.0,28132.60894308943,13600.01130834275,314129.9,0.4634146341463415,759,0,4.93296442687747,1.0,1424.4,0
3377,0,130,8543.671538461538,9883.625870088434,31752.0,41637.29692307692,13501.332636079595,65333.3,0.6,759,0,5.213702239789197,1.0,3240.0,1
1296,0,112,1975.9169642857144,2124.572970633736,6550.0,18529.77767857143,6802.730189776947,35058.7,0.5446428571428571,759,0,4.491805006587615,1.0,1607.0,0
2916,0,199,3454.865829145729,4651.441479608272,18976.0,37047.329648241204,7888.7469303167,40488.3,0.7286432160804021,758,0,7.991503957783642,4.0,6363.0,0
3018,0,128,10923.85859375,13065.13835274252,47767.0,38009.0234375,33577.50184134123,373648.5,0.4453125,758,19,5.140263852242745,0.0,0.0,0
249,0,155,6186.011612903226,7338.975111583068,26390.0,34106.91548387097,12792.92907393251,19939.8,0.6645161290322581,758,0,6.2245382585751985,2.0,7494.0,0
3602,0,152,14573.675000000001,15230.402361259561,56600.0,61971.17368421053,28693.59915799285,505185.4,0.39473684210526316,758,0,6.104063324538259,0.0,0.0,1
3856,0,118,2006.6161016949154,2026.0886822994546,7400.0,14295.350847457627,3321.481729917954,13936.7,0.5677966101694916,758,0,4.738680738786281,1.0,2280.0,0
2544,0,197,2269.3299492385786,3607.921357457569,31680.0,44151.76395939086,12687.805968847939,69646.0,0.6446700507614214,757,0,7.921638044914134,4.0,3514.0,0
599,0,148,4291.827027027027,5078.253847743505,17750.0,24132.583783783783,8128.897653300263,25876.399999999998,0.6486486486486487,757,0,5.951281373844122,2.0,4085.0,0
2590,0,158,905.7012658227848,1059.2223575817,3100.0,14765.786075949369,2569.2786406267187,12496.800000000001,0.6772151898734177,757,0,6.353394980184941,3.0,2020.0,0
2589,0,134,1995.2186567164179,2012.8132128814293,6000.0,14534.123880597015,3409.8732062105983,13879.299999999997,0.6194029850746269,757,0,5.388322324966975,2.0,3694.0,0
2545,1,192,3644.0614583333336,4044.3764133099908,14146.0,19475.2421875,10032.528469720388,20173.8,0.640625,757,0,7.720581241743726,4.0,12954.0,0
1735,0,20,2126.755,3206.0950388899482,14400.0,13994.375,5032.8147576809915,9535.1,0.45,757,277,0.804227212681638,0.0,0.0,0
3312,0,200,971.6189999999999,1486.1012558206653,13700.0,32133.7295,6654.424616611914,24917.8,0.685,757,0,8.04227212681638,4.0,1964.0,0
2060,0,130,6284.3138461538465,6924.73540185459,35360.0,32024.053846153845,10470.968178806306,34376.799999999996,0.5923076923076923,756,0,5.234391534391534,1.0,7523.0,0
2115,0,108,1257.9944444444443,1283.9350948623978,5700.0,13282.050925925925,2733.3896383854208,13259.4,0.5277777777777778,756,0,4.348571428571429,1.0,1940.0,0
24,0,140,4915.2185714285715,5930.368119836652,26800.0,27687.50214285714,9508.042723134948,21582.60000000001,0.6285714285714286,756,0,5.637037037037037,2.0,7862.0,0
1083,1,192,3502.4833333333336,4569.836507350043,22240.0,26454.26614583333,8297.628777813434,21784.800000000007,0.6927083333333334,755,0,7.741033112582782,4.0,8532.0,0
2286,0,144,3880.443055555556,4458.126862050167,16047.0,23173.14513888889,8368.917953834785,79159.8,0.6041666666666666,755,0,5.805774834437086,2.0,3301.0,0
7176,1,149,8350.809395973154,10076.271981447318,37200.0,43275.09597315436,12532.212636220436,57381.799999999996,0.6644295302013423,754,0,6.015331564986738,2.0,9509.0,0
8225,1,196,5035.859693877551,7421.070683589303,27154.0,26264.60102040816,15402.08851588904,282474.5,0.42857142857142855,754,0,7.912785145888595,1.0,3017.2,0
664,0,119,2491.1840336134455,2473.370502274694,7000.0,22811.560504201683,5787.452502557505,22556.100000000002,0.6218487394957983,753,0,4.810571049136787,1.0,2997.0,0
5133,1,196,9659.751530612246,12972.352319169575,60500.0,50740.84693877551,23467.8835790848,142425.3,0.6530612244897959,753,0,7.923293492695883,4.0,9366.0,1
880,0,129,7042.890697674418,7350.938168733144,25352.0,41628.758914728685,11994.73622218443,195978.1,0.5503875968992248,753,0,5.214820717131474,2.0,6530.1,1
1482,0,169,6723.329585798816,9482.142707771702,34614.0,52031.36035502959,13439.086153748824,78367.9,0.6982248520710059,753,0,6.831819389110226,3.0,4788.0,1
3290,0,123,16853.313821138214,17848.970708608795,57936.0,74921.918699187,19987.895288617714,189973.6,0.5447154471544715,752,0,4.978882978723404,0.0,0.0,1
2963,0,126,6249.495238095238,6506.176942418422,22728.0,47222.03333333333,9856.297692671424,58012.4,0.5952380952380952,752,0,5.100319148936171,1.0,5101.0,1
1361,0,125,8420.028,8973.64125308835,31513.5,40661.696,11391.367037008271,50348.700000000004,0.608,752,0,5.059840425531915,1.0,6195.0,0
3430,0,129,1836.2930232558138,1764.365107224571,9300.0,26332.424031007755,8784.084749302778,49897.799999999996,0.4883720930232558,751,0,5.228708388814914,1.0,2426.0,0
11096,1,149,8154.342953020135,9950.042350984535,41280.0,36255.69731543624,13429.712496625525,64992.3,0.6510067114093959,751,0,6.039360852197071,2.0,10216.0,0
3090,0,168,9710.279166666665,13214.20544255561,49384.0,54634.426785714284,24337.935472998543,146154.5,0.6428571428571429,751,0,6.80948069241012,4.0,12416.2,0
5817,0,202,13983.631683168318,15107.267419571745,60800.0,55989.414851485155,28370.349818222814,299376.4,0.5693069306930693,751,0,8.187589880159788,3.0,16306.0,0
1587,0,105,7317.510476190476,7662.6990797820745,29700.0,34714.57142857143,10329.675040272923,91354.59999999999,0.4666666666666667,750,0,4.2616000000000005,0.0,0.0,0
905,0,150,3187.3906666666667,4062.33809677749,13896.0,18650.12,5273.3242803668,21827.8,0.6666666666666666,750,0,6.088000000000001,3.0,6176.0,0
980,0,147,3914.710204081633,4447.94569120189,16464.0,42888.84217687075,11861.417871250813,57309.6,0.6258503401360545,750,0,5.966240000000001,2.0,6521.0,0
1218,0,121,14134.871074380164,15188.788801681092,54000.0,58375.92314049587,18672.206426931985,268935.4,0.512396694214876,749,0,4.917543391188251,1.0,3213.4,0
561,0,137,1985.673722627737,2331.425878281802,8150.0,24914.168613138685,4362.1699635440455,24938.499999999996,0.6715328467153284,749,0,5.5677970627503335,2.0,1651.0,0
4631,1,133,8315.958646616542,10030.081241605234,56700.0,58287.475939849624,22339.7140616184,147694.5,0.5864661654135338,749,0,5.4052336448598135,1.0,3647.0,1
1055,0,101,1306.2445544554457,1307.3429489216094,4950.0,17681.615841584156,3317.8381877280467,19555.9,0.5544554455445545,749,0,4.1047263017356475,1.0,2047.0,0
9153,1,174,2691.8603448275862,3083.7127242406696,12600.0,40892.71896551724,10821.34190038969,54088.9,0.5,749,0,7.071508678237651,2.0,6493.0,0
1368,0,125,6688.6528,9508.816058655826,41600.0,30655.6024,21364.761172458817,193352.4,0.52,749,0,5.080106809078772,1.0,4439.0,0
3452,0,111,1975.7855855855857,1919.0094724218748,4694.0,23632.54054054054,4749.057406942184,21350.199999999997,0.5405405405405406,748,0,4.51716577540107,1.0,3129.0,0
3450,0,132,15288.370454545453,16913.047118807823,59900.0,65648.62651515151,27576.26604738229,377226.89999999997,0.4393939393939394,748,0,5.371764705882353,0.0,0.0,0
1557,0,108,2290.5416666666665,2458.7777475402413,9000.0,30191.015740740742,8139.820872964929,48023.7,0.5740740740740741,748,0,4.395080213903744,1.0,2253.0,0
1316,0,144,885.7201388888889,1020.7012219140152,2973.0,15964.513194444444,2653.9925920988544,18368.9,0.6875,748,0,5.860106951871658,3.0,1982.0,0
3893,0,146,1962.7342465753425,1983.6779344557601,7900.0,22622.99315068493,5215.080055055958,28324.4,0.5821917808219178,748,0,5.9414973262032085,2.0,3035.0,0
2873,0,189,4360.39417989418,5989.12294586256,27360.0,44200.08624338624,16516.137996189394,77497.7,0.6984126984126984,748,0,7.691390374331551,4.0,7994.0,0
3962,0,25,3048.0,2545.1129640941276,12000.0,11864.0,8554.378995578814,2000.0,0.56,748,28,1.017379679144385,0.0,0.0,0
2376,0,129,8762.490697674419,10463.715282759884,47200.0,37042.38914728682,12798.46299688121,54486.49999999999,0.6046511627906976,747,0,5.256706827309237,1.0,4428.0,0
2995,0,76,6442.696052631579,10603.321476335495,50600.0,23899.292105263157,21340.153100561478,-5284.099999999999,0.40789473684210525,747,0,3.0969745649263722,0.0,0.0,0
3984,0,102,1777.9784313725488,1849.054735527246,10400.0,16281.354901960784,3585.0427365233068,16365.000000000002,0.5588235294117647,747,0,4.156465863453816,1.0,1803.0,0
659,0,150,1324.6866666666667,1694.7910187603347,12400.0,31359.286000000004,6591.252766606105,22328.199999999997,0.6066666666666667,747,0,6.112449799196788,2.0,1940.0,0
3137,1,126,10167.699999999999,11118.055174354911,38038.0,40490.78412698412,13671.386200636205,195016.4,0.5714285714285714,746,0,5.141340482573727,1.0,4226.5,0
505,0,125,1164.4792,1329.680207266442,3332.0,14564.592,2665.0787493539597,17381.100000000002,0.64,745,0,5.10738255033557,2.0,2221.0,0
1817,0,132,7569.831818181819,8269.153541562868,30250.0,45570.01287878788,10999.082846389565,60023.00000000001,0.6212121212121212,745,0,5.393395973154362,1.0,9131.0,1
3125,0,114,3169.8991228070176,2914.7911245766354,9552.0,22567.793859649122,5646.487254989462,21743.7,0.5263157894736842,745,0,4.65793288590604,1.0,4245.0,0
2734,0,165,2727.4769696969697,3149.0828294961293,12344.0,26717.74121212121,8370.738209323172,47964.9,0.6424242424242425,745,0,6.741744966442953,3.0,5486.0,0
2386,0,148,5835.006756756757,7552.236357112741,26691.0,56813.67905405405,14955.641555109985,83260.20000000001,0.6486486486486487,744,0,6.055268817204301,2.0,3839.0,0
3411,0,126,5472.052380952381,6080.086349304117,31360.0,47414.961904761905,12647.25770197386,62969.799999999996,0.5476190476190477,744,0,5.155161290322581,1.0,6443.0,0
4794,1,197,4491.122842639594,5975.125679127035,24735.0,18703.692893401014,11354.330215238762,6052.799999999998,0.7157360406091371,743,0,8.070901749663527,5.0,17025.0,0
2827,0,108,9711.192592592593,10999.94398098483,47520.0,68148.64444444444,17870.62322915404,70654.0,0.5185185185185185,743,0,4.4246567967698525,1.0,1756.0,0
3024,0,134,2301.8582089552237,2697.05031559608,10900.0,25790.48208955224,5301.815889300353,18794.199999999997,0.6567164179104478,743,0,5.48985195154778,2.0,2261.0,0
1618,0,133,1755.9293233082708,1898.576265967274,13100.0,25101.31804511278,6073.04791211577,44713.8,0.5413533834586466,743,0,5.448882907133244,1.0,2265.0,0
6510,1,164,10823.504878048781,13265.191028216219,59400.0,48684.28963414634,26672.92003397775,554671.2,0.47560975609756095,743,0,6.71892328398385,1.0,3207.8,1
7465,0,94,6185.912765957447,10706.848870129448,47016.0,24696.81595744681,23774.43212259534,84975.0,0.648936170212766,742,0,3.856280323450135,5.0,8130.6,0
1362,0,83,8963.432530120483,12746.052142221197,53200.0,42392.672289156624,22578.10349497027,61043.7,0.46987951807228917,742,0,3.405013477088949,0.0,0.0,0
3182,0,124,7102.250806451612,7398.4843354150225,25513.5,27622.640322580646,12495.81595923778,16554.299999999985,0.5967741935483871,741,0,5.09387314439946,1.0,6455.0,0
765,0,115,2193.3904347826087,5325.351331890282,41078.0,45080.4852173913,15059.392887585956,53355.899999999994,0.43478260869565216,741,0,4.724156545209177,0.0,0.0,0
3412,0,130,2002.7415384615383,2355.349819301676,8900.0,16204.645384615384,3582.6669680844393,17087.6,0.6461538461538462,741,0,5.340350877192982,2.0,1703.0,0
2610,0,113,2578.6867256637165,2710.4653093052525,8000.0,26113.778761061945,7792.294492070486,42776.8,0.5929203539823009,741,0,4.641997300944669,1.0,1842.0,0
4454,0,113,4572.102654867256,5182.514259291599,23200.0,49091.81327433629,13650.266336298206,59252.8,0.5221238938053098,740,0,4.64827027027027,0.0,0.0,0
595,0,159,12203.43710691824,14255.274488628624,65700.0,54248.14339622642,24294.71496490056,477082.5,0.49056603773584906,740,0,6.540486486486487,1.0,4702.0,0
1391,0,131,6159.725190839695,6928.224182000237,24226.0,38199.14580152671,10285.677208042256,42889.200000000004,0.6183206106870229,740,0,5.388702702702703,1.0,3053.0,0
3438,0,109,2296.4935779816515,2210.569267107592,5850.0,18640.285321100917,4825.0569520880945,19097.0,0.5871559633027523,740,0,4.48372972972973,1.0,2857.0,0
1553,0,111,3313.8603603603606,7718.080679632956,48511.0,25689.694594594595,10694.027214136766,21583.699999999997,0.4594594594594595,740,0,4.566,0.0,0.0,0
10645,1,163,15529.61411042945,19808.038985652904,73890.0,66259.24171779142,23898.705323236452,155728.3,0.6748466257668712,740,0,6.705027027027027,2.0,9527.0,0
2531,0,119,2265.2436974789916,2398.571495655125,6294.0,30060.091596638656,7376.095977508721,38277.2,0.6134453781512605,740,0,4.895081081081082,1.0,1614.0,0
1081,0,103,1874.128155339806,1805.9559726582195,5300.0,21398.62427184466,5404.955827220886,28728.4,0.5631067961165048,740,0,4.236918918918919,1.0,2484.0,0
2441,0,170,5425.554117647059,7218.641447214601,27300.0,43239.093529411766,13220.804571257308,36029.4,0.7058823529411765,739,0,7.002435723951286,3.0,5994.0,1
193,0,123,4522.915447154472,4628.60738214402,15999.0,24383.165040650405,6413.143196681707,25203.8,0.5772357723577236,739,0,5.066468200270636,1.0,7110.0,0
3390,1,212,4812.985849056604,7290.368723977709,30470.0,52229.78773584906,11909.029311410666,177343.0,0.7405660377358491,739,0,8.732449255751016,5.0,6904.5,0
3393,0,113,5523.629203539823,5510.767286391665,22890.0,18432.142477876107,7706.939272485975,60081.3,0.5398230088495575,739,0,4.654560216508796,1.0,7993.0,0
440,1,147,5562.5258503401365,6607.0197064368585,24694.5,34672.082312925166,13837.841418122614,59978.5,0.6462585034013606,739,0,6.055047361299053,2.0,7581.0,0
2356,0,101,8370.743564356435,12107.463071547367,48955.0,43697.90594059406,22873.3130380486,115585.1,0.45544554455445546,738,0,4.165907859078591,0.0,0.0,0
333,0,142,898.9718309859155,1100.946894086196,2998.0,17382.888732394367,3010.9447626925366,20523.2,0.6830985915492958,738,0,5.857018970189703,3.0,1998.0,0
1884,0,100,5002.524,5095.823224799707,16900.0,25557.19,7715.888028737857,16697.600000000002,0.5,737,0,4.130257801899593,0.0,0.0,0
434,0,133,4141.260902255639,4517.303996885528,16432.0,16086.17067669173,7313.383724427736,31118.900000000005,0.6240601503759399,737,0,5.493242876526459,2.0,7303.0,0
2875,0,112,7659.382142857144,8406.390116621486,26031.0,45083.610714285714,12390.836949491879,66296.0,0.5535714285714286,737,0,4.625888738127544,0.0,0.0,0
2532,0,133,19029.433834586467,20798.07649678679,73448.0,49164.68345864662,22057.67545086366,196705.9,0.5864661654135338,737,0,5.493242876526459,1.0,12133.0,1
3029,0,113,2344.330088495575,2603.1710942029417,14000.0,19369.283185840708,6603.955903835525,26734.500000000004,0.5929203539823009,737,0,4.66719131614654,1.0,1514.0,0
2699,1,180,12742.731111111112,17152.42757547711,67348.0,55599.849444444444,22171.984045552992,304418.8,0.6777777777777778,736,0,7.444565217391305,3.0,9221.0,1
935,0,103,1354.2699029126213,1357.9483459114765,4600.0,16232.522330097088,3150.733818662742,16635.0,0.5631067961165048,736,0,4.259945652173913,1.0,2118.0,0
2777,0,23,2678.2608695652175,2415.095804939335,10100.0,22204.347826086956,6754.155506115513,26600.0,0.391304347826087,736,46,0.95125,0.0,0.0,0
1659,0,105,2428.825714285714,2554.146323967416,11350.0,28043.88666666667,7370.405943549176,33043.9,0.5714285714285714,736,0,4.342663043478261,1.0,2806.0,0
252,0,109,2167.0,2242.462927766568,6600.0,38602.72660550459,9168.110712799878,50468.2,0.5871559633027523,735,0,4.514231292517007,1.0,1767.0,0
7045,1,142,12969.073943661971,14531.849098410074,54138.0,62931.23802816902,18883.13138859948,279302.89999999997,0.5774647887323944,735,0,5.880925170068028,1.0,6015.3,1
3941,0,121,1115.2322314049588,1171.8764396055067,3400.0,16024.26694214876,2831.7171692393176,20268.3,0.628099173553719,735,0,5.0112108843537415,2.0,2109.0,0
2761,0,121,7528.068595041323,8282.915076690824,27152.0,25651.872727272726,11399.801250979479,37297.5,0.5950413223140496,735,0,5.0112108843537415,1.0,6238.0,0
7966,1,168,8347.041071428572,11590.75164944885,55900.0,44964.872619047615,30406.418498886458,392235.9,0.4226190476190476,734,0,6.9671934604904635,1.0,7887.7,0
2408,0,145,5495.46275862069,6855.443650729371,23976.0,47389.4675862069,12748.856167814527,45247.299999999996,0.6551724137931034,734,0,6.013351498637602,2.0,3070.0,0
592,0,132,1974.614393939394,2369.6468275564794,8200.0,18150.17196969697,4384.55124141543,19350.3,0.6515151515151515,734,0,5.474223433242507,2.0,1608.0,0
1195,0,127,2140.7181102362206,2588.59620534991,12700.0,28979.902362204724,5895.432539652841,33302.4,0.6456692913385826,734,0,5.266866485013624,2.0,2343.0,0
2261,0,96,10327.237500000001,12430.158012284815,47226.0,29824.61666666667,18515.324534959607,199634.8,0.4895833333333333,734,0,3.981253405994551,0.0,0.0,0
8341,0,138,12034.238405797101,16618.13544928702,72900.0,28935.018115942028,30168.716770017312,198313.3,0.43478260869565216,734,0,5.7230517711171665,1.0,1303.2,0
6706,1,180,3745.2194444444444,5184.596441524004,20107.5,44139.58388888889,8498.800573687045,46144.700000000004,0.7222222222222222,733,0,7.475034106412005,4.0,4549.0,0
2507,0,127,3072.2149606299213,2963.153915723324,10251.0,26262.974803149606,5942.071997541202,28776.5,0.5275590551181102,733,0,5.274051841746248,1.0,4556.0,0
3387,0,130,13326.155384615384,14901.607581297605,52900.0,59649.165384615386,24961.024362395674,400660.2,0.4846153846153846,733,0,5.398635743519781,0.0,0.0,0
3991,0,120,2565.5133333333333,2764.9436490354988,10500.0,22943.321666666667,6207.637597810065,30040.799999999996,0.6166666666666667,733,0,4.983356070941337,1.0,1937.0,0
1056,0,79,8532.345569620255,12283.404866894627,47609.0,30030.53924050633,25542.562354478352,42319.3,0.5189873417721519,733,31,3.2807094133697134,2.0,8223.7,0
2852,0,25,2896.0,2653.8462653288716,11600.0,26764.0,7757.677917177708,26600.0,0.4,732,12,1.039617486338798,0.0,0.0,0
3043,0,100,1873.8870000000002,1756.470814144204,6050.0,15382.011,3153.44358295624,15993.9,0.55,732,0,4.158469945355192,1.0,2768.0,0
10404,1,208,5957.950961538461,9182.926842141072,36932.0,47123.975000000006,12612.856230633795,50339.0,0.7644230769230769,731,0,8.661450068399454,5.0,7595.0,1
528,0,99,2040.9373737373737,1909.406377544958,5350.0,17446.28888888889,3577.7449049756697,20618.000000000004,0.5454545454545454,731,0,4.1225170998632015,1.0,2916.0,0
9424,1,128,5486.8203125,6093.251915847386,20904.0,26198.4171875,8548.26652576125,148431.8,0.546875,731,0,5.330123119015048,1.0,2322.7,0
3190,0,129,4062.77984496124,4570.80946669631,21600.0,36553.610077519385,7640.748700765978,41993.799999999996,0.5891472868217055,731,0,5.371764705882353,1.0,3085.0,0
1390,0,150,3931.6193333333335,4527.441185024041,22720.0,26301.925333333333,6846.882985829088,33148.100000000006,0.6066666666666667,731,0,6.24623803009576,2.0,7158.0,0
1988,0,127,2021.1173228346456,2102.7484798187534,11840.0,24435.676377952754,5364.322975750785,27767.100000000002,0.5039370078740157,731,0,5.288481532147743,1.0,2671.0,0
2362,0,102,1388.4725490196079,1393.4167996176898,3389.0,19272.37843137255,3852.4024762394843,25747.4,0.5588235294117647,731,0,4.247441860465116,1.0,2259.0,0
2064,1,128,5482.36328125,6095.748870207917,20904.0,26644.303125000002,8394.15398312606,149061.3,0.546875,731,0,5.330123119015048,1.0,2322.7,0
2689,0,151,6668.461589403973,8405.459778365177,29836.0,52191.97086092715,12348.667222042437,46262.9,0.6688741721854304,729,0,6.305130315500686,2.0,4848.0,1
9730,1,157,3370.2885350318475,4142.516855883385,16041.0,25973.528662420384,8484.712171606443,39012.5,0.6815286624203821,729,0,6.555665294924554,3.0,6956.0,0
1387,0,43,1439.332558139535,2612.095057859817,15300.0,32713.35581395349,11080.400869667346,48891.3,0.09302325581395349,729,9,1.7955006858710563,0.0,0.0,0
2637,0,126,7115.739682539682,7859.466102102146,26838.0,33526.39126984127,9834.3945398994,42296.399999999994,0.6111111111111112,729,0,5.2612345679012344,1.0,5194.0,1
1221,0,121,12688.728925619835,14977.404051511718,63500.0,38982.091735537186,30691.444310425202,387003.8,0.4380165289256198,728,0,5.059395604395605,1.0,3213.4,0
1860,0,105,1333.1942857142856,1378.9684891968352,5280.0,17126.453333333335,3700.954759041829,20550.6,0.5333333333333333,728,0,4.390384615384615,1.0,2170.0,0
3540,0,123,1765.3926829268291,1712.7780811996122,8100.0,33169.33821138211,7896.190429272284,42578.5,0.5040650406504065,727,0,5.15009628610729,1.0,2565.0,0
263,0,161,10378.490683229813,12144.408094647926,53900.0,59608.34782608696,23162.424316277018,211287.0,0.5403726708074534,727,0,6.741182943603852,1.0,6145.0,0
4660,1,188,8588.025531914895,12406.66468325662,47220.0,40008.85265957447,18895.601588493086,243096.0,0.6968085106382979,727,0,7.871691884456672,4.0,7489.0,0
294,0,176,4222.752272727273,5895.156476381554,22935.0,55644.07443181818,10626.469265069036,67504.8,0.7215909090909091,725,0,7.389572413793103,4.0,6573.0,1
4354,1,143,11413.263636363636,12544.03395268015,48563.0,50955.27972027972,25101.146291398556,233197.9,0.5594405594405595,722,0,6.028975069252078,2.0,18217.3,1
3639,0,102,2130.677450980392,2050.117280436881,5038.0,17559.804901960786,3966.335590430583,17819.5,0.5686274509803921,722,0,4.30038781163435,1.0,3358.0,0
1677,0,129,3760.2837209302324,3837.204896955243,17760.0,26642.717829457364,7084.382184319798,24521.8,0.5736434108527132,722,0,5.4387257617728535,1.0,5530.0,0
2653,0,148,7682.113513513514,9161.430877381577,34618.0,50685.21689189189,11340.101709992641,73958.0,0.668918918918919,722,0,6.239778393351801,2.0,8590.0,1
3870,0,111,2304.526126126126,2196.3699719273045,5510.0,18502.005405405405,3648.159006822677,13507.600000000004,0.5585585585585585,722,0,4.679833795013851,1.0,3673.0,0
17,0,54,7649.059259259259,12615.749299077594,49483.0,50791.5962962963,24033.036519875022,138892.0,0.35185185185185186,722,0,2.2766759002770085,1.0,4032.0,0
537,0,108,2156.1731481481484,2598.4783218065163,13900.0,39441.40462962963,14757.79068139174,67147.9,0.5462962962962963,722,0,4.553351800554017,1.0,1848.0,1
10493,1,177,9331.93220338983,11627.267111862731,47382.0,45957.13559322034,23535.680984808347,299523.2,0.5932203389830508,721,0,7.472787794729542,3.0,15011.3,0
2964,0,100,1896.5610000000001,2085.498087098599,10800.0,20593.115,5307.966988288703,25813.3,0.51,721,0,4.221914008321775,1.0,2306.0,0
752,0,122,4657.631147540984,5259.2678322575,17258.0,18005.559016393443,8629.938179506742,24719.4,0.6065573770491803,720,0,5.157888888888889,2.0,5707.0,0
6064,0,107,3006.7635514018693,2940.505005414294,9900.0,14077.094392523366,8183.396775845079,3605.899999999998,0.5233644859813084,719,0,4.5300139082058415,0.0,0.0,0
2981,0,124,1426.9290322580646,1447.1977981447985,8200.0,17807.276612903224,5284.191672669876,13148.4,0.5483870967741935,719,0,5.249735744089013,1.0,2022.0,0
3527,0,127,9742.369291338582,11464.989943166398,41280.0,47227.200000000004,17422.038071462594,53354.09999999999,0.6141732283464567,719,0,5.376745479833102,1.0,3414.0,1
3005,1,101,11091.923762376238,12841.143296912065,52200.0,44851.96138613861,26137.094357732152,59950.09999999999,0.5445544554455446,719,0,4.275994436717664,3.0,22704.3,0
11244,1,170,11844.909411764707,12051.977746908678,47600.0,45722.236470588236,27463.926100943212,263953.6,0.5588235294117647,718,0,7.20724233983287,2.0,18644.5,0
3470,0,98,2112.1214285714286,2107.4168847755573,5427.0,33857.61632653061,7870.286080257279,49530.3,0.5612244897959183,718,0,4.154763231197772,1.0,2492.0,0
3110,0,114,3772.8447368421052,9362.966873136418,54600.0,29936.176315789475,16243.645579898726,31049.499999999996,0.42105263157894735,718,0,4.833091922005572,0.0,0.0,0
2300,0,15,2513.3333333333335,3074.75124816549,11500.0,15653.333333333334,5682.537997694172,9900.0,0.4,717,207,0.6368200836820084,0.0,0.0,0
10148,1,157,4095.7133757961783,4983.5044178474,20262.0,50942.98152866242,10859.099407555957,64879.4,0.6815286624203821,717,0,6.665383542538354,3.0,7913.0,0
1707,0,105,5631.810476190476,5585.675397921623,23400.0,16539.042857142857,8860.544077569359,23074.5,0.5428571428571428,717,0,4.457740585774059,2.0,9026.9,0
512,0,123,8401.032520325203,9246.606468015369,32680.0,48764.76341463415,12912.429643007465,69237.4,0.6097560975609756,716,0,5.229217877094972,1.0,9449.0,1
9031,1,189,4031.6619047619047,8701.040505773752,48790.0,34675.31534391534,19830.803098444707,26401.299999999996,0.6190476190476191,715,0,8.046377622377623,4.0,7106.0,0
3375,0,103,5078.0747572815535,5918.317494924476,29300.0,47830.11456310679,16749.721541907868,60716.1,0.5145631067961165,715,0,4.385062937062937,0.0,0.0,1
2571,0,121,18929.399999999998,21082.76640914723,70498.0,68730.10661157026,28503.763916936576,281131.8,0.5454545454545454,715,0,5.1513846153846155,0.0,0.0,1
3304,0,124,4492.74435483871,4738.713303153088,16702.0,27219.656451612904,9177.825513989821,14294.700000000003,0.6048387096774194,714,0,5.286498599439777,1.0,4660.0,0
3908,0,120,1730.4591666666668,1796.5590591061691,6700.0,19390.365833333333,5278.741165612186,18081.5,0.6416666666666667,714,0,5.115966386554622,2.0,2638.0,0
9549,0,177,12460.306779661016,15345.428781675555,57100.0,54013.2011299435,34241.37096341339,381308.3,0.4011299435028249,713,0,7.556633941093969,0.0,0.0,0
4534,0,48,4501.054166666667,8354.888890610717,39604.0,35513.1625,12107.771404554465,31650.600000000002,0.3333333333333333,712,52,2.052134831460674,0.0,0.0,0
872,0,123,2458.652845528455,2669.102462618277,15680.0,37553.285365853655,9447.459490000148,46336.7,0.4959349593495935,712,0,5.258595505617977,1.0,2762.0,0
2854,0,123,7769.668292682926,9124.079776696793,36200.0,64792.87398373984,16740.346065070877,69875.6,0.6097560975609756,712,0,5.258595505617977,1.0,4186.0,1
2696,0,97,2041.6298969072166,1947.197215934405,5550.0,18236.029896907217,4354.323846098387,21092.5,0.5567010309278351,711,0,4.1528551336146275,1.0,3115.0,0
1214,0,115,6835.588695652174,7277.8249314934465,24782.0,43622.993043478265,11197.24245159387,52345.09999999999,0.5826086956521739,711,0,4.923488045007033,1.0,4469.0,0
1262,0,107,2620.0616822429906,2894.782743262041,12400.0,26470.707476635514,6201.82539371228,35185.0,0.5981308411214953,711,0,4.58098452883263,1.0,2821.0,0
8320,1,163,9347.404294478527,11876.75616249557,46450.0,37136.65889570552,16303.447027310282,161785.69999999998,0.5337423312883436,711,0,6.978509142053446,2.0,14266.2,0
3910,0,94,2085.7734042553193,1947.4230098755093,8200.0,17297.51489361702,3619.893799397378,15843.1,0.5425531914893617,711,0,4.024416315049226,1.0,2673.0,0
364,0,93,1420.2322580645161,1389.7800377383226,3570.0,21623.491397849462,4513.877188054439,26880.0,0.5376344086021505,710,0,3.9872112676056344,1.0,2221.0,0
480,0,120,9943.705833333333,11274.063135589573,38560.0,39238.465833333335,15532.981925542917,30653.1,0.6083333333333333,709,0,5.152045133991537,2.0,5514.0,0
2535,0,162,4560.2,6082.836339859519,22236.0,32007.991975308643,10082.84717766127,24738.8,0.7037037037037037,709,0,6.955260930888575,3.0,4516.0,0
9179,1,151,6984.20132450331,8894.99758839755,32253.0,42151.28874172185,13154.337859249037,149614.8,0.4900662251655629,709,0,6.4829901269393515,1.0,3583.7,0
2299,0,107,3804.8140186915884,4254.230853846613,21100.0,15881.065420560748,9679.125918406016,19189.5,0.5327102803738317,709,0,4.593906911142454,0.0,0.0,0
6138,1,115,7141.828695652174,7747.597705817388,26800.0,23762.46,10226.53818713583,42512.5,0.5739130434782609,708,0,4.944350282485876,2.0,13686.3,0
1840,0,102,4251.988235294118,4740.0715183077255,24500.0,22115.667647058825,6552.121223705423,25577.2,0.5098039215686274,708,0,4.385423728813559,0.0,0.0,0
3471,0,144,7141.811805555556,8883.570740712557,32952.0,60282.30138888889,16886.120140521864,83719.3,0.6666666666666666,708,0,6.191186440677966,2.0,6292.0,1
1651,0,90,10857.552222222223,15485.259044269847,64800.0,60927.16555555556,25423.12957568037,131287.69999999998,0.37777777777777777,707,0,3.874964639321075,1.0,1581.7,0
320,0,141,2107.9120567375885,4144.970077635839,30888.0,30730.536170212763,10239.923614121322,44231.6,0.3900709219858156,707,0,6.070777934936351,0.0,0.0,0
3961,0,102,1484.486274509804,1442.630200108535,3600.0,14536.692156862746,2693.3011851256565,11570.0,0.5784313725490197,706,0,4.397847025495751,1.0,2309.0,0
3379,0,101,6657.7465346534655,7187.970477312277,21412.0,38796.737623762376,9198.247751380166,60506.8,0.5247524752475248,706,0,4.354730878186969,0.0,0.0,0
4052,1,137,7471.305839416059,9006.462281106556,50700.0,42200.233576642335,17672.20924204024,330336.9,0.5109489051094891,705,0,5.915290780141844,1.0,2948.0,0
3964,0,93,1492.6032258064517,1472.6683656201003,5900.0,14231.536559139784,2829.509935667342,13190.5,0.5376344086021505,705,0,4.0154893617021274,1.0,2146.0,0
3681,0,125,7443.592,8860.42677150267,47040.0,43211.7368,12818.794161702048,72791.40000000001,0.6,705,0,5.397163120567376,1.0,7797.0,1
2229,0,128,5902.3234375,6509.244394862185,26200.0,28692.4828125,9355.342730159991,26781.8,0.609375,703,0,5.542418207681366,1.0,9605.0,0
8742,1,203,3833.716748768473,5987.492738044359,34880.0,24695.887192118225,9284.972190062344,22008.9,0.6354679802955665,702,0,8.802450142450143,4.0,9154.0,0
52,0,144,8782.662499999999,11111.792030751287,42300.0,39730.83541666667,16925.191167206918,238423.8,0.6111111111111112,701,0,6.253009985734665,2.0,4283.0,0
1853,0,132,2215.185606060606,4817.000154195184,28071.0,31883.685606060608,9432.244454315973,33220.5,0.3787878787878788,701,0,5.731925820256776,0.0,0.0,0
3861,0,124,9338.370967741936,10766.856672907028,37098.0,62595.93709677419,16062.162354840235,91366.4,0.6290322580645161,700,0,5.392228571428571,1.0,4227.0,1
3067,0,137,2340.6642335766423,2347.773295898039,8851.5,19487.278102189783,4719.120860248718,21533.4,0.6058394160583942,700,0,5.957542857142857,2.0,3934.0,0
3659,0,179,3624.6424581005585,5083.505780107801,40320.0,44690.06759776536,15257.0275099986,88501.40000000001,0.6759776536312849,698,0,7.80624641833811,4.0,7694.0,0
1356,0,107,2490.165420560748,3183.325505531965,21800.0,21300.396261682243,7401.913217437536,14322.099999999999,0.4672897196261682,698,0,4.666303724928367,0.0,0.0,0
1656,1,144,8200.425,9308.954224947496,35589.0,35229.68402777778,13765.233917528916,94650.40000000001,0.6180555555555556,698,0,6.279885386819485,2.0,16067.3,0
2103,0,129,2191.0627906976742,2317.2134732890177,8310.0,16958.20387596899,5121.329793929305,20289.5,0.6124031007751938,698,0,5.6257306590257885,2.0,3693.0,0
1854,0,126,6888.910317460317,7842.631843760912,28600.0,47383.1126984127,11099.867594561549,41053.09999999999,0.6190476190476191,697,0,5.502783357245337,1.0,3948.0,0
910,0,104,1997.1817307692306,2171.370622162234,8000.0,29580.334615384614,8539.591454186859,34669.299999999996,0.5480769230769231,696,0,4.548505747126437,1.0,1937.0,0
3794,0,119,7425.986554621849,8233.473656401966,28107.0,46162.401680672265,12447.417400218066,75398.8,0.5966386554621849,696,0,5.204540229885057,1.0,4536.0,0
3546,0,140,7510.3385714285705,9212.651050293436,33411.0,65661.57928571428,13271.401503571216,86013.80000000002,0.6571428571428571,696,0,6.122988505747126,2.0,6453.0,0
605,0,112,4527.654464285714,4577.054058043247,15472.5,20186.57857142857,7278.108757860683,25443.699999999997,0.5714285714285714,695,0,4.905438848920864,1.0,6876.0,0
3990,0,122,10493.233606557376,13371.559045601907,59700.0,45237.13114754098,30599.318276568796,93257.3,0.5163934426229508,695,0,5.343424460431655,1.0,10312.0,0
2021,0,16,2943.75,2583.27150463645,9700.0,14543.75,5727.473992375115,10300.0,0.5,694,64,0.7017867435158502,0.0,0.0,0
11231,1,173,12635.164739884392,16440.32419638664,66964.0,50357.55375722544,22604.84387353816,499695.89999999997,0.6242774566473989,694,0,7.58806916426513,3.0,17452.5,0
4266,0,119,6903.934453781512,7153.212435367608,25338.0,31756.47394957983,9953.976673999152,29518.6,0.6050420168067226,694,0,5.219538904899136,2.0,9605.0,0
2455,0,104,2503.0759615384613,2496.1235970493603,7200.0,27375.762499999997,6008.162911433716,30822.300000000003,0.5480769230769231,693,0,4.568196248196248,1.0,3262.0,0
3633,0,143,4093.4195804195806,4920.884439416635,22300.0,34579.46503496503,11870.266199740949,50663.399999999994,0.6153846153846154,693,0,6.281269841269841,2.0,7836.0,1
4026,0,144,8973.925694444444,10123.929066248247,39306.0,46663.34305555556,15460.547368668182,330839.7,0.5694444444444444,693,0,6.325194805194805,3.0,14949.4,0
3620,0,110,2027.5454545454545,4786.8892334891925,28736.0,23552.544545454544,13120.03251982982,26346.0,0.4,693,0,4.8317460317460315,0.0,0.0,0
4550,1,176,2430.365909090909,3199.1416929058205,12945.0,24398.91193181818,5146.286793132609,27178.800000000003,0.7102272727272727,693,0,7.73079365079365,4.0,4166.0,0
1616,0,112,1838.79375,1856.3718043286833,7800.0,19862.466071428575,5328.119088951155,27523.300000000003,0.5089285714285714,692,0,4.926705202312139,1.0,2642.0,0
1498,1,132,9533.125,13289.968456274062,48000.0,46121.087878787876,25744.859647224173,221614.9,0.4090909090909091,692,0,5.806473988439307,1.0,2762.8,0
598,0,117,4893.011111111112,4981.027304506326,17508.0,39363.975213675214,13258.535270533619,60389.90000000001,0.5384615384615384,691,0,5.154095513748191,1.0,7781.0,1
2262,1,162,15755.904320987655,16667.60742399881,58400.0,66185.95864197532,29335.285586109247,305082.5,0.5123456790123457,691,0,7.13643994211288,1.0,6395.0,1
2126,0,123,16400.838211382114,18562.385628780605,77400.0,69301.99837398375,22543.15716267677,552177.5,0.4715447154471545,690,0,5.426260869565218,0.0,0.0,1
1418,0,119,4367.824369747899,4419.664696710626,15666.0,31622.819327731093,8158.097524662922,31361.5,0.5882352941176471,690,0,5.249797101449276,1.0,6759.0,0
2537,0,158,15719.254430379748,16052.371873255159,60900.0,54257.88291139241,29892.477064573883,234338.19999999998,0.5189873417721519,690,0,6.9703188405797105,1.0,13540.0,1
159,0,112,8751.879464285714,9508.834852243052,33081.0,48505.80714285715,17589.602215496754,94730.09999999999,0.5892857142857143,688,0,4.955348837209303,1.0,8694.0,1
11141,1,152,11159.265131578948,14183.99383533061,78600.0,61940.01776315789,24612.91540628822,433255.5,0.48026315789473684,688,0,6.725116279069767,1.0,3744.7,1
2477,0,109,2231.370642201835,2170.6679445764203,6967.5,17341.635779816515,4674.506022555931,18397.8,0.5229357798165137,688,0,4.822616279069767,1.0,3096.0,0
1182,0,99,7894.436363636363,8092.274474163295,24940.0,42113.04646464647,14664.280797962532,193452.8,0.46464646464646464,688,0,4.380174418604652,1.0,1662.7,1
130,0,103,2674.3087378640776,2687.9458678426386,7350.0,26258.433980582526,5587.095377595034,29171.399999999998,0.5922330097087378,687,0,4.563784570596798,1.0,3969.0,0
828,0,121,5426.203305785124,5688.969126094432,19917.0,27986.838016528924,12496.008793379164,20293.000000000004,0.5867768595041323,687,0,5.361339155749636,1.0,8852.0,1
2042,0,108,1251.6055555555556,1280.5225398676255,4600.0,14975.687037037036,3316.1328697631893,18381.0,0.6203703703703703,687,0,4.785327510917031,2.0,2266.0,0
4358,0,133,15611.831578947369,16401.720002244445,63900.0,71987.23759398496,28909.338708133848,296560.4,0.48872180451127817,687,0,5.893042212518195,1.0,2542.0,1
3565,0,156,1300.1499999999999,1691.4135233680315,12000.0,26628.811538461538,4811.927501625338,25651.0,0.6474358974358975,687,0,6.912139737991267,3.0,2396.0,0
796,0,57,6563.126315789474,11282.123657132588,54800.0,37247.2596491228,18244.367419042548,111581.40000000001,0.2807017543859649,686,0,2.5292711370262393,0.0,0.0,1
2381,0,121,6695.4239669421495,7413.624678241909,26367.0,42011.18099173554,10854.269490591509,61077.9,0.6033057851239669,686,0,5.369154518950438,1.0,9358.0,0
1430,0,12,3066.6666666666665,3521.9657045806716,13000.0,15191.666666666666,6355.735896643188,11000.0,0.3333333333333333,686,326,0.5324781341107873,1.0,4127.0,0
2085,0,150,3156.5186666666664,3695.612330666649,14568.0,27109.414666666667,8185.946175208319,23655.399999999994,0.6733333333333333,686,0,6.6559766763848405,3.0,6474.0,0
3059,0,152,6895.6269736842105,9739.773746083467,33967.5,47798.02828947368,13277.23989744705,48278.9,0.6973684210526315,684,0,6.764444444444445,3.0,3720.0,1
3959,0,109,8224.006422018349,8534.69241923673,28800.0,29490.25504587156,15283.529768818105,337594.3,0.44036697247706424,684,0,4.850818713450293,1.0,1680.6,0
1068,1,158,5489.2411392405065,8309.58035493825,46619.0,34852.10569620253,17719.517790013484,83174.70000000001,0.6582278481012658,684,0,7.031461988304094,4.0,12861.5,0
10915,1,175,4393.599428571429,5384.373119569891,22868.0,21450.57657142857,8678.971525247509,33170.7,0.7085714285714285,684,0,7.788011695906433,5.0,13697.8,0
729,0,127,920.503937007874,1169.2722416034583,3080.0,19270.870078740158,3377.9311665225314,23351.6,0.6771653543307087,684,0,5.65187134502924,3.0,2053.0,0
1141,0,151,1147.6470198675497,1452.8796248282438,9000.0,20077.60132450331,4280.141290362376,15090.300000000001,0.6423841059602649,683,0,6.7297803806735,3.0,2183.0,0
1264,0,116,6698.387931034483,7152.338150589276,25228.5,43712.57844827586,13471.700529879252,51656.59999999999,0.603448275862069,683,0,5.169897510980967,1.0,6605.0,1
351,0,136,2509.845588235294,5576.644748962278,39533.0,26681.392647058823,11458.503967418823,18155.000000000004,0.4338235294117647,682,0,6.070146627565983,0.0,0.0,1
424,0,119,9114.664705882355,10344.608367996265,35180.0,46491.68571428571,14758.52314345784,53192.7,0.6134453781512605,682,0,5.311378299120235,1.0,4591.0,1
1037,0,171,4801.816374269006,7249.3817395749875,27080.0,58728.03684210527,12717.432545178455,61658.2,0.7309941520467836,681,0,7.64352422907489,4.0,3221.0,1
2656,0,115,1698.7060869565219,1881.924396251942,5046.0,23017.60086956522,5723.587313860528,31896.8,0.6434782608695652,681,0,5.140381791483113,2.0,2127.0,0
5445,1,193,3381.0601036269427,4808.481356330836,19674.0,37644.31761658031,9044.200745741513,99416.2,0.7098445595854922,680,0,8.639588235294118,5.0,5793.0,0
3188,0,113,6542.685840707964,6733.259643763449,23269.5,29103.06283185841,11047.667033879294,17399.1,0.5929203539823009,679,0,5.065861561119293,1.0,7623.0,0
3236,0,109,1657.0669724770642,1804.2747156793564,6200.0,20768.46605504587,5393.880926023013,17331.9,0.6238532110091743,679,0,4.8865390279823275,2.0,2388.0,0
2766,0,110,2671.908181818182,2577.3725995843924,12800.0,40078.284545454546,15386.47932342308,65361.5,0.4636363636363636,679,0,4.931369661266569,1.0,3498.0,1
1447,1,127,4788.3834645669285,5256.22851561604,18762.0,29367.415748031493,7328.426564547962,65019.09999999999,0.5590551181102362,679,0,5.693490427098675,2.0,10294.7,0
3331,0,132,5000.694696969696,5781.881597158443,20530.0,27865.155303030304,9095.79861218811,16691.299999999996,0.6439393939393939,679,0,5.917643593519882,2.0,5268.0,0
4268,1,141,4460.517730496454,4828.870752453172,33280.0,38957.126950354614,12070.412864236487,61956.6,0.5673758865248227,679,0,6.321119293078056,2.0,10145.0,0
1524,0,96,1787.690625,1731.1866459061584,4400.0,15654.842708333332,3183.8655929957317,18871.9,0.5625,679,0,4.303740795287188,1.0,2705.0,0
4746,1,153,15681.998692810455,16874.10210461109,64600.0,65213.01372549019,30030.209749530502,335662.60000000003,0.5294117647058824,678,0,6.869203539823009,1.0,3413.0,1
3337,0,160,15478.849375,15681.666681584797,62500.0,63896.531875,25759.515648173092,308581.9,0.53125,677,0,7.194091580502215,1.0,5743.0,0
323,0,104,2736.8596153846156,2769.484889244083,9100.0,22181.458653846155,6145.043034009389,19757.0,0.6057692307692307,676,0,4.683076923076923,1.0,3025.0,0
2016,0,159,1089.17106918239,1321.1116301853049,9000.0,20110.944025157234,4326.075682411052,17749.8,0.6352201257861635,676,0,7.159704142011835,3.0,1967.0,0
226,1,129,7233.487596899225,7560.889786530666,28588.0,49698.993798449614,11438.875949385503,44471.500000000015,0.5736434108527132,676,0,5.808816568047337,2.0,18040.0,1
5180,1,74,11962.608108108108,14912.501894909747,49991.0,45220.67837837838,23939.08430899613,172687.8,0.3918918918918919,675,0,3.337125925925926,1.0,4897.0,1
1619,0,119,2494.5386554621846,2344.2674667753317,9400.0,31080.41176470588,7996.786043803404,43753.700000000004,0.5126050420168067,675,0,5.366459259259259,1.0,3220.0,0
2661,0,116,3640.7827586206895,3622.5647091115084,12712.0,19673.531896551725,5205.641505981742,21258.399999999998,0.5689655172413793,674,0,5.23893175074184,1.0,4764.0,0
1818,0,95,8180.510526315789,8589.296955420665,24975.0,48465.87684210526,13563.224086237778,38612.100000000006,0.5157894736842106,674,0,4.290504451038576,0.0,0.0,0
2937,0,91,2248.214285714286,2013.7228745436444,4845.0,13338.936263736263,3404.7202854114976,12251.099999999999,0.5494505494505495,674,0,4.109851632047478,1.0,3230.0,0
2194,0,117,7750.652136752137,8237.785943020988,29079.0,38454.59658119658,12398.401654286843,42793.9,0.6068376068376068,674,0,5.284094955489615,1.0,9386.0,0
1336,0,125,6516.585599999999,7280.849136103161,26700.0,32086.0688,9314.44197701245,23340.80000000001,0.624,673,0,5.653789004457652,1.0,9426.0,0
2325,0,153,5206.664705882353,6940.3676612803565,25784.0,30929.884967320264,9424.531628490475,35869.3,0.7058823529411765,673,0,6.920237741456166,3.0,5759.0,0
292,0,93,2039.516129032258,2437.4125707972594,16300.0,14987.101075268816,4786.566409857601,20314.600000000002,0.5376344086021505,673,0,4.206419019316494,1.0,1986.0,0
2797,0,100,8636.43,9706.54003486226,38880.0,28214.12,14734.08959650985,37226.6,0.53,673,0,4.523031203566122,0.0,0.0,0
1736,0,95,2633.8305263157895,2615.816512900821,12650.0,28440.42315789474,6336.4001760253905,23341.5,0.5684210526315789,673,0,4.296879643387816,1.0,3666.0,0
2405,0,116,5352.337068965517,5505.295150900356,19312.5,31340.671551724135,6872.060104824031,30736.7,0.5862068965517241,672,0,5.25452380952381,1.0,6407.0,0
2415,0,110,6469.464545454545,6584.9988912747185,22980.0,29882.04090909091,8815.083922056458,43552.7,0.5818181818181818,672,0,4.982738095238095,1.0,7308.0,0
3851,0,115,7705.848695652174,11268.816772935561,50200.0,33308.34434782609,22505.346511059113,42710.2,0.591304347826087,672,0,5.2092261904761905,2.0,10799.0,0
2782,0,110,11211.228181818182,13061.723844603543,76800.0,48824.64363636363,16281.640589678698,198738.69999999998,0.509090909090909,672,0,4.982738095238095,1.0,2602.8,0
195,0,114,5847.0307017543855,6085.16838197709,21924.0,38871.85526315789,8432.92884064272,49425.1,0.5964912280701754,672,0,5.163928571428571,1.0,6260.0,1
2380,0,116,3167.5612068965515,3205.1490767953383,11900.0,32245.427586206897,7320.010142706041,34924.7,0.5517241379310345,672,0,5.25452380952381,1.0,4206.0,0
1928,1,119,6178.499159663866,6740.739585528769,23522.0,30101.119327731092,12057.082498057407,191110.0,0.5126050420168067,669,0,5.414588938714499,1.0,2317.5,0
3242,0,137,3425.2554744525546,3546.3401166869894,13137.0,26968.527737226275,6737.584500187451,22395.6,0.583941605839416,669,0,6.233602391629297,2.0,7389.0,0
3541,0,102,2096.8441176470587,2291.2011704518454,8100.0,23105.001960784317,7009.6485704480365,32227.7,0.5588235294117647,669,0,4.641076233183856,1.0,1691.0,0
3652,0,107,2357.466355140187,2328.659885765701,6097.0,20157.6046728972,4433.41634743399,21232.5,0.5794392523364486,669,0,4.8685799701046335,1.0,3005.0,0
2024,0,112,4497.370535714285,4570.588773310242,15804.0,22330.575,7016.323605944448,23145.1,0.5714285714285714,669,0,5.096083707025411,1.0,7024.0,0
919,0,116,4334.070689655173,4464.931110623286,16047.0,35568.31724137931,8040.797120449057,38375.8,0.5775862068965517,668,0,5.285988023952096,1.0,4850.0,0
1096,0,108,2428.825,2465.129481883917,6435.0,22177.050925925927,5000.971182026254,25504.7,0.5833333333333334,668,0,4.921437125748503,1.0,3488.0,0
1215,0,99,2071.550505050505,2068.947401180558,5273.0,21675.45656565657,6580.263089541633,32159.100000000002,0.5454545454545454,667,0,4.5180809595202405,1.0,2508.0,0
6306,0,68,7235.325,10990.525248980148,49145.0,21888.33823529412,22536.64951948025,134324.3,0.4117647058823529,667,28,3.1033283358320842,0.0,0.0,0
2089,0,115,11331.990434782609,14381.769268826065,64200.0,44881.471304347826,37677.467210524315,125320.9,0.5217391304347826,666,15,5.256156156156156,0.0,0.0,1
850,0,115,11677.328695652175,12144.164297818723,43257.0,33099.52086956522,18188.141300658473,221422.4,0.5478260869565217,664,0,5.271987951807229,1.0,14811.0,0
1668,0,93,2204.2354838709675,2237.4688970218676,9400.0,16661.81397849462,4726.565470655136,14267.500000000002,0.5161290322580645,664,0,4.263433734939759,1.0,3275.0,0
2224,0,97,10336.47319587629,10886.297725806467,34863.0,48968.60206185567,17485.73901166188,189037.9,0.5051546391752577,663,0,4.453514328808446,1.0,2324.2,0
3574,0,105,1690.0085714285715,1677.005524342667,8900.0,19905.299047619046,6270.672024323524,14867.7,0.5333333333333333,663,0,4.82081447963801,1.0,2328.0,0
6061,1,126,7497.503174603175,9313.484887443037,38240.0,40547.78888888889,13189.352456354918,51140.19999999999,0.6507936507936508,663,0,5.784977375565611,2.0,8950.0,0
2270,0,88,2392.3420454545453,2228.1525416590116,5407.0,23901.98522727273,4789.7155836070515,21282.9,0.5454545454545454,663,0,4.040301659125189,1.0,3604.0,0
214,0,90,1332.868888888889,1266.5748999658372,3146.0,13476.88,2458.899917369645,15033.0,0.5666666666666667,662,0,4.1383685800604235,1.0,2097.0,0
3031,0,96,1741.4104166666666,1709.074902579519,4184.0,17812.175,4408.231488405347,21173.0,0.53125,661,0,4.420937972768533,1.0,2789.0,0
1746,0,96,8884.365625,10288.705518258237,53200.0,69524.69583333333,22609.022885206068,54031.9,0.5416666666666666,660,0,4.427636363636363,0.0,0.0,0
64,0,44,4952.95,9110.601696247862,34850.0,24198.525,12909.028000411456,21729.8,0.3181818181818182,660,30,2.029333333333333,0.0,0.0,0
3842,0,82,2041.9524390243903,2040.04418574912,5031.0,34621.01219512195,9860.245885389639,50408.9,0.524390243902439,659,0,3.7876783004552355,1.0,2776.0,0
3971,0,166,6987.6885542168675,10932.005734818775,49000.0,34749.99397590361,20921.607334137654,79230.70000000001,0.7048192771084337,658,0,7.679392097264438,4.0,11795.0,0
405,0,154,10257.614285714286,12649.472461078583,49985.0,41453.21753246753,27465.737164957492,236570.4,0.6103896103896104,658,0,7.124255319148937,4.0,16047.0,1
600,0,111,6839.381981981982,7279.006477650117,25495.5,40800.16576576577,11565.955834473827,47360.2,0.5855855855855856,658,0,5.135015197568389,1.0,5952.0,1
1740,0,87,1834.3689655172413,1679.6516951585281,4070.0,14363.039080459768,2916.315429846699,14666.900000000001,0.5517241379310345,658,0,4.024741641337386,1.0,2713.0,0
2672,0,101,1303.2613861386137,1427.607194852302,3630.0,14013.506930693069,3126.428471475319,17456.2,0.6039603960396039,657,0,4.679512937595129,2.0,2322.0,0
114,0,103,1511.7368932038835,1653.5154822964844,6000.0,20649.471844660195,3875.420738914843,26099.7,0.6213592233009708,657,0,4.772176560121766,2.0,2123.0,0
2760,0,130,5342.219230769231,5834.24524510368,22380.0,38405.347692307696,12026.963491373206,60923.299999999996,0.6230769230769231,657,0,6.023135464231355,2.0,9845.0,1
2597,0,130,6892.198461538462,8801.35375414368,29751.0,37810.17538461538,12804.937892993481,23168.6,0.6692307692307692,655,0,6.041526717557252,2.0,3355.0,0
2908,0,110,6558.398181818182,7458.818114090144,25456.0,59462.637272727276,14582.180667764109,80332.6,0.6,655,0,5.112061068702291,1.0,3207.0,1
191,0,106,18410.877358490565,19854.915546410703,66314.0,60468.85566037736,23736.389042573348,393285.8,0.4716981132075472,654,0,4.933700305810398,1.0,4420.9,1
2354,0,105,7740.866666666667,8049.512790364619,27900.0,48289.87523809524,12014.064832542517,60051.799999999996,0.580952380952381,654,0,4.887155963302753,1.0,9071.0,1
3782,0,149,8701.339597315437,10994.15673195231,42783.0,46203.11879194631,17273.344786491783,262201.6,0.6375838926174496,654,0,6.935107033639144,3.0,13951.0,1
3328,0,88,2142.9102272727273,2013.838463715543,4951.0,23073.607954545456,4938.903378007341,24248.9,0.5568181818181818,654,0,4.095902140672783,1.0,3300.0,0
3083,0,93,10730.027956989246,11804.165750427164,34287.0,44849.98602150537,13549.895365692515,61025.40000000001,0.5376344086021505,653,0,4.335252679938744,0.0,0.0,0
1199,0,127,2050.3913385826772,2172.1445328502086,10400.0,34062.70393700788,12627.69356904556,42952.5,0.5590551181102362,653,0,5.920183767228178,2.0,2710.0,0
10652,1,149,9059.65167785235,12162.140261864717,45213.0,38910.11879194631,15618.065501083383,216492.9,0.6644295302013423,653,0,6.94572741194487,3.0,7462.0,0
2690,0,103,2530.557281553398,2618.126652466095,8400.0,27128.38640776699,8181.225067021717,22742.199999999997,0.6213592233009708,652,0,4.808773006134969,1.0,2017.0,0
2495,0,22,3018.181818181818,2439.4840132868776,11700.0,25213.636363636364,12010.324743024246,49400.0,0.18181818181818182,652,22,1.027116564417178,1.0,856.0,0
8505,1,135,5202.13037037037,6562.205772511801,22908.0,35217.83777777777,8816.221553442443,22860.4,0.5185185185185185,651,0,6.312442396313364,1.0,3570.0,0
304,0,112,13483.675000000001,13920.232014974485,49764.0,43233.232142857145,18936.293488241863,74026.40000000001,0.5892857142857143,651,0,5.236989247311828,1.0,14367.0,0
8926,1,200,4270.2545,6179.097714220838,26384.0,37751.477999999996,8749.264591086509,40297.7,0.64,650,0,9.366153846153846,5.0,17216.0,0
578,0,161,5272.507453416149,7544.316138504145,28480.0,38343.45838509317,10801.814689460514,94389.7,0.7018633540372671,650,0,7.539753846153847,4.0,6159.0,0
1363,0,158,6692.987341772152,9848.399155591951,39840.0,52859.04430379747,14363.475816339158,31792.799999999996,0.7215189873417721,648,0,7.422098765432099,4.0,6888.0,0
1165,0,102,5856.05,6043.010628338156,20138.0,16886.239215686273,8296.5286006747,27689.9,0.5686274509803921,648,0,4.7914814814814815,1.0,8270.0,0
85,0,108,2881.237962962963,2670.1873932180274,8944.5,29104.939814814814,13930.78685226237,52012.5,0.5,648,0,5.073333333333333,2.0,5623.0,0
749,0,165,2546.2654545454543,3356.9956475457034,12382.0,33483.60727272728,6578.133710056811,30204.6,0.703030303030303,648,0,7.750925925925926,4.0,5268.0,0
8026,1,108,9632.166666666666,11118.38415758787,35914.0,63713.110185185185,16857.749899037346,72510.8,0.5925925925925926,648,0,5.073333333333333,1.0,3563.0,1
3332,0,97,3443.963917525773,4164.3553737890015,25000.0,35541.23402061856,11756.915645508449,60997.299999999996,0.5257731958762887,646,0,4.570712074303406,0.0,0.0,0
3739,0,91,9020.050549450549,9476.905202372222,27870.0,44694.58681318681,11827.48466387797,46637.4,0.5164835164835165,646,0,4.2879876160990715,0.0,0.0,0
1907,0,130,6070.796153846154,7489.071414648549,27397.5,46032.31692307693,12146.510476370559,67348.3,0.6615384615384615,646,0,6.125696594427245,2.0,8775.0,0
1976,0,128,4984.25625,6048.848000034359,22200.0,35491.5328125,8445.468697763263,49637.600000000006,0.640625,646,0,6.0314551083591335,2.0,5565.0,1
3658,0,118,1807.9881355932205,3581.1242087493292,23031.0,23663.2093220339,8676.098497389716,21816.999999999996,0.4322033898305085,646,0,5.560247678018577,0.0,0.0,0
3581,0,119,3815.1344537815125,4101.048438487384,14684.0,17329.889915966385,8301.891040471653,23445.800000000003,0.6218487394957983,645,0,5.616062015503876,2.0,6509.0,0
1466,0,40,3208.4700000000003,6094.432321145723,32253.0,26522.3025,11953.307850334371,18138.8,0.3,645,45,1.887751937984496,1.0,10056.0,1
3176,0,96,1905.7093750000001,1781.522349894702,4595.0,14937.685416666667,3324.053096889848,13324.9,0.5833333333333334,645,0,4.530604651162791,1.0,2464.0,0
1459,0,101,1210.369306930693,1236.8295224276123,4300.0,14231.945544554455,2907.4621860146253,15304.1,0.6138613861386139,645,0,4.766573643410853,2.0,2124.0,0
1321,0,111,2171.063063063063,2069.128008823037,9600.0,23210.424324324325,5209.826110816788,25018.8,0.5225225225225225,644,0,5.246645962732919,2.0,3319.0,0
2966,0,145,12035.429655172415,13732.745697425411,63100.0,66715.87103448277,26843.83954564529,175531.69999999998,0.5379310344827586,644,0,6.853726708074534,1.0,4560.0,1
157,0,93,2800.2000000000003,2757.32952561461,6918.0,23814.236559139787,6448.179218143759,33957.4,0.5698924731182796,643,0,4.402674961119751,1.0,3991.0,0
2158,0,102,3463.0666666666666,7706.765887531196,48917.0,36744.4794117647,13560.266470988889,30636.400000000005,0.49019607843137253,642,0,4.836261682242991,0.0,0.0,0
2843,0,105,7557.706666666666,7713.588039887128,26356.5,27457.131428571425,10949.59331503576,30327.999999999996,0.580952380952381,642,0,4.978504672897197,1.0,7746.0,0
3266,0,107,1492.0149532710282,1859.6179008929391,9250.0,27345.422429906543,5236.276066426576,35614.4,0.6355140186915887,642,0,5.073333333333334,2.0,1647.0,0
2048,0,134,4755.432835820896,5997.888673096022,21798.0,40289.26865671642,10512.825700435245,47586.8,0.664179104477612,641,0,6.363432137285491,3.0,5008.0,0
442,1,80,10057.35125,13170.83938776213,48885.0,31241.49375,18741.81295766466,54376.5,0.5625,641,0,3.799063962558502,3.0,15129.0,0
3885,0,90,2650.5533333333333,2720.6878707291257,9600.0,24083.23555555556,5839.542321016804,25642.600000000002,0.4888888888888889,639,0,4.287323943661972,1.0,1176.0,0
1863,0,143,2648.6944055944055,3146.473048941459,15040.0,36500.41678321678,11467.921114097047,56048.1,0.6083916083916084,639,0,6.8120813771518,3.0,4668.0,0
9167,1,190,7580.13947368421,11469.151737493055,49081.0,48846.992105263154,26198.465309403757,293982.5,0.5473684210526316,638,0,9.065203761755487,4.0,10919.3,0
2874,0,92,1294.1434782608696,1278.0735438868037,3100.0,13123.415217391304,2805.714048580726,13962.0,0.532608695652174,638,0,4.389467084639499,1.0,2066.0,0
3695,0,115,5137.304347826087,5410.260487281927,19227.0,28336.120869565217,7980.333603879586,22088.799999999996,0.6,638,0,5.486833855799373,1.0,8101.0,0
10068,1,144,11947.690972222223,14537.45459293085,58600.0,54901.30347222222,25847.208224850892,149674.69999999998,0.5486111111111112,638,0,6.870470219435737,1.0,6483.7,0
2725,1,160,5497.1431250000005,8413.55227158808,43520.0,50945.871250000004,13174.44850898025,77685.7,0.71875,638,0,7.633855799373041,4.0,5658.0,1
2899,0,112,9085.080357142857,10051.297344795075,35403.0,51390.92946428571,13913.91966259156,79359.79999999999,0.6160714285714286,637,0,5.352087912087912,1.0,7503.0,1
144,0,122,12567.701639344263,14832.833528609272,64700.0,53206.21967213115,23825.723104771227,393974.8,0.47540983606557374,637,0,5.829952904238619,0.0,0.0,1
1933,0,97,2364.544329896907,2272.8553968965753,5706.0,20589.770103092782,4743.791720637022,15677.599999999999,0.5567010309278351,636,0,4.642578616352202,1.0,3804.0,0
1034,0,110,2959.2736363636363,2805.7508228530887,10700.0,26909.65,9635.564236510358,24844.9,0.5454545454545454,636,0,5.264779874213836,1.0,4219.0,0
49,0,93,1969.4817204301073,1891.1889942427317,4654.0,15599.062365591399,4297.326474603614,15310.600000000002,0.5376344086021505,634,0,4.465173501577287,1.0,3102.0,0
1594,0,140,5745.163571428571,7473.562202976366,27279.0,52931.42571428571,12308.328956508925,49329.700000000004,0.6857142857142857,634,0,6.721766561514197,3.0,6227.0,0
1138,0,29,2938.6206896551726,4502.990780294114,17430.0,18839.162068965517,6413.295958643473,18020.0,0.2413793103448276,633,31,1.3945655608214849,0.0,0.0,0
3544,0,95,8094.789473684211,8012.910039303643,26664.0,26331.32210526316,10594.49449197382,57767.00000000001,0.5473684210526316,633,0,4.568404423380726,1.0,10975.0,0
1636,0,109,8827.178899082568,10310.783184465216,34965.0,61938.522935779816,15449.587897324449,76676.5,0.6146788990825688,632,0,5.249936708860759,1.0,4964.0,0
10812,1,114,9105.021052631579,12251.241373189681,48538.0,45509.38333333333,29130.912092853847,143012.80000000002,0.5526315789473685,632,19,5.490759493670886,1.0,2931.0,0
2165,1,124,7462.93870967742,8297.850997391564,29474.0,30019.858870967742,13012.32465176491,157567.6,0.5483870967741935,632,0,5.97240506329114,2.0,15767.8,0
3460,1,114,9087.7,12259.981418434285,48538.0,48259.27631578947,29111.85792857753,145238.19999999998,0.5526315789473685,632,19,5.490759493670886,1.0,2931.0,0
4208,0,99,1593.6848484848483,2640.817973132012,14807.0,23482.345454545455,6852.853865410226,26478.399999999998,0.43434343434343436,632,0,4.768291139240507,0.0,0.0,0
2954,0,111,9182.46126126126,10172.246470087763,35696.0,53881.24504504505,14305.839953407072,86794.00000000001,0.6126126126126126,632,0,5.34626582278481,1.0,8306.0,1
843,0,137,1074.9642335766423,1458.641277854619,9800.0,19180.05255474453,5656.51253040506,16626.9,0.6423357664233577,631,0,6.609001584786054,3.0,1980.0,0
2901,0,104,3495.1182692307693,3463.360850801845,12700.0,42010.903846153844,11465.444866670667,55462.3,0.49038461538461536,631,0,5.017052297939778,1.0,4936.0,0
1734,0,116,8923.971551724138,9787.957008752319,35572.0,56820.09137931034,14007.357283622614,71699.5,0.6206896551724138,630,0,5.604825396825397,1.0,9431.0,1
2466,0,128,6997.95390625,9046.814370945545,31114.5,67175.49921875,13273.728905188043,76530.9,0.65625,629,0,6.194467408585055,2.0,3770.0,1
476,0,19,2600.0,2293.711209178503,9100.0,17647.36842105263,4903.55522056901,24000.0,0.47368421052631576,629,29,0.9194912559618441,0.0,0.0,0
1407,1,182,14226.384065934066,15145.887273941331,64700.0,77371.23846153847,22489.197633556538,445676.5,0.5274725274725275,629,0,8.807758346581876,2.0,20109.7,0
1598,0,125,13610.0072,14681.166299725293,62800.0,56451.246399999996,27448.39499680393,139445.7,0.512,628,0,6.058917197452229,2.0,12822.0,0
2166,0,129,4197.5100775193805,5204.516489667967,18771.0,24929.227131782944,7182.735531518786,26954.800000000003,0.6666666666666666,628,0,6.252802547770701,3.0,6516.0,0
1259,0,157,4085.263057324841,5895.422474001317,22008.0,26160.531210191082,9467.352439120437,45047.1,0.7197452229299363,628,0,7.61,4.0,4725.0,0
927,0,111,4628.002702702703,5020.16799984114,17901.0,21240.22882882883,8541.196420210452,24754.3,0.6216216216216216,628,0,5.38031847133758,2.0,7405.0,0
2575,0,114,2153.7359649122805,2498.945584407116,8400.0,20335.533333333333,4935.082445011031,24247.899999999998,0.6666666666666666,627,0,5.534545454545455,2.0,2578.0,0
4467,1,113,5731.213274336283,6510.667841903016,27900.0,28918.40088495575,9220.960179206775,128530.1,0.5575221238938053,627,0,5.485996810207337,2.0,6950.5,0
1253,0,123,6126.962601626016,7207.015398223404,28800.0,51912.96666666667,12562.122049087675,70538.40000000001,0.6260162601626016,627,0,5.971483253588517,2.0,9195.0,1
1281,0,92,5969.7413043478255,6507.212542817092,21086.0,63261.21630434783,19514.340183664866,101378.2,0.532608695652174,626,0,4.473610223642173,0.0,0.0,0
1915,0,112,3765.671428571429,3925.502977112673,13936.5,17967.65267857143,5925.988392626356,23233.199999999997,0.6071428571428571,626,0,5.446134185303515,2.0,6194.0,0
3716,0,20,2960.0,2666.833328125326,11900.0,19070.0,5548.646112720699,18400.0,0.4,626,26,0.9725239616613419,0.0,0.0,0
1560,0,141,2411.236170212766,3017.562659173711,11400.0,31819.14539007092,6139.1684832542405,42618.3,0.6666666666666666,626,0,6.856293929712461,4.0,5150.0,0
4725,1,111,10859.032432432434,11791.03395419327,42068.0,26730.869369369368,16781.18149484331,33453.000000000015,0.6306306306306306,626,0,5.397507987220448,2.0,18136.2,0
1665,0,88,2648.7920454545456,2953.4155096590484,13650.0,23412.477272727272,6432.6339360055235,33135.7,0.5681818181818182,625,0,4.285952,1.0,1578.0,0
12,0,106,2044.8235849056603,2395.8970178819445,11000.0,20142.701886792453,5000.98190413845,26113.3,0.6320754716981132,625,0,5.162624,2.0,3592.0,0
3398,0,92,2332.7434782608693,2536.080436001407,12650.0,24139.257608695654,6073.075730700266,25494.4,0.5978260869565217,625,0,4.480767999999999,1.0,1990.0,0
4475,0,88,8252.050000000001,8164.969851089188,25378.0,34352.80340909091,9740.715507381137,88742.4,0.48863636363636365,624,0,4.292820512820513,1.0,1691.9,0
2586,0,113,13228.56814159292,14421.508071009437,61900.0,60546.80973451328,28298.70736928936,374990.2,0.4424778761061947,624,0,5.512371794871795,0.0,0.0,0
189,0,141,6120.251063829787,8727.170428901234,31530.0,45002.88936170213,14388.110614589803,71269.40000000001,0.7021276595744681,624,0,6.878269230769231,3.0,5354.0,0
3077,0,105,5545.379047619048,6031.068798134043,20978.0,41265.8819047619,14036.797249309655,68530.79999999999,0.5904761904761905,624,0,5.122115384615385,1.0,3698.0,1
3634,0,101,20287.10099009901,21905.482537239375,72766.0,68017.6702970297,25053.643480713716,212359.2,0.5544554455445545,624,0,4.926987179487179,1.0,4851.1,0
3897,0,108,8298.960185185184,9670.90160077908,32781.0,58943.19722222222,14078.659793802053,87149.70000000001,0.6111111111111112,624,0,5.268461538461539,1.0,5350.0,1
2055,1,99,4651.943434343435,4546.1767644365045,15400.0,13352.833333333334,7394.822028546563,11414.399999999998,0.5555555555555556,623,0,4.837174959871589,2.0,11365.0,0
3012,0,99,1808.4565656565658,1858.643902680596,11300.0,41144.46464646464,9443.59503730625,41907.2,0.48484848484848486,622,0,4.844951768488746,1.0,2601.0,1
1035,0,125,6333.008,7700.5130976050605,28530.0,46157.96079999999,13278.683568167875,56436.0,0.664,622,0,6.117363344051448,2.0,7136.0,1
1687,0,85,1844.089411764706,2236.775710759507,14500.0,11578.519999999999,4231.046933814709,15649.6,0.5529411764705883,622,0,4.159807073954984,0.0,0.0,0
407,0,111,6727.212612612612,9803.029126560989,48632.0,34935.014414414414,18161.94385110024,149090.6,0.5585585585585585,622,0,5.432218649517686,2.0,5425.0,0
2744,0,82,8263.484146341463,7891.946283684421,23703.0,27864.00731707317,9250.397856826236,73217.7,0.45121951219512196,621,0,4.019452495974235,1.0,14384.0,0
3194,0,99,5856.344444444444,5903.22885915113,20238.0,22528.934343434343,7739.915690480568,24932.100000000002,0.5656565656565656,621,0,4.852753623188406,1.0,7584.0,0
109,0,113,1801.045132743363,2575.601017723518,16920.0,34065.223008849556,10273.824990479518,41821.7,0.3805309734513274,620,0,5.547935483870968,0.0,0.0,1
1198,0,100,8254.386999999999,8598.567136702182,28240.0,35052.966,13961.53239691637,416800.7,0.38,620,0,4.909677419354839,0.0,0.0,0
3830,0,112,6420.401785714285,6417.916762336909,21580.0,35848.989285714284,11793.92840056026,205507.0,0.4732142857142857,620,0,5.498838709677419,1.0,5498.0,0
3692,0,82,2094.903658536585,2017.6447451523204,4895.0,22332.696341463416,4995.946998637626,27928.1,0.5487804878048781,619,0,4.032439418416802,1.0,3263.0,0
3217,0,132,11912.21590909091,13377.402167314878,47994.0,55895.79393939394,25717.1403641685,234756.5,0.5227272727272727,617,0,6.512285251215559,2.0,10147.3,0
453,0,110,9009.379090909091,10224.492601080936,36146.0,58550.80545454545,15123.185103400443,86609.7,0.6181818181818182,616,0,5.435714285714286,1.0,7012.0,0
2539,0,105,2112.174285714286,2169.083079766326,6160.0,25429.65428571429,5229.509619899449,28964.3,0.6476190476190476,616,0,5.1886363636363635,2.0,3823.0,0
794,0,92,1160.213043478261,1185.6141354039923,5100.0,15629.716304347825,3165.7271155566787,18041.6,0.5978260869565217,616,0,4.546233766233766,2.0,2014.0,0
636,0,83,2086.761445783133,1870.7936912125854,4584.0,15821.516867469878,3532.176704651503,14151.199999999999,0.5542168674698795,616,0,4.101493506493506,1.0,3056.0,0
309,1,108,7707.526851851852,9108.413723119698,28726.0,29792.62037037037,11007.903507338304,24212.9,0.6111111111111112,615,0,5.345560975609756,1.0,1901.0,0
873,1,150,2370.6453333333334,2550.973427220965,10416.0,16895.416,7100.420640021662,13352.800000000001,0.6466666666666666,614,0,7.436482084690555,4.0,7604.0,0
589,0,105,8202.902857142857,8948.987811634353,30406.5,49459.12476190476,12685.026802727672,50874.8,0.6,614,0,5.205537459283388,1.0,5746.0,1
9484,0,116,3286.2956896551723,4380.88563596136,21100.0,16774.889655172414,9799.806359882643,11369.5,0.45689655172413796,614,0,5.750879478827362,0.0,0.0,0
3052,0,39,5313.066666666667,8139.964152298322,32371.0,25848.758974358974,10512.912621771831,26009.6,0.358974358974359,614,14,1.9334853420195441,2.0,10319.5,0
10134,1,148,12410.41554054054,13573.046242294728,49200.0,50507.80067567567,24641.0402766049,191821.9,0.5878378378378378,614,0,7.337328990228014,2.0,15216.8,0
3846,0,79,1393.0696202531647,1291.0627744330548,4300.0,13613.56329113924,2683.633067182661,14082.5,0.5316455696202531,613,0,3.9229363784665576,1.0,2016.0,0
912,0,87,1431.7298850574712,1420.2272346938942,3499.0,18675.73448275862,3755.373031817135,18702.5,0.5747126436781609,613,0,4.320195758564437,1.0,2332.0,0
2080,1,128,16355.2828125,19380.819981743338,73970.0,63789.80703125,23294.276659986623,245590.2,0.625,613,0,6.356150081566068,2.0,19589.0,1
2857,0,120,15200.410833333333,14920.85702133286,49096.0,57947.70916666666,28099.948300069056,302164.5,0.475,612,0,5.968627450980392,1.0,6317.0,0
647,0,105,5291.398095238095,5528.764225515725,19789.5,39326.74857142857,8902.621351635644,40438.8,0.6,612,0,5.222549019607843,1.0,6465.0,0
2952,0,104,1754.598076923077,1858.442974041242,6100.0,17156.933653846154,5193.093229325665,14932.2,0.6442307692307693,612,0,5.17281045751634,2.0,2379.0,0
240,0,104,9454.45,9932.72806327794,33858.0,35963.82403846154,13270.409501290493,17632.799999999992,0.5961538461538461,612,0,5.17281045751634,2.0,10671.0,0
1693,0,97,11860.126804123713,13582.212494476273,49016.0,42325.75257731959,22270.83591976798,188856.3,0.4948453608247423,611,0,4.83253682487725,2.0,13758.0,0
2612,0,97,9945.490721649485,10533.024635017813,33900.0,40391.761855670105,13161.895453522924,193274.6,0.5154639175257731,611,0,4.83253682487725,1.0,2259.5,0
3104,0,107,1608.5644859813083,1745.9251623964647,10700.0,31441.534579439252,7718.26572838624,16158.400000000001,0.5607476635514018,611,0,5.330736497545009,1.0,2004.0,0
1488,0,122,3836.0090163934424,4608.08057743133,16556.0,23689.41393442623,7439.185742458373,31655.1,0.6475409836065574,611,0,6.078036006546645,2.0,6080.0,0
2451,0,104,6348.5230769230775,6731.642155287293,23562.0,29797.466346153848,9345.620156097737,40520.399999999994,0.5961538461538461,611,0,5.181276595744681,1.0,6944.0,0
10257,1,158,14227.998734177214,14374.26352300043,54100.0,52987.373417721516,26282.834913591138,286851.8,0.5632911392405063,609,0,7.897405582922824,2.0,17952.3,0
1024,0,87,1237.16091954023,1280.1785753300312,3112.0,16411.77816091954,3744.927476940076,20435.0,0.5287356321839081,608,0,4.355723684210527,1.0,2074.0,0
2173,0,99,2109.250505050505,2230.514624081074,5916.0,25714.877777777776,5676.745998145444,33367.799999999996,0.5858585858585859,608,0,4.956513157894737,1.0,1951.0,0
98,0,106,1626.4150943396226,1811.3351753040627,7700.0,15575.609433962265,4374.2307614249,14444.000000000002,0.6132075471698113,608,0,5.306973684210527,2.0,2318.0,0
3119,0,117,937.8786324786325,1107.1476617734995,3169.0,16103.264102564102,3377.5947398453986,21625.800000000003,0.6495726495726496,608,0,5.857697368421053,3.0,2112.0,0
1230,0,105,14524.257142857143,16374.942691613502,62800.0,64925.74952380953,26765.21215922799,238809.0,0.47619047619047616,607,0,5.265568369028006,1.0,3213.4,1
2594,0,120,12119.865,14609.246582559459,63600.0,49808.22416666667,28115.09577879092,230823.80000000002,0.4666666666666667,607,0,6.017792421746294,3.0,12607.0,1
3773,0,91,2337.254945054945,2468.8353909514026,11950.0,21690.385714285716,6395.993616173095,23320.2,0.5494505494505495,606,0,4.571023102310232,1.0,3146.0,0
3635,0,115,1592.9739130434782,1921.5639104503084,13600.0,19065.63913043478,5352.055036065064,15838.0,0.6,606,0,5.776567656765677,2.0,2538.0,0
293,0,139,3552.5143884892086,4394.660957715594,16155.0,33167.2381294964,9999.031170998927,13017.5,0.6906474820143885,606,0,6.982112211221123,3.0,3847.0,0
1178,0,109,7935.393577981652,8903.845416835513,30816.0,44156.88165137614,12647.840119951134,52749.9,0.6146788990825688,606,0,5.475181518151816,1.0,5639.0,1
3988,0,121,1996.7677685950412,4148.729994331898,26346.0,31092.987603305784,9636.517039847009,37783.3,0.36363636363636365,606,0,6.077953795379538,0.0,0.0,1
2816,0,126,5871.4134920634915,7332.801741232099,26606.0,45091.649206349204,12475.536481846357,57376.1,0.6587301587301587,606,0,6.329108910891089,2.0,4577.0,0
722,0,98,9403.888775510204,13410.037645033397,64900.0,32983.82551020408,28466.90621595001,13305.100000000002,0.5918367346938775,606,0,4.922640264026403,0.0,0.0,0
2184,0,107,9708.684112149533,11674.031358792297,38240.0,38397.397196261685,16188.692810995133,46721.200000000004,0.6074766355140186,603,0,5.401459369817579,1.0,3165.0,1
10022,1,133,8411.594736842106,10125.734595426524,40884.0,52006.024060150376,14039.905643013406,212448.5,0.6240601503759399,603,0,6.7139635157545605,3.0,16324.7,1
1385,0,106,6720.685849056604,7224.766310373792,26022.0,57250.14245283019,11707.187597970978,69466.7,0.6037735849056604,602,0,5.359867109634552,1.0,9834.0,0
3506,0,117,4076.9333333333334,4491.257255414161,17205.0,37322.13846153846,9531.632723199813,54383.2,0.6239316239316239,602,0,5.916079734219269,2.0,7646.0,0
316,0,111,2570.8324324324326,6570.93401210848,42752.0,35108.02792792793,15290.53197836771,20666.000000000004,0.3783783783783784,602,0,5.612691029900333,0.0,0.0,0
3711,1,101,7604.597029702971,10912.799496439537,49137.0,24349.23267326733,30037.143454763176,42922.70000000002,0.6435643564356436,602,0,5.107043189368771,1.0,7683.2,0
1982,0,105,5654.905714285714,6969.881437061737,38240.0,37715.97047619047,10071.914230928387,58380.299999999996,0.6,602,0,5.309302325581396,1.0,3732.0,0
2071,0,113,5685.406194690266,7269.025851568067,23110.0,28187.67699115044,12331.531904467281,50832.9,0.6283185840707964,602,0,5.713820598006645,2.0,3218.0,0
2800,0,110,7493.9972727272725,8044.500949100835,29012.0,44518.42545454545,10657.460581530155,39421.700000000004,0.6181818181818182,602,0,5.5621262458471765,1.0,8740.0,1
997,0,148,1167.62027027027,1535.2491219307178,11100.0,24584.164864864862,3780.7218511501114,22539.0,0.6824324324324325,602,0,7.483588039867111,4.0,2470.0,0
367,0,99,5808.942424242425,5785.086458177611,20577.0,48166.149494949495,9638.427597757795,49839.3,0.5757575757575758,601,0,5.014242928452579,1.0,6384.0,1
2141,0,107,9165.618691588785,10425.104507535814,35814.0,53688.06168224299,14374.880620056512,82163.2,0.6074766355140186,601,0,5.419434276206323,1.0,5796.0,0
2127,0,99,1432.5262626262627,1532.8976757113292,9500.0,18934.059595959596,5097.873039285836,15081.3,0.5555555555555556,601,0,5.014242928452579,1.0,1995.0,0
3214,0,82,1755.239024390244,1787.4822596551146,6850.0,16914.17804878049,3624.9782428303856,19761.6,0.5,600,0,4.1601333333333335,1.0,2679.0,0
250,0,99,2529.6414141414143,2680.0618272265965,15200.0,39411.194949494944,8062.190322916808,48645.700000000004,0.5353535353535354,600,0,5.0226,1.0,3066.0,0
3742,0,82,2016.0841463414633,2117.1552847793228,11250.0,21340.269512195122,5274.012761696778,17952.899999999998,0.5,599,0,4.167078464106845,1.0,2969.0,0
3577,0,109,4904.918348623853,5445.023227685128,24000.0,36829.01100917431,10083.923447914318,57078.1,0.5504587155963303,599,0,5.539165275459099,1.0,7964.0,0
2448,0,97,1195.4762886597937,1197.0695934737525,3390.0,15417.96494845361,2500.3004421569526,16892.399999999998,0.6391752577319587,599,0,4.929348914858097,2.0,2260.0,0
1130,0,90,2407.1866666666665,2485.622581707977,6588.0,33825.916666666664,6417.854434770146,38408.0,0.6111111111111112,599,0,4.573622704507513,1.0,2241.0,0
2118,0,108,8516.114814814815,9439.32462575754,32772.0,45622.98981481482,10781.079338211512,49950.40000000001,0.6203703703703703,599,0,5.488347245409015,1.0,9871.0,1
2005,0,130,1321.0546153846153,1660.5185896833432,8700.0,27711.872307692305,5773.751392051072,21688.3,0.6384615384615384,599,0,6.606343906510852,3.0,2274.0,0
475,0,78,1975.5166666666664,1828.1435413830156,5900.0,15962.719230769231,3600.075221871325,12401.500000000002,0.5512820512820513,599,0,3.963806343906511,1.0,2760.0,0
6922,1,108,13213.304629629629,14737.041348847537,52305.0,48303.43240740741,23284.430781146963,277573.5,0.5740740740740741,598,0,5.49752508361204,1.0,5811.7,0
3122,0,107,3704.0850467289715,3398.209052916176,14720.0,34192.39439252337,9634.286553691849,44688.3,0.5327102803738317,598,0,5.446622073578596,1.0,4944.0,0
282,0,113,7275.214159292035,8746.439891360975,30991.5,40323.161946902655,14119.518775884568,52926.4,0.6548672566371682,598,0,5.752040133779265,2.0,8333.0,0
3140,0,116,2735.448275862069,2690.057332457812,9798.0,24961.286206896555,6004.6710500191875,16199.199999999997,0.5862068965517241,597,0,5.914639865996651,2.0,4354.0,0
3790,0,95,10672.810526315789,15405.934972610832,64200.0,36321.13052631579,34376.21968848019,83837.0,0.45263157894736844,597,0,4.84388609715243,0.0,0.0,0
5164,1,104,2772.678846153846,3083.6022383258774,14400.0,22634.643269230768,6668.197000773094,18190.6,0.5865384615384616,597,0,5.302780569514239,2.0,4882.0,0
8149,0,140,9315.01142857143,14041.880215429583,64300.0,38570.49,28421.64886217784,202631.6,0.4642857142857143,596,0,7.150335570469799,1.0,4190.3,0
2900,0,26,8252.396153846154,10940.887346663643,43882.0,29950.780769230765,15888.916704596804,11762.3,0.38461538461538464,596,236,1.3279194630872484,0.0,0.0,0
383,0,75,1362.6186666666665,1299.357779484275,3086.0,13878.644,3107.0874368232467,18171.6,0.52,595,0,3.8369747899159665,1.0,2057.0,0
1953,0,109,16856.677981651374,17710.141118858457,64900.0,71541.24311926606,31850.136614331022,135117.9,0.47706422018348627,595,0,5.576403361344538,0.0,0.0,1
3344,0,139,12860.620143884891,14186.052842289466,61900.0,63520.0654676259,24149.00150218569,212871.80000000002,0.5179856115107914,595,0,7.1111932773109245,1.0,8537.0,0
139,0,98,13615.057142857144,14691.907280021276,49167.0,58606.50102040816,20638.834745589986,441435.60000000003,0.4489795918367347,595,0,5.01364705882353,0.0,0.0,1
1808,1,101,12144.217821782178,14456.113021198997,61900.0,69693.27425742574,24428.736249706635,172645.6,0.4752475247524752,594,0,5.175824915824916,1.0,8033.2,0
3299,0,80,9842.12125,13664.280186571761,59000.0,49535.646250000005,25804.530579906947,52689.69999999999,0.45,594,0,4.0996632996633,1.0,4676.0,0
1697,0,106,1069.8358490566038,1301.25484698342,4900.0,17153.310377358488,2910.982622575907,16945.8,0.6698113207547169,593,0,5.441214165261384,3.0,2221.0,0
2392,0,38,7016.992105263158,12409.02665445671,47430.0,27046.378947368423,14844.619865289586,41845.7,0.34210526315789475,592,31,1.953918918918919,0.0,0.0,1
8713,1,131,5786.327480916031,7253.627397824469,25605.0,32501.450381679388,12991.287184265364,262750.1,0.4351145038167939,592,0,6.735878378378378,1.0,2845.0,0
3403,1,127,11051.497637795275,13024.803829985216,48698.0,58984.871653543305,23285.347578036784,365733.0,0.49606299212598426,590,0,6.552338983050848,1.0,1995.0,0
1424,0,101,7132.955445544554,7695.471614078958,26313.0,26954.029702970296,11498.557132210492,21459.69999999999,0.6039603960396039,590,0,5.210915254237289,1.0,6224.0,0
2366,0,99,1903.0444444444445,2378.632396482561,13650.0,17609.860606060607,7909.466161632128,13878.599999999999,0.6363636363636364,590,0,5.107728813559323,2.0,1649.0,0
2668,0,100,6065.236999999999,6367.7842137481075,22239.0,37526.677,10734.25236012643,26194.899999999998,0.6,590,0,5.159322033898306,1.0,9884.0,0
2698,0,37,6715.491891891892,9701.809989732685,42046.0,35921.52702702703,14059.003904608775,19473.2,0.40540540540540543,589,49,1.9121901528013585,0.0,0.0,1
3872,0,158,4197.48164556962,5265.935784717589,22520.0,32399.943670886074,8792.324101353408,98085.3,0.6645569620253164,589,0,8.165568760611206,5.0,13325.2,0
10343,0,112,3194.8232142857146,3986.7839513989106,11800.0,7268.355357142857,10116.791934123657,-6979.600000000001,0.5446428571428571,588,0,5.798095238095238,0.0,0.0,0
2743,0,128,6507.62890625,8279.110145963778,30399.0,32000.66640625,12050.72001011105,23399.700000000004,0.6953125,588,0,6.626394557823129,3.0,8011.0,0
834,0,86,1801.2790697674418,1848.5755376452162,7400.0,15156.75,3483.549596122761,18971.2,0.5116279069767442,587,0,4.4596933560477,1.0,2473.0,0
1956,0,102,3328.129411764706,3334.9982219951094,12800.0,42453.34019607843,9378.230591279986,45760.4,0.5294117647058824,587,0,5.289403747870528,1.0,4674.0,0
4729,0,93,4211.564516129032,4406.049513839026,14080.0,15288.020430107526,10149.628538453995,13608.5,0.5591397849462365,587,0,4.822691652470188,0.0,0.0,0
760,0,127,3401.7133858267716,4280.684120472315,16045.5,28263.624409448817,5878.30622878054,31748.8,0.6850393700787402,586,0,6.597064846416383,3.0,5206.0,0
2324,0,97,5915.475257731959,6580.83841489237,21258.0,23817.286597938142,8972.720517556128,26662.3,0.5979381443298969,586,0,5.038703071672355,1.0,4151.0,0
7559,1,114,2509.3,2520.778466955998,9254.0,35128.3798245614,11654.24973329685,50923.4,0.5614035087719298,586,0,5.921774744027304,2.0,5178.0,0
9208,1,144,6067.044444444445,8477.237955792545,30794.0,31893.575694444447,14316.026144034455,309002.60000000003,0.3541666666666667,586,0,7.480136518771332,1.0,3421.5,0
3163,0,121,13867.198347107438,15202.054911694137,60800.0,63240.81652892562,26033.25282102471,300588.2,0.5289256198347108,586,0,6.285392491467578,4.0,12705.7,1
3732,0,86,1807.2232558139535,1922.4989918867957,7000.0,26290.438372093024,6417.75939572772,26452.4,0.5930232558139535,585,0,4.4749401709401715,1.0,1668.0,0
1710,0,89,2451.2640449438204,2651.381346634891,6885.0,34906.86853932584,8173.649243683738,49945.7,0.5955056179775281,585,0,4.631042735042736,1.0,2071.0,0
868,0,99,3983.645454545455,4322.533133506294,14700.0,21080.17575757576,6708.924619932535,22712.1,0.5959595959595959,584,0,5.160205479452054,2.0,6358.0,0
534,0,130,4339.033846153847,6465.130374933832,43520.0,39387.594615384616,8406.006688421363,47877.6,0.6846153846153846,584,0,6.776027397260274,3.0,3801.0,0
3662,0,84,8644.15,9575.45833485427,29102.0,57793.07261904761,16344.435089880395,98099.79999999999,0.5357142857142857,584,0,4.378356164383562,0.0,0.0,0
11053,0,131,13773.075572519083,17090.9317436744,63600.0,56962.8213740458,32943.940842182674,152205.7,0.4351145038167939,583,0,6.839862778730703,1.0,3619.1,0
3172,0,95,1007.26,1159.8910457269021,2913.0,15563.758947368422,3124.327777111206,18120.9,0.631578947368421,583,0,4.960205831903945,2.0,1942.0,0
3905,0,122,11356.034426229508,13790.182815146749,62600.0,47856.56721311476,25664.233664389903,285210.2,0.4918032786885246,582,0,6.380893470790379,1.0,7689.0,0
464,0,83,2246.822891566265,2139.8430000150684,5264.0,17508.580722891566,4745.813531212377,16787.5,0.5783132530120482,582,0,4.341099656357389,1.0,3509.0,0
1574,0,74,1752.8851351351352,1668.7134225990726,4250.0,19017.666216216217,5552.814845860134,28924.7,0.527027027027027,582,0,3.8703780068728526,1.0,2390.0,0
2891,0,113,6782.353982300885,7662.469487227005,28242.0,27364.097345132745,10577.189046721356,29017.200000000004,0.6548672566371682,582,0,5.910171821305842,3.0,11298.0,0
2860,0,98,13850.929591836735,16380.926657065731,60600.0,52034.05,29303.576055672234,80031.09999999999,0.5408163265306123,580,0,5.1433103448275865,0.0,0.0,0
10679,1,116,17554.728448275862,20682.67636704607,74176.0,67736.7275862069,23054.871743652704,116985.70000000001,0.646551724137931,580,0,6.088,2.0,14911.8,1
5,0,84,1986.6833333333332,1981.2759076232956,5100.0,25090.069047619047,4752.471003821375,28088.6,0.5833333333333334,580,0,4.408551724137931,1.0,2668.0,0
4130,0,74,10363.941891891891,15360.99450951571,85800.0,28176.233783783784,27830.703856649303,170464.30000000002,0.3783783783783784,578,0,3.8971626297577857,0.0,0.0,0
4527,0,85,10606.290588235295,13524.151526415037,48047.0,49232.21058823529,19544.08392797107,129042.70000000001,0.5294117647058824,578,0,4.476470588235294,1.0,2156.0,1
3951,0,78,3028.2807692307692,3090.7042848061155,9800.0,14719.076923076924,6336.850407968219,17437.1,0.46153846153846156,577,0,4.114939341421144,1.0,7284.0,0
3700,0,104,7380.367307692307,9082.009902035366,47840.0,45377.45,13124.843690053973,70249.4,0.6153846153846154,576,0,5.496111111111111,1.0,5230.0,0
2564,0,95,8101.298947368421,8570.98463628447,28767.0,32107.15052631579,13441.644601109127,43274.59999999999,0.5894736842105263,576,0,5.020486111111111,1.0,8086.0,0
3202,0,105,1608.644761904762,1711.943317940898,4837.0,20765.02857142857,4375.200231653457,19908.899999999998,0.6285714285714286,575,0,5.5586086956521745,2.0,2521.0,0
879,0,79,1345.3835443037974,1307.7021419886241,3300.0,13380.929113924049,3194.7712579387835,15984.5,0.5063291139240507,575,0,4.1821913043478265,1.0,2094.0,0
2404,0,99,5365.227272727273,5493.158571216957,19251.0,24829.719191919194,10614.380850695326,14724.700000000004,0.5959595959595959,574,0,5.250104529616725,1.0,5488.0,0
1537,0,76,5429.942105263158,6356.888788293912,34400.0,43071.882894736846,14638.78242835233,70816.0,0.47368421052631576,573,0,4.037417102966842,0.0,0.0,0
3768,0,97,13401.738144329898,15161.127411144837,63000.0,51911.489690721646,25634.60935545067,213730.6,0.4639175257731959,573,0,5.15301919720768,0.0,0.0,0
5944,1,112,7561.672321428572,9168.822562998452,32116.0,47499.13482142857,11355.297591735967,62438.5,0.6517857142857143,573,0,5.949877835951135,2.0,6325.0,1
9673,1,116,5373.193103448276,6181.693176099107,22211.0,41158.95948275862,12479.373999461315,186760.0,0.5517241379310345,572,0,6.173146853146853,2.0,6134.2,0
229,0,89,2128.891011235955,2091.9721683921553,5492.0,20885.070786516855,5401.764076211213,24212.5,0.5617977528089888,572,0,4.736293706293706,1.0,2505.0,0
614,0,89,2069.3,2201.3327876642034,5767.0,28516.317977528088,7946.711691816622,39286.899999999994,0.5617977528089888,572,0,4.736293706293706,1.0,1664.0,0
1724,0,99,2384.170707070707,2822.477958275227,13900.0,24145.148484848487,6203.793627887791,20192.1,0.6060606060606061,572,0,5.268461538461539,1.0,1604.0,0
1185,0,85,1593.4411764705883,1700.5937438137894,4246.0,17001.262352941176,4008.5170100667397,20722.9,0.611764705882353,572,0,4.5234265734265735,2.0,2830.0,0
349,1,107,3192.478504672897,2961.602868317751,10486.0,17055.04953271028,4893.912783656121,16682.4,0.5233644859813084,571,0,5.704168126094571,2.0,8228.0,0
682,0,96,1015.7427083333333,1115.4785226406593,3021.0,14887.828125,3696.1112025223456,20930.5,0.59375,571,0,5.117758318739054,2.0,2014.0,0
291,0,169,15410.709467455621,16382.578459987548,63200.0,62776.92307692308,31373.503642055908,386708.7,0.5384615384615384,571,0,9.00938704028021,3.0,14928.9,0
3211,0,81,1185.8592592592593,1242.5525755252547,3018.0,16424.053086419754,4340.053805227718,21289.8,0.5185185185185185,570,0,4.325684210526316,1.0,2012.0,0
3060,0,93,8388.297849462366,9089.782240647277,29125.5,40216.19784946236,12158.886927040669,43102.9,0.5806451612903226,570,0,4.966526315789474,1.0,3960.0,0
4471,0,99,11441.736363636363,12330.886601351862,45438.0,41482.86060606061,17439.951324835056,195047.9,0.5555555555555556,570,0,5.286947368421053,2.0,14347.2,0
2956,0,93,5871.9258064516125,6205.062520651693,21751.5,40192.37741935484,10993.625173650576,57217.5,0.5591397849462365,569,0,4.975254833040422,1.0,9042.0,0
2019,0,104,1014.7375,1302.179952009341,6960.0,15561.383653846153,3264.233317026011,17753.899999999998,0.625,568,0,5.573521126760563,3.0,2102.0,0
1491,0,102,5574.780392156863,6320.610102821479,34880.0,41861.7862745098,9681.686535326608,51410.8,0.5784313725490197,568,0,5.466338028169014,1.0,6966.0,1
3496,0,89,13576.979775280899,13846.99008969573,47300.0,55111.77415730338,24887.496414325695,434171.6,0.39325842696629215,568,0,4.769647887323943,0.0,0.0,0
1841,0,100,2179.337,2774.7238937225716,14880.0,38588.739,9555.401480466848,45660.1,0.52,567,0,5.368606701940036,2.0,3099.0,1
7180,1,111,8561.956756756756,9853.650708624067,37408.0,43225.46486486486,19213.04425508712,257992.19999999998,0.5225225225225225,567,0,5.9591534391534395,2.0,12245.5,0
5648,0,101,17315.326732673268,19730.55237312879,68750.0,61261.586138613864,27234.3750431253,337660.19999999995,0.504950495049505,566,0,5.431872791519435,0.0,0.0,0
2509,0,158,11941.01582278481,13396.95273610541,54200.0,58054.82658227848,28728.3009443315,221213.3,0.6012658227848101,566,0,8.497385159010602,3.0,13400.0,0
2878,0,80,2954.4375,2814.395276475363,7500.0,16472.68875,4807.059895243047,13959.400000000001,0.575,565,0,4.310088495575222,1.0,3192.0,0
1015,0,88,2907.546590909091,2944.657385997187,11800.0,19736.482954545456,7227.242142765515,14184.500000000004,0.5340909090909091,565,0,4.741097345132744,1.0,3925.0,0
1753,0,38,7896.942105263158,11749.173928285263,46428.0,52525.51315789474,18117.314829715004,48883.799999999996,0.34210526315789475,565,25,2.0472920353982302,0.0,0.0,1
2372,0,128,1187.8625,1774.1132194072595,10000.0,17866.99765625,6986.797027244722,13698.800000000001,0.671875,564,0,6.908368794326241,4.0,2292.0,0
6097,1,103,3117.9388349514566,3454.0869054836944,12021.0,26846.503883495145,7246.317182337768,29604.100000000002,0.6019417475728155,564,0,5.559078014184397,2.0,3883.0,0
2720,1,167,12418.697604790419,14372.789877005382,59500.0,63682.5371257485,26344.502179057155,283781.3,0.5808383233532934,563,0,9.029271758436945,3.0,13533.2,0
2006,0,87,1933.8172413793104,2027.865468406396,5261.0,18825.462068965517,5793.059964266814,24672.5,0.6206896551724138,563,0,4.703872113676732,2.0,3135.0,0
3953,1,127,9966.864566929135,14426.09704084337,78000.0,57357.94251968504,24753.929407019434,222603.0,0.4881889763779528,563,0,6.866571936056839,1.0,5297.7,0
2135,0,102,3999.2362745098035,4254.763909025085,15520.0,24060.647058823528,6774.082923057306,27514.5,0.5686274509803921,562,0,5.524697508896797,2.0,6841.0,0
1551,0,98,2235.8673469387754,2528.8597250998455,8350.0,23636.29285714286,6544.86165818605,24871.399999999998,0.6632653061224489,561,0,5.3175044563279865,2.0,3063.0,0
1095,0,139,5658.576978417266,7984.338832920761,31609.5,51090.0,12812.77199378174,43102.6,0.7266187050359713,561,0,7.542174688057042,4.0,7575.0,0
3703,0,88,1117.7954545454545,1183.2972584343217,3019.0,13680.148863636365,2522.194239787468,12630.4,0.625,561,0,4.774901960784314,2.0,2012.0,0
3719,0,98,4982.221428571429,5561.2889519297305,19300.0,29738.086734693876,8612.33379123672,25162.1,0.6122448979591837,560,0,5.327,1.0,3197.0,0
2057,0,129,6040.884496124031,8796.405047912767,31564.0,55521.722480620156,13387.977679026057,52242.49999999999,0.7054263565891473,559,0,7.024615384615385,4.0,5414.0,1
2560,0,101,3405.462376237624,3659.7842797588896,15040.0,26600.70792079208,7610.248904492985,24126.1,0.5742574257425742,559,0,5.499892665474061,2.0,5591.0,0
3986,0,113,3629.7185840707966,3940.753683070497,15256.0,28992.478761061946,6635.136049262549,35726.6,0.6194690265486725,559,0,6.153345259391771,2.0,6609.0,0
4858,1,134,12024.735074626866,16050.756840470747,62850.0,31331.270149253734,25292.064001437026,353163.5,0.5,558,0,7.309964157706093,1.0,6983.3,0
1354,0,76,2066.8947368421054,1909.754906570979,5500.0,16144.377631578947,3521.0360743242877,13144.400000000001,0.5526315789473685,558,0,4.14594982078853,1.0,3080.0,0
3262,0,96,9462.6,10285.442357204109,36748.0,42978.03854166667,15822.737044375299,54390.0,0.6145833333333334,557,0,5.246391382405745,1.0,8340.0,1
3100,0,101,7712.692079207921,9108.155566004383,30372.0,28052.43267326733,9541.400459220948,18520.299999999992,0.6237623762376238,557,0,5.5196409335727115,2.0,6497.0,0
1839,0,89,5260.405617977528,5861.570267823049,20307.0,41505.90561797753,11421.963503232382,72378.5,0.5730337078651685,557,0,4.863842010771993,1.0,3093.0,0
3996,0,89,2343.901123595506,2649.901182569849,9000.0,24666.15617977528,7430.608880700445,35939.6,0.6067415730337079,557,0,4.863842010771993,1.0,1511.0,0
622,0,131,6866.242748091603,9855.694717339275,36638.0,28841.624427480914,11643.534463952295,59770.2,0.7099236641221374,557,0,7.159138240574507,4.0,9428.0,0
2340,0,83,3838.8831325301203,4000.3711400629572,12800.0,31744.810843373492,7422.284416933688,43447.7,0.5301204819277109,557,0,4.535942549371635,0.0,0.0,0
641,0,97,9522.58762886598,11169.715677104112,36865.5,50108.217525773194,14481.042907568353,46511.4,0.6082474226804123,557,0,5.301041292639139,1.0,3330.0,1
3461,0,19,2968.4210526315787,2601.079398074522,11200.0,23594.736842105263,7977.01376067584,21400.0,0.3684210526315789,556,16,1.0402158273381295,0.0,0.0,0
672,0,18,3222.222222222222,3606.294424630937,15900.0,27588.88888888889,9022.513598437354,37000.0,0.2777777777777778,556,46,0.9854676258992806,0.0,0.0,0
8645,1,125,5113.2536,6549.073396691248,25394.0,26573.004800000002,10138.377292741518,37613.1,0.544,556,0,6.843525179856115,2.0,12934.0,0
438,0,30,7484.086666666667,10627.980038355272,38198.0,28480.19,15167.251998810256,19522.600000000002,0.36666666666666664,556,16,1.6424460431654675,0.0,0.0,1
2443,0,98,9431.951020408163,10586.23064713202,36549.0,34372.41122448979,13942.648950795916,32399.6,0.6224489795918368,554,0,5.384693140794225,1.0,7034.0,0
4309,0,38,2045.5052631578947,4673.353070620094,22853.0,38317.76052631579,10406.843008784206,47729.2,0.15789473684210525,554,14,2.087942238267148,1.0,4825.3,0
3075,0,82,1914.1914634146342,2053.7553062201596,7000.0,21367.984146341463,5032.3513536207665,28206.100000000002,0.5975609756097561,554,0,4.505559566787004,1.0,1523.0,0
2200,0,74,5470.471621621622,5814.86351147891,18700.0,36764.6972972973,9186.879067243508,52835.3,0.4864864864864865,553,0,4.073345388788427,1.0,397.0,1
3245,0,83,2730.6048192771086,2703.8668485808507,8300.0,15296.06626506024,4358.307889208926,19592.6,0.5903614457831325,553,0,4.56875226039783,1.0,3878.0,0
2806,0,92,3934.0913043478263,4002.7942644682385,14352.0,32058.284782608698,7438.40664363206,31812.8,0.5543478260869565,553,0,5.064159132007234,1.0,5068.0,0
556,0,85,7993.3117647058825,8685.907851643426,27903.0,32532.235294117647,11619.319687175626,55971.9,0.5529411764705883,553,0,4.678842676311032,0.0,0.0,0
4301,0,83,5839.677108433735,6164.456279097825,19110.0,31611.544578313256,10644.40576342349,36913.6,0.5421686746987951,553,0,4.56875226039783,0.0,0.0,0
4156,0,94,10432.727659574468,12563.344730017092,47666.0,33453.25212765958,25296.387192873404,147603.6,0.4574468085106383,552,0,5.183623188405797,0.0,0.0,0
1921,0,98,1390.9948979591836,1541.2974594241398,6700.0,17343.34081632653,3568.652740002763,18273.9,0.5918367346938775,552,0,5.404202898550724,2.0,2433.0,0
2939,0,76,2454.943421052632,2309.231784718923,6000.0,20607.02763157895,4812.476663468229,20784.1,0.5657894736842105,551,0,4.198620689655172,1.0,2882.0,0
3665,0,63,9041.819047619047,12998.357792712635,56500.0,42884.76507936508,18413.352894528427,131328.6,0.4126984126984127,551,0,3.4804355716878406,3.0,10210.8,0
3524,0,79,2082.081012658228,1975.4140701983017,5100.0,14748.164556962025,4104.76854661646,11284.8,0.5822784810126582,551,0,4.364355716878403,1.0,3060.0,0
5196,1,130,13057.11,13726.39427957216,55100.0,59206.57615384615,25877.82166981705,70114.3,0.5923076923076923,550,0,7.194909090909092,2.0,14557.5,1
2883,0,82,2103.289024390244,2088.0588035098745,6600.0,20819.68780487805,4828.083036670479,19068.100000000002,0.5853658536585366,550,0,4.538327272727273,1.0,2497.0,0
1346,0,105,1306.9819047619048,1785.7470239683228,13500.0,18616.35238095238,5869.6228207856375,12927.500000000002,0.6095238095238096,548,0,5.832481751824817,2.0,2067.0,0
1514,0,93,2124.962365591398,2138.5824321017744,5930.0,23768.44623655914,4758.685032620543,20755.9,0.6021505376344086,548,0,5.165912408759124,2.0,3781.0,0
3154,0,102,7825.527450980393,9799.732001863516,33639.0,53448.952941176474,12447.060030247125,89400.2,0.6274509803921569,547,0,5.6761974405850095,2.0,4124.0,0
2081,0,95,1584.0684210526315,1697.3280457050255,10300.0,23855.692631578946,6356.939175290997,16018.899999999998,0.5157894736842106,547,0,5.286654478976234,1.0,2028.0,0
1255,0,104,12675.773076923077,15799.90150064683,72000.0,41750.08653846154,25030.611702706385,135485.0,0.5961538461538461,547,0,5.787495429616088,1.0,4598.0,0
2208,0,77,1312.4168831168831,1363.7852856550053,4590.0,14206.136363636364,3177.064100827295,17800.5,0.5194805194805194,547,0,4.284972577696527,1.0,2126.0,0
1284,1,91,12063.3989010989,13645.029846614436,49972.0,58505.61538461538,22681.966109219033,183097.1,0.4835164835164835,547,0,5.064058500914077,1.0,4375.5,0
8153,0,135,13780.287407407408,16238.958987099237,61800.0,56496.207407407404,30638.258643140507,303892.4,0.4,547,0,7.5126142595978065,1.0,1993.6,0
7721,1,97,8826.553608247423,9925.357778344209,34095.0,43457.5237113402,16590.190762024693,169759.9,0.5567010309278351,546,0,5.4078388278388285,1.0,3788.3,1
3889,0,93,1001.5311827956989,1192.2240310498341,4700.0,13238.436559139785,2772.650889875458,15556.8,0.6021505376344086,546,0,5.184835164835166,2.0,1940.0,0
3085,0,102,4666.540196078431,5376.152958512135,20800.0,23610.836274509802,10849.00510087308,14773.500000000004,0.6274509803921569,546,0,5.686593406593407,2.0,6630.0,0
768,0,89,2290.7359550561796,2101.5321450966107,8100.0,25844.191011235955,7677.338127902506,38731.9,0.4606741573033708,546,0,4.961831501831502,1.0,2814.0,0
8919,1,141,1894.1255319148936,2019.6094896717125,9200.0,22085.378723404254,5739.461695413216,16850.100000000002,0.5106382978723404,546,0,7.8608791208791216,3.0,6007.0,0
185,0,96,7232.463541666667,8123.12144616082,28846.0,53162.793750000004,12637.126978048811,65608.9,0.6145833333333334,545,0,5.361908256880735,1.0,6526.0,1
4150,0,119,5286.316806722689,7110.959191268405,26026.0,43661.80924369748,11515.129045841015,64992.1,0.680672268907563,544,0,6.6587499999999995,4.0,6023.0,1
10774,1,104,4081.0903846153847,3453.4082939836685,15600.0,33493.8875,8828.554657613191,37653.799999999996,0.49038461538461536,544,0,5.819411764705882,2.0,10794.0,0
2728,1,107,9843.180373831776,11646.739554788028,45976.0,49536.19065420561,18147.091271785554,72384.29999999999,0.5887850467289719,543,0,5.998305709023941,2.0,13829.0,0
1339,0,64,12094.5734375,13571.385623590686,54500.0,40591.24375,20428.655455790253,126248.3,0.421875,543,0,3.5877716390423573,0.0,0.0,0
1929,0,95,1792.2831578947369,2041.242180980849,13000.0,45666.46842105263,11116.496243682208,54985.3,0.5052631578947369,543,0,5.325598526703499,1.0,2027.0,1
3433,0,77,1683.848051948052,1640.9009118557553,4142.0,17760.464935064934,4354.505358753411,22712.700000000004,0.5194805194805194,542,0,4.3245018450184505,1.0,2303.0,0
2337,0,106,7143.630188679245,9429.612240870521,35680.0,49768.37547169811,13976.494323588355,55494.4,0.6509433962264151,542,0,5.953210332103321,2.0,3890.0,0
3,0,117,2521.5538461538463,2951.359707962162,11253.0,26973.506837606838,10508.66246577594,51096.2,0.6068376068376068,542,0,6.570996309963101,3.0,5001.0,0
2093,0,77,7403.571428571428,7908.75585076867,24056.0,47928.912987012984,11796.364966482715,70495.4,0.5194805194805194,542,23,4.3245018450184505,0.0,0.0,1
3906,1,94,13215.10425531915,14481.31487415759,50196.0,66271.97234042553,19666.753740119275,308894.2,0.5,541,0,5.289020332717191,1.0,5577.3,0
3529,0,78,8563.862820512819,9863.453943740402,41760.0,52022.071794871794,14856.42445103545,70590.90000000001,0.5512820512820513,541,0,4.388761552680222,0.0,0.0,0
864,0,86,2649.8383720930233,2535.2366062997016,9000.0,22401.51511627907,6461.8628324422225,30161.7,0.4883720930232558,541,0,4.838890942698707,1.0,3699.0,0
4336,0,109,11876.945871559634,14226.121001234496,49329.0,58510.91009174312,26922.23554259408,57269.1,0.5596330275229358,541,0,6.1330129390018495,2.0,12872.0,1
1647,0,118,2016.3050847457628,2209.9387381711854,8152.0,30880.84406779661,7804.971087552384,38975.6,0.6271186440677966,540,0,6.651703703703704,3.0,3623.0,0
2169,0,111,7748.215315315316,9624.389334386582,34570.0,41695.28198198198,12570.703100110468,52792.29999999999,0.6576576576576577,540,0,6.257111111111111,3.0,8640.0,0
258,0,80,2539.0612499999997,2514.8175639341785,6177.0,27550.635,6270.611334743823,24649.3,0.5375,540,0,4.50962962962963,1.0,3737.0,0
1110,0,91,5484.172527472528,6391.990777946101,22269.0,31925.216483516484,13843.381852272814,66207.3,0.5714285714285714,539,0,5.139220779220779,1.0,5427.0,0
105,1,59,8368.81186440678,11461.391189270067,49101.0,30200.59661016949,16206.792904530283,25259.499999999996,0.4745762711864407,539,0,3.332022263450835,1.0,7348.0,1
2992,0,91,4419.324175824176,4629.479283325757,17073.0,31694.064835164834,9023.635203697915,44432.1,0.5824175824175825,538,0,5.1487732342007435,1.0,5396.0,0
11317,1,155,13987.599354838709,16577.47445282967,61700.0,66468.51483870969,26668.930118139477,190068.3,0.6258064516129033,538,0,8.769888475836431,3.0,11923.8,0
1681,0,123,6819.960162601626,9055.746763259516,33930.0,47260.07317073171,12379.663612276661,55475.5,0.6910569105691057,538,0,6.959330855018588,3.0,9588.0,0
3428,0,81,5251.975308641975,6584.2531961971745,40960.0,32311.7012345679,10677.382830409495,41019.6,0.5185185185185185,537,0,4.5915083798882685,0.0,0.0,0
679,0,120,4794.6033333333335,6686.797911599918,24792.0,44634.1775,12030.59792038312,60322.00000000001,0.6916666666666667,537,0,6.80223463687151,3.0,4780.0,0
10644,1,120,14032.9875,17105.31807694238,67488.0,61828.31333333333,21273.049969547847,331110.5,0.6,537,0,6.80223463687151,2.0,18551.7,1
2182,0,88,3813.1613636363636,4373.9369943911925,29120.0,31797.239772727273,9351.902943037116,45275.8,0.5,537,0,4.9883054003724405,1.0,5262.0,0
9560,1,88,11534.259090909092,14151.860542712262,60900.0,52712.7909090909,28792.01006964816,89411.4,0.5340909090909091,536,0,4.9976119402985075,2.0,11596.7,0
3985,0,70,1784.1614285714286,1675.3158530054156,4600.0,12505.097142857143,3142.6158168261095,16898.9,0.5428571428571428,536,0,3.975373134328358,1.0,2007.0,0
3833,0,85,11365.177647058823,14275.063601804575,59800.0,42453.485882352936,22419.275150436704,133878.90000000002,0.5411764705882353,536,0,4.827238805970149,1.0,6760.0,0
705,0,90,2772.821111111111,2755.8553464302495,9363.0,21846.643333333333,6883.584271849344,18939.5,0.5444444444444444,535,0,5.120747663551402,1.0,4161.0,0
2447,0,93,4732.839784946236,5205.815300138954,18076.0,34087.160215053766,9374.748531620318,47048.5,0.5698924731182796,535,0,5.291439252336449,1.0,6911.0,0
2452,0,68,2496.139705882353,2256.753517720355,5563.0,20803.398529411767,4391.023803322076,22783.1,0.5441176470588235,535,0,3.869009345794393,1.0,3244.0,0
469,0,85,2077.9011764705883,2162.5048317311353,12100.0,17570.942352941176,5619.777920632848,14623.199999999999,0.5411764705882353,535,0,4.8362616822429905,1.0,2672.0,0
483,0,68,1317.6264705882354,1295.4392311787183,5500.0,14371.85,3246.2698321510998,12908.2,0.5441176470588235,534,0,3.87625468164794,1.0,1940.0,0
2678,0,87,15497.954022988506,16296.708828948744,56895.0,48181.283908045974,22047.1052326386,334571.6,0.5057471264367817,534,0,4.95932584269663,1.0,3793.0,1
2183,0,80,7180.472500000001,8166.379369405819,36320.0,35699.48125,14320.237807118594,44687.399999999994,0.5375,532,0,4.5774436090225565,0.0,0.0,0
7052,1,104,5423.369230769231,5590.677977888023,21558.0,21967.030769230772,10759.543734841025,214568.2,0.46153846153846156,532,0,5.950676691729323,1.0,1776.7,0
680,0,87,6048.404597701149,6694.000643111607,31520.0,39524.47586206896,11956.488628083092,32282.800000000003,0.5747126436781609,531,0,4.9873446327683615,1.0,4853.0,1
284,0,91,8158.035164835164,8341.611780537029,29128.0,35316.495604395604,12520.68856247231,230334.8,0.4945054945054945,531,0,5.216647834274953,1.0,5629.0,0
1027,0,78,1699.9051282051282,1787.563670931947,9300.0,16125.951282051281,3713.2171214947803,21414.2,0.5384615384615384,531,0,4.471412429378531,1.0,2117.0,0
1995,0,73,2283.615068493151,2155.0760319579886,5508.0,19673.164383561645,5204.731740001643,23809.5,0.5753424657534246,531,0,4.184783427495292,1.0,2944.0,0
211,0,86,16462.309302325582,16401.249646339744,59600.0,75988.2918604651,25836.10133267112,84037.4,0.4418604651162791,530,0,4.939320754716982,1.0,2394.0,1
1432,0,87,13713.240229885056,13702.348903300535,49008.0,33209.78850574713,18289.76131523423,43341.50000000001,0.5862068965517241,530,0,4.996754716981132,2.0,16857.2,0
2369,0,94,5641.517021276595,6723.432308806642,23659.5,43354.42765957447,13312.112869083803,80656.2,0.5957446808510638,530,0,5.398792452830189,2.0,7499.0,0
3867,0,90,5568.67,5787.199588076773,20822.0,34488.53,8600.636914375013,31253.9,0.5888888888888889,530,0,5.169056603773585,1.0,5476.0,0
1890,0,89,14015.819101123594,15371.560103438049,50583.0,29418.015730337076,22165.36761155636,187283.10000000003,0.5168539325842697,529,0,5.121285444234405,0.0,0.0,0
2204,0,90,2973.723333333333,2722.8495186357304,9300.0,24048.133333333335,5953.375383838896,29640.7,0.4888888888888889,529,0,5.178827977315691,1.0,3954.0,0
970,0,93,6326.3387096774195,7134.104863002181,26022.0,44588.88924731183,14341.46813094706,75959.1,0.6021505376344086,529,0,5.351455576559547,1.0,5260.0,1
5290,0,130,7353.156923076924,10698.855044414137,46115.0,34202.38307692308,22550.00371425102,169233.6,0.6461538461538462,528,0,7.494696969696969,4.0,17411.0,0
2316,0,112,1259.9624999999999,1838.984920754181,14100.0,25112.993749999998,4240.24463426688,27605.4,0.625,528,0,6.456969696969697,3.0,2126.0,0
611,0,69,1534.4072463768116,1411.5980701192407,3427.0,12295.033333333335,2794.474113299667,13947.7,0.5507246376811594,528,0,3.9779545454545455,1.0,2284.0,0
1794,0,120,2388.226666666667,3029.427654398185,11256.0,18403.0275,6459.602472431439,20564.8,0.6833333333333333,526,0,6.94448669201521,4.0,5002.0,0
801,0,95,2465.775789473684,2753.932177841767,9600.0,17121.01052631579,5158.592055967212,15840.300000000001,0.5894736842105263,526,0,5.497718631178707,2.0,3332.0,0
3057,0,84,7694.119047619048,8238.129361744548,27354.0,37097.186904761904,10049.488864119778,40251.59999999999,0.5714285714285714,526,0,4.861140684410647,1.0,4646.0,0
2196,0,77,2279.1974025974027,2292.0939263255395,7000.0,22435.753246753247,4859.05624756453,15707.800000000001,0.5974025974025974,525,0,4.464533333333334,1.0,2160.0,0
2646,0,129,13138.993798449612,14268.9598105783,64600.0,57797.27984496124,26314.029812664157,316838.2,0.5581395348837209,525,0,7.479542857142858,4.0,10065.8,1
2722,0,71,2426.2000000000003,2737.6321001916967,10850.0,24653.678873239434,6606.629762981931,29303.8,0.5492957746478874,525,0,4.11664761904762,1.0,1671.0,0
2679,0,73,2755.876712328767,2711.5662815121236,8250.0,20850.053424657533,5549.751312173121,29880.600000000002,0.547945205479452,525,0,4.232609523809525,1.0,3842.0,0
2587,0,78,4215.79358974359,4857.239376551995,24200.0,17177.73076923077,11317.955238232096,14481.499999999998,0.5384615384615384,524,0,4.531145038167939,0.0,0.0,0
3346,0,107,7960.112149532711,9775.692389672073,35673.0,38483.53831775701,13597.039587536225,34945.6,0.6635514018691588,524,0,6.2158015267175575,2.0,7206.0,0
1454,0,17,2647.0588235294117,3343.4857647107656,12300.0,29264.70588235294,10370.386997146648,35200.0,0.17647058823529413,524,44,0.9875572519083969,0.0,0.0,0
2197,0,90,5228.018888888889,5740.025294269414,22400.0,44421.77777777778,11378.817488282142,59147.3,0.5333333333333333,523,0,5.238240917782027,1.0,8524.0,1
1776,1,103,4675.3213592233005,5444.575169704144,20504.0,39581.850485436895,9080.989122572988,39767.700000000004,0.6504854368932039,522,0,6.006360153256705,2.0,7510.0,0
547,0,71,1434.52676056338,1377.034338503038,3410.0,14844.18309859155,3085.015508133555,17443.0,0.5633802816901409,522,0,4.140306513409962,1.0,2273.0,0
5758,0,134,9132.991791044775,12249.609167594053,51306.0,32257.62014925373,18813.100831136886,245579.69999999998,0.664179104477612,521,0,7.829097888675625,4.0,19962.7,0
3185,0,105,4498.4914285714285,5183.402969521572,20136.0,48319.101904761905,10027.741785292259,51981.200000000004,0.6190476190476191,520,0,6.146538461538461,2.0,8445.0,1
1950,0,90,5020.515555555556,5313.345694810784,19135.5,25558.33111111111,7291.78888460664,33218.0,0.6,517,0,5.299032882011606,1.0,6943.0,0
811,0,90,12231.12888888889,13762.802806565764,46545.0,56388.95222222222,17712.38702557187,56081.600000000006,0.6,517,0,5.299032882011606,1.0,5171.7,0
3381,0,90,7718.346666666666,8041.089161066721,28611.0,31453.83222222222,15686.200625138534,29316.8,0.6,516,0,5.309302325581395,1.0,9971.0,0
1522,0,79,2643.1822784810124,5086.678467676925,32577.0,38597.77848101266,17225.3132513191,60961.0,0.3924050632911392,516,0,4.660387596899224,0.0,0.0,0
41,0,71,7818.564788732394,8390.091419748802,25938.0,58751.75774647887,18791.184984064508,100767.7,0.49295774647887325,516,0,4.188449612403101,0.0,0.0,0
4533,1,119,15296.138655462184,16449.15878259746,62500.0,63035.13361344538,28520.138268537332,385925.3,0.47058823529411764,515,0,7.033708737864078,2.0,12732.5,1
3343,0,99,8018.677777777778,9740.640571836391,36640.0,44862.73333333333,12778.380126237134,62186.69999999999,0.6262626262626263,515,0,5.851572815533981,2.0,9873.0,0
3686,0,70,1295.3400000000001,1278.3065876385056,3082.0,14811.167142857143,3497.188685867112,18079.4,0.5,515,0,4.13747572815534,1.0,2054.0,0
2927,0,53,9184.858490566037,13283.754713188846,53300.0,52368.42075471698,24738.010802448545,132280.7,0.3584905660377358,514,0,3.13875486381323,1.0,2025.0,1
4091,0,105,4987.189523809524,6418.300574992331,33120.0,41581.049523809525,10015.5056440878,46512.5,0.6285714285714286,514,0,6.218287937743191,3.0,5339.0,0
6602,0,99,5858.745454545455,6096.6955532848615,22442.0,26361.99494949495,12315.621375553676,35385.200000000004,0.5555555555555556,514,0,5.86295719844358,1.0,8523.0,0
2558,0,68,1258.9985294117646,1270.2574269000831,3090.0,15054.867647058823,3875.0289881801114,17889.5,0.4852941176470588,514,0,4.027081712062257,1.0,1982.0,0
3208,0,95,13726.303157894738,13511.548633625225,48380.0,42495.164210526316,22965.600034000505,200277.6,0.4842105263157895,514,0,5.626070038910506,0.0,0.0,0
1389,1,126,10603.125396825397,12069.525467748506,60900.0,48904.22777777778,27383.86776780706,203654.19999999998,0.5396825396825397,513,0,7.476491228070176,2.0,11603.7,0
1033,0,26,3651.230769230769,4338.135813251516,17286.0,25618.726923076923,8064.888069926708,18132.0,0.4230769230769231,513,33,1.5427680311890841,0.0,0.0,0
2449,0,27,5922.9,10335.438916436236,49898.0,40850.0,19848.971205813938,55718.3,0.25925925925925924,513,33,1.602105263157895,0.0,0.0,0
2000,1,128,5134.0,7289.708374193538,28840.0,48864.5125,11861.119082780742,68319.6,0.71875,512,0,7.609999999999999,4.0,8227.0,1
3724,0,53,5908.277358490566,8933.39970993991,43780.0,56960.46037735849,18309.20905547407,49963.5,0.4716981132075472,512,0,3.151015625,1.0,2597.0,1
3281,0,70,2625.4100000000003,2448.2763168240917,6288.0,16986.085714285713,4106.6540551619955,20881.5,0.5714285714285714,512,0,4.1617187499999995,1.0,3594.0,0
326,0,85,1983.3282352941176,2066.2860180717944,6700.0,16929.550588235295,3979.7560745012265,18324.5,0.5882352941176471,512,0,5.053515625,2.0,3448.0,0
307,0,75,10054.908,11199.473252656224,33120.0,53375.39333333333,14032.323575186638,72167.7,0.5333333333333333,511,0,4.467710371819961,0.0,0.0,1
1951,0,116,6088.927586206896,8291.40544269983,30612.0,56494.05344827587,12726.844435262785,70371.2,0.6896551724137931,511,0,6.910058708414873,3.0,4118.0,0
4445,0,75,5542.425333333334,6063.1872750383845,18400.0,30437.069333333337,8208.894865590442,32960.7,0.5466666666666666,511,0,4.467710371819961,0.0,0.0,0
2338,0,80,14960.98875,15718.39700219076,59200.0,68279.12375,30131.20916722055,244445.5,0.425,510,0,4.774901960784314,1.0,1207.8,0
1319,0,90,8881.703333333335,11898.376475101431,56100.0,54218.54222222222,22824.775000015736,81595.29999999999,0.6,510,0,5.371764705882353,3.0,8431.0,0
311,0,141,3937.9921985815604,6066.767224184453,28320.0,44686.430496453904,11035.504906378597,65342.5,0.7304964539007093,510,0,8.415764705882353,5.0,9300.0,1
3293,1,155,10670.768387096774,16408.847440640915,69018.0,59131.28580645162,22309.043987926772,396541.3,0.7032258064516129,510,0,9.251372549019608,5.0,11745.7,1
1648,0,97,2158.720618556701,5499.379790332766,40525.0,28264.61237113402,12581.479056246213,20987.100000000002,0.3711340206185567,510,0,5.789568627450981,0.0,0.0,0
38,1,130,4399.613076923077,5450.4635059481525,20762.0,34462.22846153846,9455.39692669095,120218.9,0.5923076923076923,510,0,7.75921568627451,4.0,9666.8,0
1434,0,73,1987.0178082191778,2005.948896016163,4847.0,16411.924657534248,4235.9059859262425,22085.9,0.5205479452054794,510,0,4.357098039215686,1.0,3214.0,0
7437,1,130,4420.195384615385,5442.169440237743,20762.0,32514.36615384615,9420.170468088025,117294.6,0.5923076923076923,510,0,7.75921568627451,4.0,9666.8,0
4784,1,84,12183.742857142857,13262.169428243718,44168.0,63611.16785714285,17192.42607043193,158212.0,0.5595238095238095,510,0,5.01364705882353,1.0,4572.0,0
2644,0,88,1654.9102272727273,1914.7454859252737,4984.0,20348.610227272726,4909.557130038573,27487.7,0.6022727272727273,510,0,5.252392156862745,2.0,2687.0,0
785,1,108,8741.077777777778,10443.353679378364,40200.0,43870.59722222222,15565.027641835833,196848.8,0.5740740740740741,509,0,6.458781925343812,2.0,11730.8,0
2776,0,67,2079.6417910447763,2203.999784561754,9300.0,16908.197014925372,4632.834021089104,15780.8,0.5671641791044776,508,0,4.014724409448819,1.0,1647.0,0
5572,1,94,9397.153191489362,12225.72712336529,49763.0,41528.21808510638,22106.97620862234,110078.0,0.574468085106383,507,0,5.64370808678501,2.0,13662.0,0
3046,0,95,1644.2147368421051,1939.8967044209,11400.0,24054.76421052632,6666.645349255355,13129.199999999999,0.5789473684210527,507,0,5.703747534516765,2.0,2502.0,0
2138,0,89,9629.492134831462,10531.144214448192,36832.0,44219.40337078652,15080.841990686615,58962.40000000001,0.6067415730337079,507,0,5.343510848126233,1.0,9788.0,1
1662,0,89,8564.728089887642,9349.075554846302,32871.0,54351.43146067416,14789.617516487671,56686.399999999994,0.6067415730337079,507,0,5.343510848126233,1.0,9626.0,1
386,0,87,6838.602298850575,7579.152350208371,26636.0,61541.21264367816,15017.310329058828,80664.0,0.5862068965517241,507,0,5.223431952662722,1.0,4711.0,1
591,0,59,1935.3576271186441,1766.1528307169358,4182.0,17651.600000000002,4266.485628105127,22752.9,0.5084745762711864,506,0,3.549328063241107,1.0,2788.0,0
792,0,104,1343.8201923076922,1692.4495730612784,9600.0,26996.384615384617,6265.413547648869,18948.1,0.6346153846153846,505,0,6.268831683168318,3.0,2399.0,0
1043,0,78,10053.697435897437,10608.137237547538,36273.0,62433.48333333334,15454.650632733448,76235.2,0.5641025641025641,505,0,4.701623762376238,1.0,6433.0,1
9433,1,83,6960.415662650603,8715.663426177622,40000.0,41047.81084337349,12076.060415680839,35673.3,0.5903614457831325,504,0,5.012936507936508,1.0,1860.0,0
509,0,78,6609.282051282052,6761.2046052046,22786.0,35046.389743589745,10514.188237355405,43602.799999999996,0.5641025641025641,504,0,4.710952380952381,1.0,6261.0,0
1747,0,71,1085.649295774648,1117.616986509784,2984.0,14687.819718309858,3537.356388831303,21161.9,0.5915492957746479,504,0,4.288174603174603,2.0,1989.0,0
2073,1,83,6946.179518072289,8724.443355641373,40000.0,40629.39277108434,11521.442631721286,36891.700000000004,0.5903614457831325,504,0,5.012936507936508,1.0,1860.0,0
3097,0,86,1766.682558139535,1963.8553923756174,9600.0,18890.64534883721,5197.612616320213,10571.5,0.5465116279069767,504,0,5.194126984126984,2.0,2522.0,0
3062,0,57,2194.375438596491,2546.177938196267,14950.0,18478.61052631579,5593.323092143121,20562.2,0.49122807017543857,503,0,3.4494632206759444,1.0,2638.0,0
1355,0,85,7215.548235294117,8241.269773186132,28419.0,43578.95058823529,13028.822712672227,58296.399999999994,0.6,502,0,5.154183266932272,1.0,3606.0,0
1881,0,88,3252.8761363636363,3666.242515133008,12795.0,17536.492045454546,6248.87065434736,26759.9,0.6022727272727273,501,0,5.346746506986029,2.0,5686.0,0
2595,0,67,2802.086567164179,2844.9547820817033,10700.0,25024.40895522388,6052.067869563047,34176.6,0.5522388059701493,501,0,4.070818363273454,1.0,3481.0,0
13,0,75,2776.1866666666665,2795.4619878949825,7500.0,15120.5,4524.545150291576,13224.800000000003,0.5866666666666667,501,0,4.5568862275449105,1.0,2444.0,0
996,0,78,2430.775641025641,2455.931380666363,6404.0,20436.798717948717,4463.064612948034,19563.3,0.6153846153846154,500,0,4.74864,1.0,1934.0,0
37,1,130,7293.491538461539,11915.509308525414,49437.0,37547.42230769231,23823.30480918871,129214.50000000001,0.7076923076923077,500,0,7.9144,4.0,10305.5,0
2829,0,84,1991.1714285714286,4210.983128306819,31163.0,22419.777380952382,8520.405188896606,18508.0,0.4523809523809524,500,0,5.11392,0.0,0.0,0
529,0,86,2612.2558139534885,2318.5805637275603,9400.0,26948.893023255812,6504.0488283890045,33116.799999999996,0.5232558139534884,500,0,5.2356799999999994,1.0,3344.0,0
1857,0,91,2771.2010989010987,2984.0912630702346,10293.0,37903.08131868132,11604.164719673438,57522.1,0.5384615384615384,500,0,5.54008,2.0,4574.0,0
9140,1,135,3636.23037037037,5641.6928514974925,21014.0,22821.88962962963,8861.771798483596,13535.899999999998,0.6148148148148148,500,0,8.2188,4.0,9673.0,0
2485,0,60,1785.855,1696.0785450537142,4500.0,18189.991666666665,4972.605314247783,25594.1,0.5166666666666667,500,0,3.6528,1.0,1944.0,0
2607,0,111,3269.981981981982,4176.778181373734,16048.0,25079.3009009009,7665.204586115049,20606.8,0.6936936936936937,499,0,6.77122244488978,4.0,4640.0,0
653,0,75,6817.976000000001,6845.054750552757,22758.0,37904.64266666667,9224.694898231173,30613.0,0.5466666666666666,499,0,4.575150300601202,1.0,5397.0,0
10799,1,83,2243.921686746988,2793.009383462453,16300.0,35676.31325301205,11193.66415412353,56696.3,0.4819277108433735,499,0,5.063166332665331,1.0,519.0,0
1567,0,110,6357.864545454545,8354.20510562774,32540.0,50923.62545454545,13011.763037890316,74923.9,0.6909090909090909,499,0,6.710220440881764,3.0,9935.0,1
1845,0,88,11472.923863636364,12281.50960129354,50500.0,52442.31022727273,22027.524821876832,286214.5,0.42045454545454547,498,0,5.378955823293173,1.0,12537.0,0
1181,0,106,2357.756603773585,2901.941795518135,13920.0,22610.559433962262,6331.172421413909,12921.0,0.6320754716981132,498,0,6.479196787148595,3.0,3870.0,0
3070,0,84,6916.549999999999,8244.315833691879,40320.0,31711.25952380952,12429.671979204886,16933.000000000007,0.5952380952380952,497,0,5.144788732394367,1.0,3374.0,0
645,0,105,16786.501904761903,15647.166110888167,56200.0,72096.16380952382,28630.721497582606,161238.7,0.45714285714285713,497,0,6.4309859154929585,1.0,13466.0,0
1795,0,83,7639.808433734939,8454.021086372477,29055.0,47159.1530120482,12779.630721050737,57382.90000000001,0.5903614457831325,497,0,5.08354124748491,1.0,3850.0,1
2442,0,73,1186.8520547945204,1211.8559339924295,3163.0,15455.719178082192,3174.4274760995854,17343.0,0.6027397260273972,497,0,4.4710663983903425,2.0,2108.0,0
2845,0,81,8894.807407407408,9482.779744961099,32302.0,52333.29753086419,13835.02352619047,50742.200000000004,0.5802469135802469,497,0,4.9610462776659965,1.0,6559.0,1
8639,1,103,6193.682524271845,7712.509948580068,27850.0,30978.427184466018,10422.751998168826,195305.1,0.42718446601941745,496,0,6.321209677419355,1.0,3094.5,0
4003,0,123,14901.127642276422,15522.416216879683,51600.0,65750.26097560975,28835.58350621459,280021.89999999997,0.5203252032520326,496,0,7.548629032258064,2.0,7601.5,0
3537,0,113,2265.5982300884957,2799.703843871651,10114.0,18169.882300884954,6762.7160612464795,14309.400000000001,0.672566371681416,496,0,6.934919354838709,4.0,4495.0,0
2394,0,101,4896.984158415842,8612.639238302423,42086.0,34843.66930693069,14845.550154566477,97683.40000000001,0.6633663366336634,495,0,6.210989898989899,4.0,7204.0,0
859,0,117,3145.6119658119655,4346.882162363764,16680.0,29817.795726495726,8662.923432935058,40625.4,0.7094017094017094,492,0,7.238780487804878,4.0,3930.0,0
3798,0,93,5549.81935483871,6376.180839404982,23164.5,25421.21505376344,9904.138003818602,28968.000000000004,0.6344086021505376,491,0,5.76562118126273,2.0,9895.0,0
2317,0,77,1944.7324675324674,2369.1645966259225,12550.0,19236.403896103897,5017.414905276935,22079.199999999997,0.6233766233766234,490,0,4.783428571428572,2.0,2681.0,0
3828,0,60,1345.4933333333333,1253.2770917751434,3016.0,15407.488333333335,3741.3289542753214,19568.4,0.5166666666666667,490,0,3.7273469387755105,1.0,2010.0,0
2422,0,70,2363.5542857142855,2364.000462534943,6114.0,26024.52285714286,7462.284864107853,33151.6,0.5857142857142857,489,0,4.357464212678937,1.0,2809.0,0
3556,1,113,5587.253982300885,6850.578566846893,26224.0,34492.54955752212,10654.336402712512,234179.7,0.5486725663716814,489,0,7.034192229038855,3.0,8137.8,0
1154,0,124,14464.587096774194,16365.698729766802,63400.0,66419.2935483871,22653.498205698117,88268.8,0.5645161290322581,489,0,7.718936605316975,1.0,3475.0,1
3901,0,75,7376.458666666667,8120.138874463031,25816.0,53925.516,14841.47990683125,59313.2,0.5466666666666666,488,0,4.67827868852459,1.0,932.0,0
3950,0,82,9489.151219512196,10833.782383915395,36156.0,46369.12073170731,13775.370570227715,72779.20000000001,0.5975609756097561,486,0,5.1359670781893,2.0,8140.0,1
2142,1,91,7115.113186813187,8568.767287930807,46560.0,37711.80659340659,11357.833964584408,31578.100000000002,0.6043956043956044,486,0,5.699670781893005,2.0,11712.0,0
2492,0,87,2394.8356321839083,2584.2371774465632,6901.0,18709.562068965515,4869.86066233124,16195.500000000002,0.6206896551724138,486,0,5.4491358024691365,2.0,3741.0,0
45,0,69,1933.331884057971,3916.6711322353963,25455.0,27239.69420289855,8389.508001172093,25878.7,0.4057971014492754,485,0,4.330639175257732,0.0,0.0,0
2172,0,65,2147.8615384615387,2128.3118863382892,5120.0,20130.972307692307,5201.1443516519685,28783.800000000003,0.49230769230769234,485,0,4.07958762886598,1.0,3413.0,0
909,0,64,1183.4578125,1221.9462368092477,2925.0,15231.5296875,4273.391021959609,21420.1,0.484375,485,0,4.016824742268041,1.0,1950.0,0
10243,1,133,17747.74135338346,17511.529846867932,62000.0,69377.26165413535,27599.35292859655,255362.19999999998,0.5037593984962406,484,0,8.364710743801654,1.0,3151.3,1
1026,0,86,6593.004651162791,7332.6219323033265,25759.5,54260.87790697674,12249.02023645302,56101.200000000004,0.6046511627906976,484,0,5.408760330578513,2.0,8434.0,1
3444,0,74,7940.4,9602.711562715625,48300.0,55647.29459459459,20677.779532435903,177929.6,0.44594594594594594,483,0,4.66368530020704,0.0,0.0,1
1764,0,84,4401.521428571428,4877.087392762582,17322.0,40588.85,11797.681964144836,59926.6,0.5714285714285714,483,0,5.293913043478261,1.0,5270.0,1
4158,0,74,11765.844594594595,12313.993991914871,39177.0,44198.2972972973,20020.105083558,326751.3,0.4189189189189189,483,0,4.66368530020704,0.0,0.0,1
585,0,20,2788.1349999999998,3206.8101229258964,12200.0,21718.28,6665.869455477933,16162.699999999999,0.35,483,33,1.260455486542443,0.0,0.0,0
5698,1,99,12802.759595959595,14564.336917446031,54500.0,58031.57070707071,25957.936348585084,134298.4,0.5252525252525253,483,0,6.239254658385093,2.0,12876.0,0
178,0,76,1063.6473684210525,1129.7250678489506,2981.0,13331.223684210527,3029.360521336404,18082.0,0.5657894736842105,481,0,4.80964656964657,2.0,1987.0,0
2079,0,72,7611.8180555555555,8378.3949530388,26109.0,61578.177777777775,15262.301629244337,79129.7,0.5277777777777778,481,0,4.5565072765072765,0.0,0.0,0
2480,0,102,14773.496078431373,15070.776959452645,63400.0,61812.69803921569,22769.443694883095,322717.0,0.4411764705882353,480,0,6.468500000000001,1.0,3022.0,1
2444,0,81,11844.177777777779,13103.724636653884,43974.0,68873.25555555556,20020.863502281813,418457.2,0.43209876543209874,480,0,5.13675,1.0,2931.6,1
3516,0,87,19140.78275862069,18197.567969688793,64200.0,71500.85287356321,30692.444364605126,277508.1,0.39080459770114945,480,0,5.517250000000001,0.0,0.0,1
1303,0,70,2676.9614285714283,2494.2362193777676,8103.0,32491.784285714286,7998.742018024392,39873.3,0.4857142857142857,479,0,4.448434237995825,1.0,3601.0,0
783,0,53,2322.6962264150943,2284.5596928041705,9050.0,22333.722641509434,5173.691230886747,26890.899999999998,0.49056603773584906,479,0,3.368100208768267,1.0,3242.0,0
1729,0,77,4417.833766233766,4391.101818468872,14748.0,34205.97922077922,7621.038657167158,40584.0,0.5064935064935064,479,0,4.893277661795407,1.0,6554.0,0
1790,0,94,3928.4074468085105,4559.98273240551,17092.5,41903.70744680851,8851.703971737717,51365.1,0.6276595744680851,479,0,5.973611691022964,2.0,4031.0,0
2351,0,81,7836.63086419753,8498.822336824704,29252.0,51937.99506172839,13302.828092711166,62039.899999999994,0.5802469135802469,479,0,5.147473903966597,1.0,9173.0,0
2997,0,83,1496.9975903614459,1743.168099024744,12800.0,24100.159036144578,5359.257544001374,28633.6,0.4939759036144578,478,0,5.28560669456067,1.0,1978.0,0
10650,1,94,17135.2914893617,19920.73275038847,70352.0,75639.47234042553,23307.090298334337,79604.2,0.6382978723404256,478,0,5.986108786610879,2.0,14444.0,1
2684,0,79,2850.0164556962027,5974.457791543167,34406.0,29770.506329113923,12796.794856358709,41100.899999999994,0.46835443037974683,477,0,5.0414255765199165,0.0,0.0,0
2459,0,71,1970.6183098591548,2062.22962448136,6800.0,22738.394366197183,5895.679501680803,24610.699999999997,0.5352112676056338,477,0,4.530901467505241,1.0,1971.0,0
1240,0,71,4961.1887323943665,4823.317965453991,16353.0,23989.194366197185,8201.883137528972,23186.399999999998,0.5492957746478874,476,0,4.540420168067227,1.0,4353.0,0
1783,0,73,4036.8835616438355,4049.2340474949947,13507.5,25906.395890410957,7624.014853544437,40294.5,0.4931506849315068,476,0,4.668319327731092,1.0,6003.0,0
7156,1,87,8529.944827586207,9526.80626158409,30969.0,45033.66436781609,16094.483010632233,454792.0,0.41379310344827586,476,0,5.563613445378151,1.0,2062.0,1
1085,0,80,5260.2925000000005,5904.065004525657,20084.0,40481.277500000004,10408.702065755584,59088.200000000004,0.5625,476,0,5.115966386554622,1.0,8537.0,0
677,0,62,11084.274193548386,11617.908588953966,32991.0,41015.26774193549,14310.914856652324,46933.0,0.4838709677419355,474,0,3.9816033755274263,0.0,0.0,0
6505,1,49,7720.326530612245,11258.141990869235,38123.0,45556.50408163266,24247.89153853519,39932.4,0.46938775510204084,474,0,3.146751054852321,1.0,3207.8,1
402,0,89,7163.3258426966295,8816.084869566123,29992.0,37383.7808988764,12522.389372792863,34598.0,0.6404494382022472,473,0,5.727610993657505,2.0,4294.0,0
9156,1,72,8251.552777777779,12035.322625212419,48983.0,28793.43611111111,16283.019913665232,157662.0,0.4305555555555556,473,0,4.633572938689218,1.0,4537.3,0
3987,0,77,4538.299999999999,4447.699454508092,15607.5,30628.288311688313,9687.100186506505,17933.1,0.5584415584415584,473,0,4.955348837209303,2.0,6518.0,0
3852,0,69,1998.7811594202897,2052.924299575333,5046.0,17440.421739130437,4715.32763579614,15355.9,0.6086956521739131,473,0,4.440507399577167,2.0,3364.0,0
384,0,88,18471.704545454544,17595.460729168284,70500.0,66721.64204545454,33971.76231483051,181650.0,0.4318181818181818,473,0,5.663255813953488,1.0,2304.1,1
1946,0,74,7955.406756756756,8252.213797128343,27897.0,36029.170270270275,11891.189432939958,44802.09999999999,0.5540540540540541,471,0,4.782505307855627,1.0,7593.0,0
3603,0,71,7779.061971830986,8502.42552570175,27678.0,47022.85633802816,13483.752883714029,73161.40000000001,0.5352112676056338,470,0,4.5983829787234045,1.0,7883.0,0
1872,0,85,4675.88,5433.2564374152535,19171.5,40475.28470588235,12264.12349213585,61165.8,0.6,470,0,5.505106382978724,2.0,6023.0,0
3671,0,61,2059.103278688525,1860.885746803317,5300.0,15209.865573770492,3256.058420897125,12759.300000000001,0.5409836065573771,470,0,3.9507234042553194,1.0,2777.0,0
735,0,68,2271.070588235294,2319.2387433540075,6200.0,24550.008823529413,6082.115648915816,30180.8,0.6029411764705882,470,0,4.404085106382979,2.0,3576.0,0
3274,0,75,9749.735999999999,10607.120516001683,34178.0,36769.672,14614.680232519628,28328.2,0.5733333333333334,470,0,4.857446808510638,1.0,5775.0,0
5870,0,80,15974.741250000001,14606.720989175452,46427.0,60568.485,31010.48069374268,208887.3,0.4625,470,0,5.181276595744682,0.0,0.0,0
5283,1,93,15543.737634408602,18602.127092976283,67833.0,70556.28817204302,23777.70205231496,98525.59999999998,0.6344086021505376,469,0,6.036076759061833,2.0,13208.0,0
1438,0,78,8091.542307692308,10509.712944237095,47687.0,47467.062820512816,22118.859582730474,197820.30000000002,0.46153846153846156,469,0,5.062515991471216,0.0,0.0,0
328,0,79,2521.008860759494,2781.8483683349205,9300.0,19064.620253164558,4606.705686568381,13083.699999999999,0.6329113924050633,469,0,5.127420042643923,2.0,2432.0,0
118,0,73,1843.2301369863012,1922.1117061772427,10900.0,27677.87534246575,6389.4196822381655,29483.8,0.4931506849315068,469,0,4.737995735607676,1.0,2449.0,0
387,0,56,12200.067857142858,15380.726063818338,47926.0,41791.775,27782.35723440491,108399.4,0.44642857142857145,468,0,3.6423931623931627,0.0,0.0,1
3300,0,87,16857.266666666666,19821.99490728856,70078.0,53224.5,23380.648597261043,103050.2,0.632183908045977,468,0,5.658717948717949,2.0,14418.5,1
3657,0,60,2273.385,2357.536853052355,7550.0,27596.485,6777.986140185803,35451.1,0.5333333333333333,468,0,3.902564102564103,1.0,1533.0,0
823,0,72,1076.1236111111111,1246.5779160173943,3284.0,19544.397222222222,4222.544881505724,25008.899999999998,0.625,468,0,4.683076923076923,3.0,2189.0,0
1876,1,92,6418.404347826086,8294.921960338914,45440.0,45958.45760869565,13012.402937554696,48903.200000000004,0.6304347826086957,467,0,5.996745182012848,3.0,11762.0,1
2765,0,64,4326.628125,4301.068177752199,16700.0,20027.5,7317.110746302179,10864.199999999999,0.5,467,0,4.171648822269807,1.0,5254.0,0
3463,0,94,4348.874468085107,4963.857886547089,18864.0,29114.115957446807,8377.162909090495,30718.2,0.6382978723404256,466,0,6.140257510729614,3.0,8384.0,0
3103,0,29,4735.448275862069,8865.8633635511,37781.0,36742.88965517242,16536.313625761093,37128.0,0.3103448275862069,466,16,1.894334763948498,3.0,14408.0,1
1101,0,69,9764.617391304348,10080.726120029552,32340.0,35052.58985507247,12431.82199330726,43046.6,0.5362318840579711,465,0,4.516903225806452,1.0,7553.0,1
179,0,119,10440.25462184874,13679.923084540364,49959.0,53200.06722689076,24166.195589679857,192100.3,0.6386554621848739,465,0,7.790021505376344,4.0,13667.0,0
3610,0,67,1643.4328358208954,1668.0249801366938,6000.0,20337.267164179102,4303.001809004897,21488.0,0.5970149253731343,465,0,4.3859784946236555,2.0,2635.0,0
1814,0,61,2381.1213114754096,2432.179253886985,6950.0,28123.35573770492,6797.326724542149,37486.4,0.5245901639344263,464,0,4.001810344827587,1.0,3035.0,0
1718,1,83,16212.601204819275,18601.371213497023,65892.0,63374.01445783133,21259.14300460572,112409.9,0.6265060240963856,464,0,5.445086206896552,2.0,21634.0,0
16,0,60,11023.398333333334,11511.249494085423,31262.0,29600.768333333333,15889.162825942689,33031.9,0.4666666666666667,464,0,3.9362068965517243,0.0,0.0,0
4616,1,124,14029.16693548387,15189.289277066053,57100.0,75595.62983870968,27994.802784846255,75337.50000000001,0.5806451612903226,463,0,8.152397408207344,2.0,15038.7,1
3757,0,109,8688.69357798165,12210.94787682785,44217.0,52947.7880733945,17870.98200912598,106431.59999999999,0.6788990825688074,463,0,7.16622030237581,4.0,6952.0,1
2942,0,80,2346.3075,2438.073702003025,9500.0,36908.57625,8352.210026871515,47912.6,0.5375,463,0,5.259611231101512,2.0,3523.0,0
89,0,61,2610.0311475409835,2864.8002198839267,12000.0,29212.559016393443,6509.385145679456,37919.9,0.45901639344262296,462,0,4.019134199134199,0.0,0.0,0
3106,0,78,11814.247435897436,14101.442344241968,49800.0,61026.99871794872,25500.179916388435,78591.3,0.5512820512820513,461,0,5.150368763557483,0.0,0.0,1
2312,0,59,2604.6372881355933,2257.0634687650895,6300.0,16058.328813559323,4273.533855707663,10197.599999999999,0.5254237288135594,461,0,3.8957917570498917,1.0,3392.0,0
177,0,59,9977.342372881356,10445.70533651565,29175.0,45481.26271186441,13655.776601735864,62371.2,0.4576271186440678,461,0,3.8957917570498917,0.0,0.0,0
4128,0,78,10724.303846153845,13168.510109401655,49319.0,30747.97179487179,27428.277544107586,101001.1,0.5256410256410257,461,0,5.150368763557483,0.0,0.0,0
2846,0,64,2600.6359375,2522.7619686120406,9200.0,20635.8921875,5105.638870034565,21248.7,0.5625,460,0,4.235130434782609,1.0,2457.0,0
1443,0,73,8534.613698630137,8832.672905913889,29751.0,38872.449315068494,10652.456979079774,42034.799999999996,0.5616438356164384,460,0,4.8306956521739135,1.0,7505.0,0
1992,0,70,3100.0328571428568,3088.832520770352,11300.0,20864.497142857144,5367.987335131917,20550.300000000003,0.5142857142857142,460,0,4.632173913043479,1.0,4140.0,0
755,0,83,9142.29156626506,11087.830515074877,37020.0,46849.62530120482,12351.001081662576,67918.2,0.6144578313253012,460,0,5.492434782608696,2.0,5332.0,0
7274,1,87,9049.84827586207,12000.733746955504,44748.0,37358.74367816092,20223.11625210639,128813.6,0.5632183908045977,459,0,5.769673202614379,2.0,8689.8,0
3383,0,92,1907.2250000000001,3073.116872100362,18900.0,37613.830434782605,12645.511871256795,48814.299999999996,0.358695652173913,459,0,6.101263616557734,0.0,0.0,1
2461,0,67,1900.1119402985075,2960.047169644757,15885.0,20467.34776119403,6014.031049500078,22486.3,0.40298507462686567,459,0,4.443311546840959,0.0,0.0,0
3916,1,94,5693.385106382978,6841.160738774839,24243.0,18985.98085106383,10025.285268676353,14905.800000000003,0.648936170212766,459,0,6.233899782135076,4.0,17241.7,0
2745,0,104,5831.618269230769,8152.412011461052,34400.0,44416.85865384615,13326.623507345224,62774.3,0.6826923076923077,459,0,6.897080610021787,4.0,9527.0,0
10152,0,99,7869.409090909091,11588.628694958277,48301.0,46896.340404040406,23199.33527921727,266091.9,0.36363636363636365,459,0,6.565490196078431,0.0,0.0,0
2007,0,102,14871.445098039214,15832.811540536444,62000.0,54613.17745098039,26175.771486295373,415507.8,0.43137254901960786,458,0,6.779213973799127,0.0,0.0,0
1064,0,65,2420.923076923077,2409.057593993528,6700.0,23569.10923076923,4915.836336897666,24468.0,0.5692307692307692,458,0,4.3200873362445416,1.0,2918.0,0
2370,0,72,7373.1305555555555,7945.735258910092,29100.0,43587.85833333333,12029.245691122713,62233.399999999994,0.5416666666666666,456,0,4.806315789473684,1.0,9747.0,1
1379,0,69,4591.002898550725,4712.937775109099,15645.0,36702.6115942029,8722.405954975555,47827.2,0.5217391304347826,456,0,4.606052631578947,1.0,6953.0,1
1313,0,102,17240.495098039217,16348.119829330042,62300.0,66813.08823529411,34803.22298494296,66380.1,0.4803921568627451,456,0,6.808947368421053,0.0,0.0,0
129,0,67,2893.662686567164,2813.033077390969,7200.0,21630.446268656717,5005.266902952974,19863.4,0.5373134328358209,456,0,4.472543859649123,1.0,3417.0,0
6866,0,75,9541.444000000001,9978.29155417223,31466.0,22206.578666666665,17820.645732827532,345103.7,0.37333333333333335,455,0,5.0175824175824175,0.0,0.0,0
4132,0,29,4327.724137931034,8713.575698162656,40348.0,33662.14137931034,13643.394171631646,42704.0,0.20689655172413793,455,5,1.9401318681318682,0.0,0.0,1
2136,0,60,4833.1900000000005,5100.325719332849,15100.0,35279.51666666667,10923.262650179306,56899.4,0.4666666666666667,455,0,4.014065934065934,0.0,0.0,0
2036,0,72,2707.411111111111,6215.196894177684,33574.0,33740.6375,13373.722754741353,39012.399999999994,0.4027777777777778,454,0,4.827488986784141,0.0,0.0,0
3401,0,70,9620.462857142857,13514.98400828161,61600.0,45108.538571428566,23602.56929024792,137800.4,0.45714285714285713,453,0,4.703752759381898,1.0,4247.0,1
1596,0,70,1799.5,1852.949899758354,4955.0,23098.44857142857,5564.200031874131,27213.0,0.5571428571428572,452,0,4.714159292035398,2.0,3303.0,0
4116,1,94,14886.25,14905.742312751143,49467.0,52607.38829787234,28912.43876104827,188577.9,0.5319148936170213,452,0,6.330442477876106,2.0,18648.2,0
3342,0,68,6942.663235294117,6680.029150215788,22359.0,38580.214705882354,11704.286451517817,38229.1,0.5294117647058824,451,0,4.5896230598669625,1.0,8335.0,0
2715,0,77,1029.6999999999998,1274.79788016107,3329.0,18400.397402597402,4405.147408728198,24234.9,0.5974025974025974,451,0,5.1970731707317075,3.0,2219.0,0
4143,0,61,10568.095081967214,11429.76121342037,32294.0,60347.95573770491,16364.340268212509,78361.8,0.47540983606557374,450,0,4.126311111111112,1.0,1896.0,0
2133,0,63,1815.8666666666668,1837.5761939875244,5600.0,16424.34126984127,4153.94138125642,17241.6,0.5079365079365079,450,0,4.2616000000000005,1.0,2143.0,0
2069,0,104,4789.014423076923,7274.760952378843,43360.0,43350.41634615384,11442.769837534037,52097.5,0.6730769230769231,449,0,7.0506904231625835,4.0,4933.0,1
205,0,71,3127.592957746479,3002.532332468899,10400.0,35806.00985915493,8623.098982536134,45267.1,0.4788732394366197,449,0,4.813452115812917,1.0,4297.0,0
1150,0,62,2006.2112903225805,5391.9650578081955,36759.0,21352.104838709678,14008.598441044529,47093.1,0.3548387096774194,449,0,4.203296213808463,0.0,0.0,0
1608,0,61,2219.2868852459014,2135.814876612313,5138.0,18202.631147540982,5398.499950033681,21844.5,0.4918032786885246,449,0,4.135501113585746,1.0,3425.0,0
1494,0,63,11326.86507936508,12156.397091670451,35505.0,64746.41904761905,17041.197316530364,79700.5,0.49206349206349204,449,0,4.271091314031181,0.0,0.0,1
2272,0,65,3113.8553846153845,2806.0477624248697,8970.0,21769.873846153845,6058.675918215261,15777.800000000001,0.5076923076923077,449,0,4.406681514476615,1.0,3986.0,0
2634,0,58,9254.555172413793,10088.384562528532,30037.5,51748.972413793104,20312.361314422473,94101.4,0.4827586206896552,449,0,3.9321158129175946,0.0,0.0,0
745,0,64,1895.7,1904.5810229590845,5150.0,23091.4171875,5583.080739604077,25422.8,0.515625,448,0,4.348571428571429,1.0,1965.0,0
3813,0,91,3652.352747252747,4355.910450113621,15465.0,27693.976923076923,7174.484586227575,26842.099999999995,0.6263736263736264,448,0,6.183125,3.0,6873.0,0
1342,0,105,6939.625714285714,10703.736878485552,47762.0,42996.93619047619,20272.93153186289,100948.3,0.638095238095238,448,0,7.134375,4.0,8272.0,0
121,0,92,1273.1271739130434,1819.2713935911763,13100.0,27489.540217391306,6644.594282656543,34955.700000000004,0.5760869565217391,446,0,6.279103139013453,3.0,2116.0,0
1727,0,83,8836.733734939759,11453.505735387547,37176.0,44115.39036144578,13034.245624653866,42026.1,0.6626506024096386,446,0,5.664843049327355,3.0,6610.0,0
2097,0,80,1999.32625,4462.396590915992,29026.0,36563.39875,12449.2403301302,41095.7,0.3,446,0,5.460089686098655,0.0,0.0,1
133,0,113,11876.038053097345,15296.173577718699,64600.0,49741.99557522124,28601.973178771717,194096.30000000002,0.5663716814159292,446,0,7.712376681614351,3.0,13160.0,0
2897,0,109,17002.995412844037,16118.150255933499,54900.0,70732.37981651376,32152.25225989959,99981.3,0.5412844036697247,446,0,7.439372197309417,1.0,5751.0,1
5708,0,70,12647.135714285714,14683.657489284444,49317.0,45226.781428571434,26903.102961647604,75292.70000000001,0.5428571428571428,445,0,4.788314606741573,0.0,0.0,1
7049,1,76,19772.444736842106,21572.521164718757,74278.0,54329.27236842106,25709.20026963421,166298.19999999998,0.5657894736842105,445,0,5.198741573033708,1.0,8253.2,1
1279,0,56,2487.3267857142855,2531.3083629898215,11500.0,18101.542857142857,5149.631250941697,15127.500000000002,0.5178571428571429,444,0,3.8392792792792796,1.0,3587.0,0
502,0,68,1913.9661764705882,1903.7437240993988,9900.0,25469.45882352941,6377.8313149425085,32942.9,0.47058823529411764,444,0,4.661981981981982,1.0,2498.0,0
1506,0,56,3593.878571428572,3643.5774664576466,11900.0,17458.717857142856,6486.180995991882,17594.4,0.39285714285714285,444,19,3.8392792792792796,1.0,9498.0,0
2231,0,74,2471.289189189189,2515.253789617043,9300.0,17569.891891891893,4867.841096272916,22596.600000000002,0.5540540540540541,443,0,5.084785553047404,2.0,3612.0,0
966,0,48,1467.2770833333334,1368.2819403131275,3194.0,18434.35625,4819.67642490771,22726.5,0.4791666666666667,443,0,3.29823927765237,1.0,2129.0,0
1968,0,51,7313.7,8623.46680251046,28567.0,29962.66274509804,16673.413524074313,20058.700000000004,0.43137254901960786,443,0,3.5043792325056433,0.0,0.0,0
2879,0,67,4990.349253731343,4875.7540355895335,16185.0,24256.425373134327,8275.988051794018,16510.600000000006,0.5223880597014925,443,0,4.603792325056434,1.0,7193.0,0
3023,0,62,2531.9387096774194,2913.990227452747,14750.0,24006.456451612903,8309.633850835891,30508.2,0.5,443,0,4.260225733634312,1.0,2213.0,0
3561,0,54,1866.4722222222222,2019.2076673613385,8800.0,19138.262962962963,4608.669539576196,23364.699999999997,0.5,442,0,3.7189140271493213,1.0,1789.0,0
1807,0,64,8996.3234375,9939.296780045503,30720.0,41120.63125,12896.189237096667,58503.899999999994,0.53125,442,0,4.407601809954752,1.0,4731.0,0
11327,1,75,7465.088,9096.675419267345,30462.0,56689.62,13569.966581826644,77352.8,0.6,442,0,5.165158371040724,2.0,5325.0,0
2053,0,67,3185.5253731343287,3217.753131025627,10900.0,24347.653731343285,6410.977957741309,22765.399999999998,0.5223880597014925,441,0,4.624671201814059,1.0,4409.0,0
550,0,69,2152.8608695652174,2529.834882964487,8100.0,19771.766666666666,6020.73633518718,18282.6,0.6231884057971014,440,0,4.773545454545455,2.0,1596.0,0
3324,0,77,2981.179220779221,3547.593530955644,18100.0,42848.728571428575,11130.455286425637,57240.0,0.5194805194805194,440,0,5.327,2.0,4617.0,1
1061,0,61,3040.1344262295083,2917.412711398306,9300.0,18513.218032786885,6984.270414307381,13385.4,0.4918032786885246,440,0,4.220090909090909,1.0,3790.0,0
2215,0,56,2682.3678571428572,2713.720938564354,6690.0,24915.910714285714,8318.085434121102,41645.8,0.5178571428571429,440,0,3.8741818181818184,1.0,2348.0,0
961,0,62,6485.840322580645,6270.914854256198,20182.0,22486.701612903227,9656.289736177856,25239.3,0.5161290322580645,439,0,4.299043280182232,1.0,8255.0,0
2579,0,70,2186.364285714286,2023.1278942597999,9700.0,26784.152857142857,6095.165850098677,18502.7,0.5142857142857142,439,0,4.85375854214123,1.0,2688.0,0
3919,0,66,7514.60303030303,8412.068168804035,32000.0,51822.61515151515,13999.616525432095,57881.0,0.5454545454545454,439,0,4.576400911161731,1.0,3521.0,1
3875,1,73,15657.349315068494,17335.14496234715,57723.0,58962.931506849316,23475.603443645472,180649.7,0.547945205479452,439,0,5.061776765375854,1.0,6413.7,0
2311,0,70,8613.65,9085.120216536105,30111.0,39575.630000000005,14432.210480007278,31132.69999999999,0.5714285714285714,438,0,4.864840182648402,1.0,6798.0,0
2556,0,54,1363.5444444444443,1250.2272888704988,3009.0,12695.848148148149,2630.998523248566,13268.6,0.5370370370370371,438,0,3.752876712328767,1.0,2006.0,0
1615,0,60,2941.67,2654.1547129812684,7100.0,17304.723333333335,4952.317852753454,12237.4,0.5666666666666667,437,0,4.179405034324943,1.0,3124.0,0
2910,1,85,15539.236470588236,18608.34918745735,65622.0,44637.056470588235,22425.67381854071,51429.9,0.6470588235294118,436,0,5.934403669724771,3.0,21725.3,1
2756,0,66,9374.016666666666,9410.148439303064,30594.0,29492.839393939394,13614.52646047741,24586.300000000003,0.5454545454545454,436,0,4.607889908256881,1.0,8702.0,0
1572,0,65,6473.401538461538,6250.149481199739,20998.5,37062.82153846154,12658.580015392377,25780.300000000003,0.5384615384615384,436,0,4.538073394495413,1.0,7596.0,0
3857,0,51,1448.3529411764705,1383.957923977885,3275.0,16712.298039215686,4429.016891161748,19623.2,0.5098039215686274,435,0,3.5688275862068966,1.0,2183.0,0
156,0,49,1722.8163265306123,1772.9869496073259,8430.0,15669.963265306122,3779.5469289593134,16315.2,0.4897959183673469,435,0,3.428873563218391,1.0,2030.0,0
3922,0,54,2786.8,2464.980552106679,7700.0,19941.875925925928,7638.746578104539,11710.400000000001,0.5370370370370371,435,0,3.778758620689655,1.0,2953.0,0
1209,0,59,2285.6406779661015,2187.071086787442,5353.0,17661.313559322032,4283.077333045419,18450.0,0.5423728813559322,434,0,4.13815668202765,1.0,3568.0,0
2371,0,62,7615.672580645161,9671.677658277766,39939.0,48268.25322580645,14602.104268824145,161687.7,0.4838709677419355,434,0,4.348571428571429,5.0,21785.3,1
852,0,58,1256.4793103448276,1328.634751039462,3570.0,16391.69482758621,3451.833956102045,18097.0,0.5689655172413793,434,0,4.068018433179724,2.0,2082.0,0
2152,0,50,2333.212,2058.2694530808435,4880.0,21658.404,5015.02817433476,23959.8,0.5,434,0,3.5069124423963136,1.0,3191.0,0
398,0,58,2128.9896551724137,2202.2437368244086,9100.0,17874.28275862069,5143.001302405008,14158.6,0.5517241379310345,433,0,4.077413394919168,1.0,1702.0,0
2174,0,54,7810.933333333333,10566.889594174423,43137.0,42112.422222222216,18185.935274527626,33811.2,0.5370370370370371,433,0,3.7962124711316396,1.0,4367.0,0
3705,0,82,18545.61707317073,17331.13196853616,62200.0,63181.40365853658,31646.49983031278,110848.6,0.4634146341463415,433,0,5.764618937644342,0.0,0.0,1
1172,0,26,6801.834615384616,11905.283336836374,49863.0,22251.523076923077,14311.793486975914,11847.699999999997,0.38461538461538464,432,61,1.8320370370370371,0.0,0.0,0
876,0,56,2956.817857142857,2802.6860020738636,7900.0,13684.605357142858,3646.791057824032,11371.0,0.5,431,0,3.9550812064965197,1.0,3796.0,0
2413,1,76,6096.598684210527,6847.8049054470675,23582.0,31700.33157894737,10320.261273762539,43982.7,0.5789473684210527,430,0,5.380093023255815,2.0,7944.0,0
3963,0,88,4249.352272727273,5657.263965992245,19296.0,38163.78977272727,8696.492544038369,48240.200000000004,0.6590909090909091,430,0,6.229581395348838,3.0,3642.0,0
643,0,58,3585.8137931034485,3685.497852891256,10880.0,32525.31206896552,7501.069091290116,35954.4,0.46551724137931033,429,0,4.1154312354312355,0.0,0.0,0
1340,0,87,1518.1310344827587,1848.2182034364976,10500.0,21223.32643678161,4441.1770408058865,23518.600000000002,0.6206896551724138,429,0,6.173146853146853,3.0,2410.0,0
2703,0,49,1437.4734693877551,1318.6598801396042,3124.0,16221.5,3786.5903939648224,20377.4,0.4897959183673469,429,0,3.476829836829837,1.0,2082.0,0
671,0,55,2994.5,6586.247153053939,37522.0,18036.238181818182,9463.737478581872,12234.700000000003,0.4,428,0,3.9116822429906546,0.0,0.0,0
782,0,77,9348.919480519482,11167.701490153115,36889.5,58221.45714285714,14875.400240253855,53232.00000000001,0.6103896103896104,427,0,5.489180327868852,2.0,5566.0,0
2784,0,55,2833.834545454545,2735.4357834293955,6778.0,29456.485454545455,6922.7026301394835,37052.1,0.5454545454545454,427,0,3.9208430913348944,1.0,3307.0,0
1703,0,59,2333.9881355932202,2383.989276986758,6850.0,22988.401694915254,5683.201563424821,23790.5,0.5084745762711864,424,0,4.235754716981132,1.0,3554.0,0
3598,0,65,6735.023076923077,6795.5998111316785,23600.0,35267.280000000006,11456.441690529393,35013.7,0.5384615384615384,424,0,4.666509433962265,1.0,6435.0,1
639,0,56,1806.3821428571428,1818.1828683013202,5300.0,20117.12678571429,5994.63552121216,24194.6,0.48214285714285715,423,0,4.029881796690307,1.0,2046.0,0
3325,0,66,15951.503030303029,17831.031908315774,56600.0,59097.246969696964,25116.930929966,349736.4,0.42424242424242425,423,0,4.749503546099291,0.0,0.0,1
10613,1,77,12661.096103896105,14794.858345059587,72000.0,51564.08181818182,20658.577875149404,308208.0,0.45454545454545453,422,0,5.5542180094786735,1.0,5204.2,1
606,0,75,8702.170666666667,10173.761298167994,34536.0,51253.689333333336,12969.855834041899,71380.0,0.6,422,0,5.409952606635072,2.0,8211.0,1
9227,1,100,2073.025,2150.300634108044,7700.0,16424.428,5070.185351404019,15191.7,0.48,422,0,7.213270142180095,3.0,6141.0,0
1723,0,94,6809.313829787234,9121.889264917638,33825.0,58260.21063829787,13052.627482893915,66692.7,0.6914893617021277,422,0,6.780473933649289,4.0,9680.0,0
3404,0,58,8683.381034482758,9294.041489992615,27614.0,57555.26724137931,15517.599177870537,78973.3,0.4827586206896552,422,0,4.183696682464455,0.0,0.0,1
1657,0,52,1342.2692307692307,1401.8112553069616,3235.0,17131.384615384617,5432.515140875093,22995.2,0.4423076923076923,422,0,3.7509004739336493,1.0,2156.0,0
3395,0,69,9651.546376811593,11078.65318040244,35946.0,64897.16231884058,16259.049104576505,85853.9,0.5797101449275363,421,0,4.9889786223277905,1.0,3712.0,0
2296,0,66,9800.439393939394,10722.511022902725,33055.5,37275.965151515156,14689.194427307046,42346.2,0.5606060606060606,421,0,4.772066508313539,1.0,3531.0,1
644,0,64,1076.453125,1100.0774914939705,2958.0,12911.590625,3192.436369738847,15782.2,0.546875,420,0,4.638476190476191,2.0,1972.0,0
2402,0,57,2692.101754385965,2912.012928339828,8750.0,32643.70350877193,10180.702950943252,46175.0,0.49122807017543857,420,0,4.131142857142858,1.0,2384.0,0
2391,0,66,3711.340909090909,3606.922812164974,12178.5,32978.72727272727,7858.272984089795,40823.700000000004,0.5151515151515151,419,0,4.794844868735083,1.0,4959.0,0
1140,0,63,2284.4761904761904,2183.9481059735035,8000.0,29382.433333333334,9250.083766665173,42479.2,0.4126984126984127,419,0,4.57689737470167,1.0,2790.0,0
952,0,64,4550.4453125,5202.112056210872,18300.0,36938.74375,11310.849417275333,55166.9,0.5,417,0,4.671846522781775,1.0,4946.0,0
696,0,62,2070.298387096774,2865.3015666819683,10400.0,40343.46290322581,13234.980743794129,56102.9,0.5967741935483871,417,0,4.525851318944844,2.0,1579.0,1
2998,0,83,7857.139759036144,10808.988252928046,33231.0,44457.74939759036,13814.533632889585,47355.799999999996,0.6385542168674698,417,0,6.058800959232614,3.0,3201.0,1
867,0,83,9002.366265060242,11951.220624457479,48072.0,32093.44578313253,23795.224225760503,115761.6,0.6144578313253012,417,0,6.058800959232614,3.0,12943.0,0
1208,0,74,6388.445945945946,7572.962577561553,27360.0,47371.4027027027,12613.159703652993,65786.2,0.5945945945945946,417,0,5.4018225419664265,2.0,6552.0,1
3423,0,68,2776.176470588235,3067.1474875660742,11000.0,21592.361764705885,6820.2379135424735,13247.199999999999,0.5294117647058824,416,0,4.975769230769231,2.0,3795.0,0
2831,0,93,7081.863440860216,10099.736906332122,34911.0,61699.52365591398,15038.964401639569,72194.5,0.6881720430107527,416,0,6.805096153846154,4.0,5156.0,0
2211,0,65,20842.65076923077,22540.01321298639,70575.0,57342.11076923077,24401.923161858085,15438.299999999983,0.5846153846153846,416,0,4.7562500000000005,1.0,7863.0,0
3360,0,64,6017.10625,6635.3127381918575,23520.0,39582.2546875,12346.376093476378,58009.2,0.5,416,0,4.683076923076923,1.0,9194.0,0
1245,0,60,4726.593333333333,5119.283025371141,16455.0,37439.52333333333,9690.881260137821,50764.0,0.5333333333333333,414,0,4.411594202898551,1.0,3611.0,0
1348,0,80,3212.20625,4254.215613115048,15144.0,40882.2825,9632.427589437964,52324.9,0.6125,414,0,5.8821256038647345,3.0,5534.0,0
2920,0,61,9997.032786885246,10461.25657810318,33056.0,35972.07540983607,11520.317926250353,33071.4,0.5573770491803278,413,0,4.495980629539951,1.0,5493.0,0
566,0,88,15761.022727272728,16884.39526674987,64500.0,57980.70681818182,26384.229429969837,324619.6,0.4318181818181818,413,0,6.486004842615012,0.0,0.0,1
2658,0,64,1105.0484375,1243.3580399680036,3406.0,17475.6953125,4036.0967022579716,21169.5,0.640625,412,0,4.7285436893203885,3.0,2270.0,0
2721,0,88,5334.948863636364,7483.95244053452,25224.0,32292.690909090907,11249.658139435587,21593.9,0.6931818181818182,412,0,6.5017475728155345,4.0,3996.0,0
1833,0,52,2718.978846153846,2933.818130504527,10600.0,34585.21153846154,8338.067449523627,35981.299999999996,0.5384615384615384,411,0,3.8512895377128955,1.0,1674.0,0
2221,0,55,1276.2963636363636,1286.844345527524,3630.0,14543.714545454546,3156.3508615006062,16128.7,0.5818181818181818,411,0,4.073479318734793,2.0,2174.0,0
149,0,62,1982.4822580645161,4001.6334887398984,21200.0,36291.22580645161,14274.668918992977,53921.9,0.2903225806451613,410,0,4.603121951219513,0.0,0.0,0
3082,0,55,5622.652727272728,5411.163034664904,16868.0,19429.952727272725,7577.648273702476,22684.299999999996,0.4909090909090909,410,0,4.083414634146342,1.0,7496.0,0
3156,0,59,14810.238983050847,14830.393267264695,44715.0,59417.77118644068,29514.737312464953,134004.1,0.423728813559322,410,0,4.380390243902439,1.0,1087.0,0
2438,0,61,4462.41475409836,4731.58071380788,14674.0,16970.28524590164,7189.639825351386,22421.699999999997,0.5409836065573771,410,0,4.528878048780488,2.0,6522.0,0
2693,0,60,6751.715,7225.130409305158,23403.0,45041.97666666667,10083.565014306765,58277.3,0.5333333333333333,409,0,4.465525672371638,1.0,5852.0,1
1866,0,73,5176.490410958904,6097.096705426562,21208.0,34857.979452054795,9959.159957657614,47114.200000000004,0.6027397260273972,409,0,5.433056234718826,2.0,6947.0,0
3365,0,67,2385.7611940298507,2632.5492678318838,6994.0,24024.31343283582,5087.020107956742,26402.399999999998,0.6119402985074627,408,0,4.998725490196079,2.0,2975.0,0
3382,0,42,11591.680952380952,14266.093322608835,45882.0,40148.34761904762,24897.27332110827,73470.59999999999,0.4523809523809524,406,0,3.1489655172413795,1.0,3975.8,0
2125,0,75,11774.301333333333,14864.52330286729,54700.0,57059.886666666665,23149.407834819292,70572.59999999999,0.5466666666666666,406,0,5.623152709359606,1.0,3225.0,0
3396,0,53,7613.47358490566,8068.012884680202,30240.0,36565.59056603774,10467.68761139331,37600.5,0.49056603773584906,406,0,3.9736945812807885,0.0,0.0,0
3105,0,44,1479.6568181818182,1383.4012080776029,3218.0,18251.659090909092,4854.581887119902,21921.3,0.4772727272727273,405,0,3.3070617283950616,1.0,2145.0,0
2162,0,82,11579.852439024391,13414.69226970637,49587.0,52666.66951219513,22200.63995670689,195794.7,0.5365853658536586,405,0,6.16316049382716,1.0,8468.0,1
1125,0,120,11821.914166666666,14464.027663388808,59700.0,52490.64333333333,28166.48157303863,254977.69999999998,0.575,405,0,9.01925925925926,4.0,19961.0,0
2979,0,51,2361.688235294118,2269.2079398457126,6900.0,15206.188235294117,3880.1372863674337,18628.5,0.5098039215686274,404,0,3.8426732673267328,1.0,3494.0,0
2850,0,46,1355.8108695652174,1291.0123600799595,3057.0,15965.686956521738,4032.37664525022,19145.7,0.5,404,0,3.465940594059406,1.0,2038.0,0
2832,0,46,1480.482608695652,1353.0497912008261,3244.0,15651.876086956523,3680.0319720944944,18812.6,0.5,404,0,3.465940594059406,1.0,2122.0,0
3102,0,59,7326.450847457627,7361.34571482905,24513.0,41606.720338983054,9584.667854241536,48035.0,0.5423728813559322,403,0,4.456476426799007,1.0,6722.0,1
295,0,64,9091.4953125,9733.234240337548,31446.0,34182.11875,12272.462440789755,30270.1,0.578125,403,0,4.834143920595533,1.0,6992.0,0
1523,0,75,13386.610666666667,16247.326262916875,51200.0,51497.916000000005,30386.975430602022,78763.79999999999,0.49333333333333335,402,0,5.679104477611941,2.0,11527.0,0
215,0,46,1537.2913043478259,1412.7181366785392,4590.0,14533.976086956522,3328.6621743200053,15083.8,0.5,401,0,3.491870324189526,1.0,2121.0,0
421,0,56,4136.694642857143,4050.9403436023745,12536.0,21029.48214285714,6203.330104214763,20743.3,0.5,399,0,4.272280701754386,1.0,5571.0,0
3715,0,13,2546.153846153846,2855.0001122636827,11500.0,14953.846153846154,4878.971097922079,13300.0,0.46153846153846156,399,39,0.9917794486215539,0.0,0.0,0
934,0,45,2774.7644444444445,2934.0334452418874,12550.0,27940.795555555556,7265.147630639023,34414.8,0.4888888888888889,399,0,3.433082706766917,1.0,3236.0,0
3333,0,57,3197.535087719298,6560.24421925334,41417.0,28852.364912280704,12159.807557665588,33925.9,0.3684210526315789,399,0,4.348571428571429,0.0,0.0,0
1798,0,76,7547.618421052632,9600.722702181823,36480.0,46123.76842105263,14796.159342344763,60665.4,0.631578947368421,398,0,5.812663316582915,3.0,8605.0,0
10005,1,73,13284.447945205478,14843.261880443237,52688.0,46756.561643835616,18956.775771809804,90071.1,0.589041095890411,397,0,5.597279596977331,2.0,15005.2,0
4386,0,55,9557.534545454546,11144.926106533,45412.0,27386.032727272726,16363.566202413243,162148.4,0.43636363636363634,397,0,4.217128463476071,2.0,13544.0,0
1868,0,24,5366.420833333334,8373.074946776107,28857.0,30737.75,10747.299824971205,29394.1,0.3333333333333333,397,37,1.8402015113350128,1.0,12111.0,0
232,0,61,9500.237704918032,11251.318093200813,46720.0,50509.54426229509,14353.114862176833,81752.9,0.5409836065573771,397,0,4.677178841309824,1.0,3643.0,1
298,0,52,6543.70576923077,7649.1199141947545,39680.0,28743.403846153848,10479.30614749498,30399.100000000002,0.4230769230769231,394,0,4.0174619289340106,0.0,0.0,0
1717,0,52,2885.575,3050.2017884308993,11700.0,17906.63653846154,6038.490412899399,23916.300000000003,0.4807692307692308,394,0,4.0174619289340106,1.0,2500.0,0
1960,0,56,1189.1928571428573,1424.7108640457086,4350.0,15132.360714285713,4097.250909426002,19961.2,0.5178571428571429,392,0,4.348571428571429,2.0,2150.0,0
1049,0,69,1481.1072463768114,1721.9096925249664,8600.0,29340.55072463768,7098.718255341082,35298.8,0.5217391304347826,392,0,5.358061224489796,2.0,2499.0,0
2918,0,70,12705.597142857143,13987.06446393426,63800.0,38277.77,23766.024800983676,159373.8,0.4857142857142857,391,0,5.449616368286446,2.0,18484.2,0
4140,0,55,10323.181818181818,12008.14212755617,47840.0,35512.9,15144.138633074439,49021.4,0.509090909090909,391,0,4.281841432225065,0.0,0.0,0
21,0,62,4813.424193548387,5074.629402884333,28000.0,35286.209677419356,12203.110072365382,53230.7,0.45161290322580644,390,0,4.8391794871794875,1.0,6276.0,0
1650,0,71,6762.961971830986,6938.6088181249825,23726.0,34593.012676056336,11027.274491782757,148454.7,0.49295774647887325,390,0,5.541641025641026,2.0,12749.0,0
800,0,70,1973.6100000000001,2277.818603951431,13200.0,26059.005714285715,7258.204394686011,32143.1,0.5142857142857142,390,0,5.463589743589743,2.0,2502.0,0
3415,0,60,3400.6316666666667,3739.0756888949586,20300.0,30579.221666666668,7483.436388657414,28585.5,0.4666666666666667,390,0,4.683076923076923,1.0,4178.0,0
3722,0,63,5331.400000000001,5758.1543922930605,21120.0,30131.87777777778,10903.43984039196,27156.6,0.5396825396825397,389,0,4.92987146529563,1.0,8123.0,0
736,0,47,1792.595744680851,2039.7015769531033,9450.0,17893.4,5363.905751287549,23074.4,0.425531914893617,389,0,3.677840616966581,1.0,2119.0,0
2787,0,61,8867.66393442623,9266.211349629952,29704.0,39225.74098360656,13793.619904366138,39685.9,0.5573770491803278,389,0,4.7733676092545,1.0,8356.0,0
673,0,60,6861.6033333333335,7527.69423197822,30880.0,37460.11333333333,10727.619008649332,40046.6,0.5166666666666667,388,0,4.707216494845361,1.0,4586.0,1
3406,0,56,2509.9785714285713,2629.021381338019,10500.0,21633.95892857143,5283.235631548559,21965.2,0.5178571428571429,388,0,4.39340206185567,1.0,2820.0,0
2796,0,77,14803.997402597402,18183.78230970761,60954.0,73430.53766233767,20261.054460713785,87293.79999999999,0.6233766233766234,388,0,6.040927835051547,2.0,8672.0,1
2775,0,59,14077.257627118643,15022.720848678227,51832.0,53138.19322033898,21045.02719667805,166297.8,0.4915254237288136,388,0,4.628762886597938,2.0,12146.5,0
276,1,65,11168.132307692307,12204.74515492217,40234.0,50293.42153846154,16617.6853340847,92562.0,0.5692307692307692,388,0,5.099484536082475,2.0,9682.5,1
315,0,11,3400.0,3966.106403010388,11700.0,17081.81818181818,6987.534355095248,15000.0,0.36363636363636365,388,28,0.8629896907216495,1.0,3509.0,0
1072,0,58,5497.96724137931,5961.961102540529,20347.5,32356.28448275862,10433.68778756349,44517.7,0.5172413793103449,387,0,4.562067183462533,1.0,3520.0,0
1156,0,49,10136.502040816325,10261.115615486005,29774.0,61589.922448979596,16780.434159017168,86455.0,0.4489795918367347,387,0,3.8541602067183467,0.0,0.0,1
3836,0,77,7943.662337662337,9934.38216792727,34789.5,56085.97402597403,12719.674660762052,67686.4,0.6493506493506493,387,0,6.0565374677002595,3.0,8995.0,0
3013,0,55,1957.1909090909091,1930.6405331519272,4714.0,16231.501818181818,3824.7371094112787,17899.9,0.509090909090909,387,0,4.326098191214471,1.0,3064.0,0
3033,0,55,967.3709090909091,1094.7744488947767,2902.0,16181.325454545455,3831.7482614297223,19297.0,0.6181818181818182,386,0,4.337305699481865,3.0,1934.0,0
3174,0,41,2398.080487804878,2200.341690422139,5900.0,23875.443902439023,6109.934770971323,26452.9,0.4878048780487805,386,0,3.2332642487046632,1.0,2859.0,0
134,0,48,4911.15625,4863.405007303679,14446.0,36312.15625,9656.2946341136,45531.1,0.4375,386,0,3.7852849740932646,0.0,0.0,1
1229,0,59,6970.149152542373,7227.025669507117,23185.5,42090.7,10742.584261664671,42635.200000000004,0.5423728813559322,386,0,4.652746113989638,1.0,5505.0,0
3209,0,57,7296.47894736842,7127.859999395149,23877.0,27373.02105263158,9499.18852007402,15510.9,0.543859649122807,386,0,4.495025906735751,1.0,5659.0,0
2820,0,54,1929.6407407407405,1927.0462801541755,5175.0,19964.466666666667,4578.511719383091,22184.2,0.5740740740740741,385,0,4.269506493506494,2.0,2967.0,0
938,1,63,2251.898412698413,2524.0787504004793,12600.0,30607.077777777777,6275.1974151042,29723.2,0.5079365079365079,383,0,5.007101827676241,2.0,3653.0,0
3501,0,71,6977.712676056338,7847.139138345345,29073.0,33185.68309859155,12710.521885452514,28763.2,0.5915492957746479,383,0,5.642924281984334,3.0,17119.0,0
3616,0,13,2669.230769230769,3339.0079902531465,12500.0,20338.46153846154,7097.480593085886,23900.0,0.3076923076923077,381,21,1.0386351706036747,0.0,0.0,0
3911,0,40,1348.3075000000001,1265.8355862752355,2920.0,14130.505,3842.2860156589336,17491.9,0.475,380,0,3.2042105263157894,1.0,1946.0,0
3992,0,53,9120.683018867925,9170.651932444727,29743.5,32321.250943396226,12116.610890261712,38823.8,0.5094339622641509,380,0,4.245578947368421,1.0,6738.0,0
579,0,62,2631.091935483871,2727.793125737203,10500.0,22485.34677419355,6905.242778360815,28289.3,0.532258064516129,380,0,4.966526315789474,2.0,3836.0,0
2892,0,13,3130.769230769231,2976.9628301857742,11700.0,22646.153846153848,10229.175218023476,37900.0,0.07692307692307693,380,20,1.0413684210526317,0.0,0.0,0
1186,0,70,2916.4928571428572,6092.114831968473,30463.0,32569.63,11970.112718456969,35162.5,0.34285714285714286,379,0,5.622163588390502,0.0,0.0,0
2440,0,68,8265.633823529412,10336.301988010333,35530.0,36016.660294117646,12263.279994882183,59518.7,0.6323529411764706,378,0,5.475978835978836,3.0,8110.0,0
2791,0,45,2530.34,2497.6239402680303,9900.0,17335.69111111111,4648.851464551718,18590.9,0.5111111111111111,377,0,3.6334217506631306,1.0,3215.0,0
3169,0,65,7144.792307692308,8158.054419067769,27619.5,24218.244615384614,13415.592876225583,20515.100000000006,0.6,377,0,5.248275862068966,2.0,7510.0,0
2049,0,65,3489.263076923077,3668.27258254691,13256.0,25295.64307692308,7117.992218841659,22003.7,0.6,377,0,5.248275862068966,2.0,5891.0,0
758,0,12,3566.6666666666665,3693.8113682539915,12600.0,20166.666666666668,7211.6488258843265,26800.0,0.3333333333333333,377,47,0.9689124668435014,0.0,0.0,0
1177,0,68,7374.2955882352935,8790.076676272874,30843.0,31171.823529411766,12824.122325653276,39485.7,0.6176470588235294,376,0,5.505106382978724,3.0,10346.0,0
246,0,46,2019.9195652173914,2032.0543384706973,7500.0,13092.726086956522,3309.4669942410696,17211.9,0.5,376,0,3.7240425531914894,1.0,1970.0,0
1171,0,54,7352.583333333333,7371.676839520353,24756.0,37380.270370370374,12080.060600554443,52627.1,0.5,376,0,4.371702127659574,1.0,7893.0,0
3187,0,52,1372.3249999999998,2145.4929975872865,11200.0,14074.123076923077,3536.054655698135,13527.3,0.34615384615384615,376,0,4.209787234042554,0.0,0.0,0
3385,0,58,2491.2603448275863,2524.3603307824237,12000.0,37732.48103448276,10227.332350051307,44424.7,0.43103448275862066,375,0,4.708053333333334,1.0,3454.0,0
703,0,55,1887.2127272727273,1920.9962404820394,9800.0,30467.187272727275,7703.790189132123,35288.299999999996,0.43636363636363634,375,0,4.464533333333334,1.0,2306.0,0
1318,1,57,6633.78245614035,7776.396211662452,29159.0,22717.736842105263,14757.95199643752,116008.79999999999,0.5087719298245614,374,0,4.639251336898396,5.0,18352.0,0
889,0,49,1968.0244897959183,1907.8530851162925,4976.0,23572.448979591838,5462.173842250693,25156.8,0.5714285714285714,374,0,3.9881283422459894,2.0,3257.0,0
4332,0,61,10791.988524590164,12358.74214300817,47226.0,48030.76557377049,25599.428441535467,149517.7,0.47540983606557374,373,0,4.978123324396783,2.0,12494.6,0
564,0,61,7644.695081967214,8390.077417470118,28474.5,33693.3737704918,9723.375677148713,32410.000000000004,0.6065573770491803,373,0,4.978123324396783,2.0,9008.0,0
3934,0,45,2994.9822222222224,2726.3644680890675,7300.0,22787.255555555555,5635.482005421927,20833.8,0.5333333333333333,373,0,3.6723860589812336,1.0,2396.0,0
1983,0,49,10656.48163265306,11706.275742820486,37600.0,48204.54489795919,16674.42061299858,78363.2,0.46938775510204084,371,0,4.020377358490567,0.0,0.0,0
727,0,11,3218.181818181818,3417.2556772410762,12300.0,21936.363636363636,8932.779268209053,32600.0,0.18181818181818182,371,41,0.902533692722372,0.0,0.0,0
3048,0,38,7261.752631578946,11183.1775948384,42507.0,44932.84210526316,19050.318665457446,75106.59999999999,0.39473684210526316,370,0,3.1262702702702705,1.0,4631.2,0
3025,0,52,2692.1923076923076,2542.4215440761986,6367.0,19007.74807692308,5316.1861452342455,15933.6,0.5576923076923077,369,0,4.289647696476965,1.0,3354.0,0
906,0,43,1531.9558139534886,1411.477580967029,3361.0,14438.846511627908,3495.9306173204427,17349.7,0.5116279069767442,369,0,3.5472086720867213,1.0,2240.0,0
845,0,56,10344.267857142857,10713.281473014651,37368.0,50627.62321428571,16298.635162915174,73258.6,0.5535714285714286,369,0,4.619620596205962,1.0,9651.0,1
124,0,70,1278.6042857142857,1676.9897765225276,10600.0,17890.78857142857,4624.413267962864,13565.9,0.5857142857142857,368,0,5.790217391304348,3.0,1993.0,0
3958,0,47,11857.782978723406,12240.273206266753,34525.5,42209.004255319145,15394.89013302166,52391.4,0.44680851063829785,368,0,3.887717391304348,0.0,0.0,0
777,0,79,15889.64683544304,15676.546885778422,59400.0,73277.63164556962,26806.19149064186,117819.3,0.5189873417721519,368,0,6.534673913043479,1.0,6412.0,0
1573,0,48,2542.40625,2447.6580552626265,9650.0,16087.116666666667,4470.423739272651,12963.1,0.5208333333333334,367,0,3.981253405994551,1.0,3638.0,0
3276,0,69,2443.7652173913043,3726.9681659030475,25280.0,32718.38260869565,9456.34192533301,42727.4,0.5217391304347826,367,0,5.7230517711171665,3.0,3668.0,0
